country_of_origin,destination_country,destination_city,year,count,gender,age_group
Bangladesh,South Africa,Johannesburg,2019,1481,Female,18-22
Kenya,Australia,Melbourne,2018,4431,Female,23-26
Turkey,UAE,Dubai,2021,1045,Female,27+
India,Japan,Kyoto,2021,6760,Female,27+
China,UAE,Dubai,2018,1657,Female,23-26
Pakistan,Canada,Vancouver,2023,3827,Male,18-22
Nepal,Japan,Tokyo,2018,1936,Female,27+
Turkey,Ireland,Galway,2018,690,Female,18-22
Turkey,Finland,Helsinki,2020,611,Male,18-22
Bangladesh,Canada,Vancouver,2023,5159,Non-binary,18-22
China,Sweden,Gothenburg,2015,2526,Female,18-22
Turkey,Italy,Milan,2023,2337,Male,23-26
Brazil,Finland,Turku,2021,656,Male,23-26
Vietnam,Italy,Milan,2017,2502,Male,23-26
Kenya,India,Bangalore,2018,822,Female,18-22
India,Singapore,Singapore,2020,4899,Female,18-22
Vietnam,Sweden,Gothenburg,2016,1138,Non-binary,23-26
India,USA,Boston,2020,15168,Male,23-26
Turkey,Finland,Helsinki,2020,612,Female,23-26
Brazil,UK,Manchester,2017,3534,Female,23-26
Kenya,Singapore,Singapore,2020,1650,Male,23-26
Vietnam,UAE,Dubai,2021,822,Female,18-22
Vietnam,India,Mumbai,2017,1066,Male,18-22
Nigeria,Italy,Florence,2024,4147,Female,18-22
Kenya,UAE,Dubai,2019,1090,Female,18-22
Vietnam,Ireland,Dublin,2020,872,Male,18-22
Vietnam,Russia,St. Petersburg,2023,2230,Female,23-26
Vietnam,Japan,Kyoto,2018,2694,Female,18-22
Pakistan,UAE,Abu Dhabi,2022,937,Female,18-22
Brazil,USA,New York,2017,5912,Female,18-22
Pakistan,Netherlands,Amsterdam,2015,1190,Female,23-26
Nigeria,France,Paris,2022,5283,Female,18-22
Nigeria,Italy,Florence,2018,2369,Female,18-22
Pakistan,South Korea,Seoul,2018,2004,Female,18-22
India,Ireland,Galway,2017,2115,Female,27+
Kenya,UAE,Abu Dhabi,2019,911,Female,23-26
Pakistan,Russia,St. Petersburg,2024,2045,Male,18-22
Brazil,USA,Los Angeles,2015,4861,Male,18-22
Nigeria,Norway,Oslo,2017,1895,Female,18-22
India,South Africa,Pretoria,2016,3397,Male,27+
Pakistan,UAE,Abu Dhabi,2022,1204,Female,23-26
Brazil,Canada,Montreal,2018,3373,Female,23-26
China,South Africa,Johannesburg,2019,2903,Female,18-22
Bangladesh,India,Delhi,2022,1036,Female,18-22
Brazil,Germany,Hamburg,2016,2443,Female,23-26
Nigeria,UK,Birmingham,2024,7761,Male,23-26
Turkey,Sweden,Uppsala,2018,1564,Female,18-22
Kenya,Canada,Montreal,2017,2461,Male,23-26
Nepal,South Africa,Cape Town,2022,1667,Female,23-26
Nigeria,Finland,Turku,2024,1064,Female,18-22
Kenya,India,Delhi,2018,1177,Male,23-26
Kenya,Russia,St. Petersburg,2023,2654,Female,23-26
Kenya,Singapore,Singapore,2015,1940,Male,18-22
Vietnam,France,Paris,2024,3084,Male,18-22
Nepal,Norway,Bergen,2022,1501,Male,18-22
Brazil,France,Lyon,2024,4612,Male,18-22
Kenya,France,Lyon,2015,3221,Male,18-22
India,UK,Manchester,2018,10357,Female,18-22
Nepal,Russia,Kazan,2019,2338,Male,18-22
Brazil,UK,London,2024,4949,Male,23-26
Nigeria,UAE,Sharjah,2022,1777,Female,23-26
Nigeria,Germany,Frankfurt,2018,4680,Male,27+
Nigeria,USA,Los Angeles,2019,8128,Female,23-26
Kenya,South Africa,Johannesburg,2016,1337,Male,23-26
Brazil,Spain,Barcelona,2020,1584,Female,23-26
Nigeria,Russia,Moscow,2019,3088,Male,18-22
Pakistan,South Africa,Cape Town,2024,1839,Female,23-26
Vietnam,South Africa,Cape Town,2022,1744,Female,18-22
Brazil,Germany,Frankfurt,2022,3629,Male,27+
China,Netherlands,Rotterdam,2022,3941,Female,18-22
Brazil,France,Paris,2016,2122,Female,18-22
Nepal,Norway,Bergen,2020,1323,Female,18-22
India,France,Marseille,2024,10158,Male,18-22
Vietnam,UAE,Dubai,2017,895,Male,18-22
Nepal,South Africa,Cape Town,2024,1957,Male,23-26
Brazil,Netherlands,Eindhoven,2015,1143,Male,18-22
Pakistan,Norway,Trondheim,2019,1379,Male,18-22
Vietnam,UK,Manchester,2018,3938,Male,23-26
Nigeria,India,Bangalore,2024,2388,Female,23-26
China,Germany,Berlin,2020,6695,Female,18-22
Turkey,Sweden,Uppsala,2024,1810,Male,23-26
Pakistan,Finland,Helsinki,2020,622,Female,27+
Turkey,Canada,Vancouver,2021,4451,Male,18-22
Nepal,Italy,Florence,2017,1725,Female,18-22
Pakistan,South Africa,Cape Town,2015,996,Male,18-22
Brazil,Singapore,Singapore,2020,1656,Female,18-22
Nepal,South Korea,Daejeon,2022,2719,Female,23-26
Turkey,Norway,Oslo,2017,1109,Male,23-26
China,India,Mumbai,2023,2639,Male,18-22
Pakistan,India,Mumbai,2024,1334,Female,18-22
Pakistan,India,Delhi,2017,1257,Female,23-26
Nepal,Italy,Rome,2023,2070,Female,27+
Pakistan,Italy,Milan,2023,2780,Male,23-26
Brazil,Germany,Hamburg,2020,3120,Female,18-22
Brazil,UK,London,2019,6280,Female,18-22
Bangladesh,Singapore,Singapore,2016,1640,Male,23-26
Bangladesh,Finland,Helsinki,2015,626,Female,23-26
Nigeria,South Africa,Johannesburg,2020,2251,Female,23-26
Brazil,South Korea,Busan,2016,1381,Female,18-22
Bangladesh,Finland,Tampere,2018,521,Female,23-26
Nigeria,Sweden,Stockholm,2016,2165,Male,23-26
India,UAE,Sharjah,2024,3047,Male,18-22
Nepal,South Africa,Johannesburg,2021,1281,Female,18-22
China,Italy,Milan,2023,5276,Female,23-26
Nepal,France,Marseille,2022,4233,Male,23-26
Brazil,Australia,Melbourne,2015,1946,Female,18-22
Kenya,South Korea,Daejeon,2024,3489,Male,23-26
Vietnam,France,Marseille,2016,2831,Female,23-26
India,Russia,Kazan,2024,4885,Female,18-22
Pakistan,Germany,Munich,2018,2747,Male,18-22
China,Finland,Tampere,2020,1408,Male,18-22
Nigeria,Australia,Melbourne,2023,6203,Female,18-22
Nepal,Sweden,Uppsala,2017,1248,Male,27+
Pakistan,Singapore,Singapore,2020,2222,Male,18-22
Brazil,Canada,Toronto,2015,2787,Male,18-22
Vietnam,Japan,Osaka,2018,1667,Female,18-22
Kenya,UAE,Dubai,2020,1173,Male,18-22
India,Canada,Toronto,2023,10636,Female,18-22
Brazil,Russia,Kazan,2015,1926,Male,27+
Kenya,Japan,Osaka,2024,3050,Male,23-26
Pakistan,India,Mumbai,2020,1026,Female,18-22
Pakistan,UAE,Sharjah,2020,775,Female,18-22
Turkey,India,Delhi,2018,856,Female,18-22
Kenya,USA,Los Angeles,2023,7883,Female,23-26
Bangladesh,Netherlands,Amsterdam,2016,1319,Female,18-22
Nepal,UK,Birmingham,2018,4811,Male,27+
Nepal,South Korea,Seoul,2018,2339,Male,23-26
Pakistan,Australia,Sydney,2021,3742,Male,18-22
India,Finland,Turku,2024,1859,Male,18-22
Brazil,Italy,Rome,2024,2553,Male,23-26
India,USA,Chicago,2019,15518,Male,18-22
Nepal,South Africa,Johannesburg,2018,1245,Male,18-22
Turkey,USA,Chicago,2015,5169,Female,23-26
Bangladesh,Singapore,Singapore,2019,1967,Male,23-26
India,USA,Chicago,2017,12821,Female,18-22
Bangladesh,France,Lyon,2015,3097,Male,18-22
India,Australia,Sydney,2017,9080,Male,23-26
Vietnam,Netherlands,Rotterdam,2022,2134,Male,18-22
Kenya,Italy,Milan,2023,2932,Male,18-22
India,India,Bangalore,2017,2415,Female,18-22
China,France,Marseille,2019,6720,Male,18-22
India,South Africa,Johannesburg,2019,3690,Male,18-22
Pakistan,UK,London,2021,4956,Male,18-22
Vietnam,Ireland,Dublin,2024,996,Female,27+
Turkey,France,Marseille,2016,3893,Female,18-22
Turkey,Italy,Milan,2024,2983,Male,23-26
Kenya,UK,Manchester,2017,2659,Male,23-26
Nepal,Norway,Trondheim,2022,1359,Male,18-22
Vietnam,Australia,Sydney,2021,4794,Female,18-22
Nigeria,South Korea,Seoul,2023,3869,Male,18-22
Turkey,Finland,Helsinki,2019,677,Male,18-22
Kenya,Italy,Milan,2022,2608,Male,18-22
Kenya,Germany,Hamburg,2020,3191,Male,18-22
Turkey,UAE,Abu Dhabi,2016,1000,Male,23-26
Nigeria,Germany,Hamburg,2019,4593,Female,18-22
Brazil,South Korea,Daejeon,2015,2107,Male,23-26
Turkey,Norway,Trondheim,2023,1302,Male,18-22
Nigeria,Singapore,Singapore,2015,2818,Female,23-26
China,Canada,Vancouver,2017,6544,Female,18-22
Brazil,Australia,Melbourne,2017,2961,Female,23-26
China,Russia,Kazan,2019,4047,Female,18-22
Turkey,Canada,Toronto,2020,4673,Male,18-22
Kenya,Singapore,Singapore,2019,2816,Male,18-22
Pakistan,Canada,Vancouver,2016,3997,Female,23-26
Pakistan,Australia,Melbourne,2020,3880,Female,27+
Nepal,India,Mumbai,2024,1474,Non-binary,18-22
China,Norway,Bergen,2015,2218,Female,18-22
Bangladesh,UAE,Abu Dhabi,2021,907,Female,18-22
Vietnam,Canada,Vancouver,2019,3599,Female,23-26
Vietnam,Ireland,Dublin,2016,797,Male,18-22
Nigeria,Japan,Kyoto,2018,4136,Male,23-26
Brazil,Canada,Montreal,2021,3924,Male,23-26
Nepal,Singapore,Singapore,2022,2194,Female,23-26
India,Spain,Barcelona,2015,5492,Male,18-22
Nepal,South Africa,Cape Town,2020,1483,Female,18-22
Vietnam,Russia,Moscow,2018,1473,Male,18-22
China,Finland,Tampere,2022,1394,Male,18-22
Nigeria,India,Delhi,2024,2076,Female,18-22
Nepal,UAE,Abu Dhabi,2024,953,Female,18-22
India,Germany,Frankfurt,2019,7352,Female,18-22
China,UK,Birmingham,2022,8340,Female,18-22
China,South Africa,Johannesburg,2023,3232,Female,18-22
Vietnam,Sweden,Uppsala,2017,1385,Male,18-22
Pakistan,India,Bangalore,2015,893,Male,18-22
Nepal,Spain,Barcelona,2024,2873,Male,18-22
Turkey,Japan,Tokyo,2020,2214,Female,18-22
Brazil,Canada,Montreal,2021,3713,Male,27+
China,USA,Boston,2018,11473,Female,23-26
Nepal,Finland,Helsinki,2017,589,Female,23-26
Pakistan,South Korea,Seoul,2024,3188,Non-binary,18-22
Bangladesh,UAE,Abu Dhabi,2015,700,Female,23-26
Nigeria,USA,Chicago,2020,8353,Female,23-26
Turkey,France,Paris,2017,2427,Female,27+
India,Ireland,Cork,2020,2192,Male,18-22
Nepal,Australia,Brisbane,2020,3964,Female,18-22
China,UK,Manchester,2017,7982,Non-binary,27+
Turkey,South Korea,Daejeon,2018,2688,Male,18-22
India,Sweden,Gothenburg,2019,3667,Female,27+
China,South Korea,Busan,2020,5507,Female,18-22
Brazil,Italy,Rome,2018,1536,Non-binary,23-26
Turkey,Spain,Valencia,2019,2445,Male,23-26
Bangladesh,Spain,Valencia,2019,2751,Male,23-26
India,Germany,Hamburg,2018,7780,Female,18-22
China,South Africa,Johannesburg,2016,2410,Female,23-26
Kenya,Netherlands,Rotterdam,2021,1397,Female,18-22
Bangladesh,Italy,Florence,2020,1954,Male,23-26
China,Netherlands,Eindhoven,2019,3386,Female,18-22
Pakistan,South Korea,Daejeon,2022,2849,Female,18-22
Bangladesh,France,Marseille,2016,2233,Female,27+
India,Spain,Barcelona,2024,7112,Male,18-22
Pakistan,UK,London,2022,4653,Non-binary,18-22
China,Ireland,Dublin,2017,1534,Male,23-26
Pakistan,Singapore,Singapore,2018,1770,Female,18-22
Pakistan,Netherlands,Eindhoven,2022,2150,Female,23-26
Nigeria,Japan,Kyoto,2020,3649,Male,18-22
Nepal,Italy,Florence,2019,2554,Male,18-22
Nepal,France,Marseille,2021,4191,Male,18-22
Nigeria,Sweden,Stockholm,2017,2309,Female,23-26
China,Spain,Valencia,2023,4948,Male,18-22
Turkey,South Korea,Daejeon,2022,2524,Male,23-26
Vietnam,Japan,Osaka,2016,2573,Female,18-22
Brazil,Germany,Frankfurt,2019,2516,Female,27+
Turkey,UK,London,2015,3954,Non-binary,23-26
China,USA,Boston,2015,11441,Male,18-22
Vietnam,Russia,Moscow,2020,1638,Female,18-22
Kenya,South Africa,Pretoria,2023,1856,Male,23-26
Vietnam,Sweden,Gothenburg,2018,1428,Female,18-22
Nepal,Canada,Montreal,2015,2302,Female,23-26
Bangladesh,India,Bangalore,2022,1136,Female,18-22
Vietnam,Canada,Montreal,2024,3969,Female,18-22
Nepal,UK,London,2016,3876,Male,18-22
Brazil,Germany,Berlin,2020,1998,Female,18-22
Nepal,Spain,Madrid,2017,2175,Male,23-26
Bangladesh,India,Bangalore,2019,1455,Male,18-22
Nepal,Australia,Melbourne,2020,3882,Male,23-26
Kenya,Australia,Melbourne,2019,4950,Male,18-22
China,Germany,Munich,2024,6708,Female,18-22
India,UAE,Dubai,2023,2856,Female,18-22
Turkey,Germany,Frankfurt,2018,3855,Male,27+
India,Japan,Kyoto,2015,5813,Female,18-22
Nepal,Germany,Hamburg,2015,2785,Female,18-22
Turkey,Canada,Vancouver,2015,2674,Male,18-22
Turkey,South Korea,Seoul,2023,2666,Female,18-22
India,Sweden,Uppsala,2024,4613,Female,18-22
Pakistan,South Korea,Busan,2022,3016,Male,18-22
China,UK,Birmingham,2018,8685,Female,18-22
China,Spain,Barcelona,2023,5355,Male,18-22
Turkey,Japan,Tokyo,2018,2521,Male,27+
Kenya,Russia,St. Petersburg,2024,2402,Male,18-22
Pakistan,Japan,Kyoto,2018,2651,Male,18-22
Kenya,France,Paris,2023,4285,Male,18-22
Nigeria,South Africa,Cape Town,2019,1896,Male,18-22
Kenya,South Africa,Pretoria,2018,1209,Female,18-22
Vietnam,UK,Manchester,2017,3266,Male,23-26
Turkey,Spain,Madrid,2020,2191,Female,23-26
Vietnam,UK,Manchester,2022,3086,Male,18-22
Nigeria,Norway,Bergen,2023,2476,Male,23-26
Pakistan,UK,Manchester,2022,3541,Male,23-26
China,Ireland,Galway,2015,1481,Female,18-22
Pakistan,Germany,Munich,2016,2953,Male,18-22
Brazil,UK,Birmingham,2022,4457,Female,23-26
Brazil,UAE,Dubai,2020,778,Female,18-22
Nepal,Canada,Toronto,2018,3096,Female,23-26
Kenya,Australia,Sydney,2015,2130,Male,23-26
India,South Africa,Cape Town,2019,3732,Male,18-22
Nigeria,USA,Chicago,2016,7627,Male,18-22
Pakistan,Australia,Melbourne,2017,3609,Male,18-22
Bangladesh,India,Bangalore,2023,1419,Male,18-22
Nepal,Netherlands,Rotterdam,2017,1611,Female,23-26
Pakistan,South Africa,Cape Town,2024,1782,Male,23-26
China,Russia,St. Petersburg,2015,3447,Male,23-26
China,UAE,Abu Dhabi,2020,1769,Male,27+
Nepal,France,Lyon,2018,4249,Female,27+
China,Finland,Turku,2016,1080,Female,18-22
Pakistan,Netherlands,Eindhoven,2019,1961,Female,23-26
Pakistan,Singapore,Singapore,2019,2302,Non-binary,18-22
Bangladesh,USA,Chicago,2018,5459,Male,18-22
Pakistan,Italy,Milan,2021,2279,Female,18-22
Turkey,Russia,Kazan,2022,2452,Male,18-22
Vietnam,UK,Birmingham,2017,4005,Female,23-26
Nigeria,UK,Birmingham,2017,4975,Female,18-22
Turkey,Russia,St. Petersburg,2015,1653,Male,18-22
Vietnam,Russia,Moscow,2015,1570,Male,23-26
Bangladesh,Netherlands,Rotterdam,2021,2210,Female,23-26
Brazil,Germany,Munich,2023,4648,Female,23-26
Turkey,UK,Manchester,2019,4084,Non-binary,18-22
Turkey,Germany,Munich,2022,3510,Female,23-26
Turkey,Japan,Tokyo,2021,2147,Male,18-22
Vietnam,South Korea,Seoul,2020,2216,Male,18-22
India,USA,New York,2024,19043,Female,18-22
Brazil,Finland,Turku,2019,668,Female,18-22
Kenya,Italy,Rome,2023,2992,Female,27+
India,Russia,Kazan,2015,3830,Female,18-22
Bangladesh,France,Paris,2019,2977,Non-binary,23-26
Turkey,UAE,Abu Dhabi,2024,1295,Female,18-22
Brazil,Russia,Moscow,2015,1614,Male,18-22
Nigeria,South Africa,Cape Town,2022,2451,Female,23-26
Turkey,Australia,Sydney,2015,2610,Male,23-26
China,Singapore,Singapore,2021,4165,Female,18-22
Nigeria,Sweden,Stockholm,2015,1694,Male,23-26
Nepal,USA,Los Angeles,2023,4713,Male,23-26
Turkey,India,Bangalore,2024,1494,Female,18-22
India,Singapore,Singapore,2024,5567,Female,18-22
China,UAE,Dubai,2021,1924,Male,18-22
Nigeria,Russia,Kazan,2022,2625,Male,18-22
Brazil,Netherlands,Amsterdam,2024,2418,Female,23-26
Nigeria,South Africa,Pretoria,2024,2629,Female,18-22
Bangladesh,Russia,St. Petersburg,2015,2015,Male,23-26
Vietnam,Japan,Tokyo,2017,2424,Female,18-22
China,Italy,Milan,2015,2675,Female,18-22
China,Australia,Sydney,2015,6418,Female,23-26
Nepal,Singapore,Singapore,2017,1921,Female,18-22
China,USA,Chicago,2020,11274,Male,18-22
Bangladesh,Russia,Kazan,2021,1609,Female,18-22
Nigeria,UK,London,2019,6306,Female,18-22
Turkey,UK,Manchester,2021,4459,Female,27+
India,Germany,Hamburg,2023,8655,Female,18-22
Turkey,Russia,St. Petersburg,2016,1686,Male,18-22
Pakistan,Netherlands,Rotterdam,2017,2319,Male,18-22
Brazil,UK,Manchester,2024,3946,Male,18-22
Bangladesh,Ireland,Dublin,2020,877,Male,18-22
Vietnam,Finland,Turku,2021,516,Male,23-26
Nigeria,Spain,Valencia,2024,3868,Female,23-26
Pakistan,Finland,Helsinki,2024,755,Male,18-22
Brazil,Canada,Montreal,2024,5159,Female,18-22
Turkey,Spain,Barcelona,2019,2389,Female,23-26
Kenya,France,Marseille,2018,3027,Male,18-22
Nepal,India,Mumbai,2024,1382,Male,18-22
Nigeria,South Korea,Daejeon,2024,4264,Female,23-26
Nigeria,Italy,Rome,2020,3565,Female,23-26
India,Ireland,Dublin,2024,2758,Male,23-26
Vietnam,Australia,Melbourne,2016,3453,Male,18-22
Pakistan,South Africa,Pretoria,2019,1521,Male,18-22
Brazil,Italy,Florence,2015,1959,Female,23-26
China,India,Mumbai,2016,2217,Male,18-22
Pakistan,South Africa,Pretoria,2021,1733,Female,18-22
Vietnam,Ireland,Cork,2022,849,Female,18-22
Turkey,Netherlands,Rotterdam,2017,1594,Male,23-26
Nepal,Russia,Kazan,2023,2013,Male,18-22
Nigeria,South Africa,Cape Town,2022,2729,Male,18-22
Bangladesh,Ireland,Dublin,2023,816,Female,18-22
India,Norway,Bergen,2017,2923,Female,18-22
Vietnam,Japan,Kyoto,2024,3019,Male,23-26
Turkey,USA,Los Angeles,2020,5491,Male,18-22
Nepal,Finland,Turku,2023,649,Male,23-26
Turkey,South Korea,Busan,2024,3037,Female,18-22
Bangladesh,Canada,Vancouver,2017,3362,Female,18-22
Vietnam,Spain,Valencia,2019,2586,Female,23-26
Nepal,Ireland,Cork,2023,1127,Male,18-22
Turkey,Ireland,Cork,2021,717,Male,18-22
Bangladesh,France,Lyon,2021,2910,Female,23-26
China,UAE,Abu Dhabi,2023,2364,Male,23-26
Kenya,South Africa,Johannesburg,2017,1049,Male,23-26
Vietnam,South Africa,Pretoria,2015,1213,Male,18-22
China,Japan,Kyoto,2015,4680,Female,18-22
Brazil,UAE,Sharjah,2015,1044,Male,18-22
Bangladesh,Russia,Kazan,2018,1991,Female,18-22
Pakistan,UAE,Sharjah,2021,1055,Male,23-26
Nigeria,Sweden,Stockholm,2021,2381,Female,18-22
Bangladesh,UAE,Sharjah,2018,761,Male,18-22
China,UK,Birmingham,2020,9566,Male,18-22
Turkey,India,Bangalore,2024,1412,Female,23-26
Nepal,Sweden,Gothenburg,2018,1374,Male,18-22
Brazil,Spain,Madrid,2019,2278,Female,18-22
China,USA,New York,2015,9101,Female,18-22
Bangladesh,Russia,St. Petersburg,2018,1722,Male,18-22
Brazil,Sweden,Stockholm,2019,2303,Female,18-22
Turkey,Canada,Montreal,2018,3372,Female,18-22
Nepal,Germany,Hamburg,2015,2150,Male,18-22
Vietnam,Canada,Vancouver,2017,3062,Female,23-26
Bangladesh,Canada,Toronto,2015,2580,Male,18-22
Kenya,Japan,Osaka,2020,1727,Female,23-26
Nigeria,Finland,Tampere,2024,1089,Male,18-22
India,Germany,Frankfurt,2022,8132,Female,23-26
Pakistan,Spain,Madrid,2023,2658,Female,18-22
Nepal,South Africa,Cape Town,2022,1860,Male,18-22
Brazil,Singapore,Singapore,2018,1707,Male,18-22
Pakistan,India,Delhi,2017,1198,Female,27+
Brazil,UK,Birmingham,2016,4048,Male,23-26
India,Singapore,Singapore,2015,3886,Female,23-26
Turkey,Germany,Munich,2017,2445,Male,23-26
Brazil,UK,London,2017,2645,Male,23-26
Brazil,UK,Birmingham,2023,6670,Female,18-22
China,Finland,Tampere,2022,1328,Female,18-22
Turkey,Germany,Berlin,2020,3951,Male,27+
Pakistan,Canada,Montreal,2017,3248,Male,23-26
India,South Africa,Cape Town,2019,3510,Female,27+
Vietnam,India,Bangalore,2018,945,Male,18-22
Kenya,Canada,Montreal,2024,5625,Male,23-26
Pakistan,France,Lyon,2019,3502,Male,23-26
Nepal,Canada,Vancouver,2022,3492,Male,18-22
Vietnam,Netherlands,Amsterdam,2020,1665,Female,18-22
Kenya,USA,New York,2016,3483,Male,23-26
Pakistan,Netherlands,Amsterdam,2022,2451,Male,23-26
Bangladesh,Spain,Barcelona,2019,1881,Non-binary,23-26
Turkey,Australia,Sydney,2015,3305,Female,18-22
Brazil,Australia,Brisbane,2019,4914,Female,23-26
India,Finland,Turku,2020,1646,Male,23-26
India,India,Mumbai,2023,3424,Male,23-26
Bangladesh,Norway,Trondheim,2017,1141,Female,18-22
Pakistan,Ireland,Cork,2020,855,Male,18-22
Brazil,Italy,Milan,2024,2076,Female,27+
India,Spain,Madrid,2021,6716,Male,18-22
Brazil,Finland,Turku,2019,647,Female,23-26
Vietnam,UK,London,2015,4160,Male,18-22
Bangladesh,Ireland,Dublin,2017,991,Male,18-22
India,France,Lyon,2022,9341,Female,23-26
Turkey,Russia,St. Petersburg,2021,1619,Female,23-26
Turkey,UAE,Abu Dhabi,2015,1085,Male,18-22
China,Finland,Helsinki,2024,1367,Female,23-26
Pakistan,UAE,Sharjah,2015,640,Female,23-26
Brazil,Canada,Toronto,2020,2476,Female,18-22
China,India,Bangalore,2024,2734,Female,18-22
Nigeria,Canada,Vancouver,2018,4570,Female,27+
Turkey,Singapore,Singapore,2017,1486,Male,18-22
Vietnam,India,Delhi,2023,1348,Male,23-26
Nepal,South Korea,Busan,2017,2284,Male,18-22
China,South Africa,Pretoria,2020,2756,Male,18-22
Brazil,Italy,Florence,2021,1963,Male,23-26
Pakistan,Russia,Moscow,2023,1768,Female,18-22
Nigeria,South Korea,Busan,2023,4775,Male,27+
Kenya,Canada,Vancouver,2016,3531,Male,18-22
Nepal,Singapore,Singapore,2017,1687,Female,18-22
Nigeria,UAE,Sharjah,2016,1273,Male,18-22
Vietnam,Germany,Berlin,2018,2948,Male,18-22
Turkey,India,Bangalore,2019,1131,Female,18-22
Nigeria,Finland,Turku,2021,913,Male,18-22
Pakistan,Russia,Moscow,2022,1960,Male,18-22
Nepal,UK,London,2016,3959,Female,23-26
China,Finland,Tampere,2024,1383,Male,18-22
Pakistan,Norway,Trondheim,2021,1386,Female,18-22
Brazil,Italy,Florence,2024,2883,Female,23-26
Kenya,USA,New York,2022,7360,Male,18-22
China,Japan,Kyoto,2024,6226,Female,18-22
India,Australia,Sydney,2015,8043,Male,18-22
Kenya,UK,London,2016,3037,Non-binary,23-26
Pakistan,Germany,Frankfurt,2015,2452,Female,18-22
Bangladesh,South Africa,Cape Town,2018,1277,Female,18-22
India,Japan,Tokyo,2022,6932,Non-binary,23-26
Nigeria,Germany,Berlin,2016,4535,Male,18-22
Pakistan,Germany,Hamburg,2023,3006,Female,18-22
Turkey,Ireland,Galway,2019,692,Female,18-22
Pakistan,Italy,Florence,2020,2337,Male,18-22
Pakistan,Canada,Toronto,2017,3577,Male,23-26
Kenya,Australia,Sydney,2021,4455,Female,27+
Turkey,Japan,Kyoto,2015,2086,Female,27+
Nigeria,Japan,Kyoto,2021,4685,Male,23-26
China,France,Lyon,2016,6526,Female,18-22
China,Singapore,Singapore,2023,4105,Female,18-22
Nigeria,Japan,Kyoto,2023,5063,Male,18-22
Turkey,Australia,Melbourne,2018,4230,Female,23-26
Nigeria,Norway,Bergen,2020,2138,Male,27+
Brazil,Netherlands,Rotterdam,2021,1775,Female,18-22
Brazil,USA,Boston,2019,5485,Male,18-22
Pakistan,Spain,Valencia,2021,2883,Male,18-22
Turkey,Finland,Helsinki,2021,598,Male,23-26
Turkey,Finland,Helsinki,2019,561,Female,23-26
Nepal,Norway,Bergen,2023,1425,Male,18-22
China,South Africa,Johannesburg,2022,3400,Female,23-26
Pakistan,Norway,Trondheim,2022,1583,Male,23-26
China,Singapore,Singapore,2021,4403,Male,23-26
Brazil,Norway,Bergen,2023,1706,Female,23-26
Nepal,India,Mumbai,2019,1091,Female,27+
Nigeria,Sweden,Gothenburg,2024,2640,Female,18-22
China,Italy,Rome,2018,3931,Male,18-22
Nigeria,UK,Birmingham,2016,5721,Female,23-26
Pakistan,Ireland,Galway,2021,850,Male,23-26
China,India,Bangalore,2018,2165,Female,18-22
Vietnam,France,Marseille,2024,4627,Male,23-26
Turkey,Germany,Munich,2021,3286,Male,23-26
Pakistan,India,Mumbai,2023,1591,Male,18-22
Brazil,Japan,Osaka,2015,2139,Female,18-22
Pakistan,Japan,Tokyo,2022,3664,Non-binary,18-22
Nigeria,Canada,Montreal,2017,4250,Male,23-26
China,USA,Los Angeles,2020,13296,Male,18-22
Nepal,Japan,Kyoto,2024,2480,Male,18-22
Brazil,Australia,Sydney,2023,3460,Female,18-22
China,UK,Birmingham,2021,9913,Female,23-26
Kenya,Canada,Montreal,2022,4514,Male,23-26
Nepal,Canada,Montreal,2016,2785,Female,27+
Turkey,India,Bangalore,2020,1274,Female,27+
Nepal,Sweden,Stockholm,2024,1877,Male,18-22
India,Japan,Kyoto,2017,6322,Male,23-26
Kenya,Sweden,Gothenburg,2021,1810,Female,23-26
Nigeria,USA,New York,2015,8938,Female,18-22
Pakistan,South Africa,Pretoria,2022,2203,Male,18-22
Nepal,Italy,Florence,2022,2817,Female,18-22
India,Singapore,Singapore,2020,5405,Male,18-22
Vietnam,UAE,Sharjah,2024,736,Male,18-22
Brazil,Italy,Rome,2021,2326,Female,23-26
Brazil,Spain,Madrid,2015,1774,Female,18-22
India,Singapore,Singapore,2020,4641,Male,27+
Bangladesh,France,Marseille,2015,2434,Female,23-26
Kenya,UAE,Abu Dhabi,2019,772,Male,18-22
Turkey,Russia,Kazan,2018,1877,Male,18-22
Nepal,Sweden,Gothenburg,2019,1705,Female,18-22
Brazil,France,Marseille,2023,2881,Male,18-22
Kenya,Spain,Madrid,2016,2610,Female,23-26
Bangladesh,Ireland,Cork,2021,845,Male,18-22
Kenya,Germany,Frankfurt,2018,3089,Female,18-22
Nigeria,Ireland,Galway,2019,1180,Male,23-26
Kenya,India,Delhi,2021,795,Female,23-26
Pakistan,Canada,Toronto,2024,4075,Male,23-26
Vietnam,UK,Manchester,2016,2741,Female,18-22
Nepal,Netherlands,Rotterdam,2020,2109,Female,23-26
Pakistan,Russia,St. Petersburg,2021,2107,Male,18-22
Nigeria,Canada,Vancouver,2018,5389,Male,23-26
Vietnam,Australia,Melbourne,2023,4779,Male,23-26
Bangladesh,Finland,Helsinki,2015,346,Male,18-22
China,Norway,Bergen,2018,2588,Female,23-26
Pakistan,Netherlands,Eindhoven,2022,2617,Female,18-22
Turkey,South Korea,Busan,2021,2667,Male,18-22
Brazil,Finland,Turku,2024,738,Non-binary,18-22
China,South Korea,Daejeon,2016,4346,Male,23-26
India,UK,Manchester,2018,11219,Female,18-22
Brazil,USA,New York,2022,6814,Male,23-26
China,Russia,Kazan,2019,4360,Female,23-26
India,Singapore,Singapore,2023,6193,Female,18-22
Turkey,Sweden,Uppsala,2022,1805,Female,18-22
Vietnam,UK,London,2019,4379,Female,18-22
Nepal,India,Bangalore,2016,1420,Male,23-26
Kenya,Spain,Madrid,2016,2681,Male,23-26
Turkey,Spain,Madrid,2018,2112,Female,18-22
Pakistan,Sweden,Gothenburg,2021,1917,Male,18-22
Bangladesh,South Korea,Busan,2017,2056,Male,27+
China,Netherlands,Eindhoven,2024,4154,Female,18-22
Nepal,South Korea,Busan,2021,3258,Male,18-22
China,Australia,Melbourne,2021,7570,Male,18-22
Nigeria,Ireland,Dublin,2016,1117,Female,18-22
Pakistan,Sweden,Uppsala,2020,1681,Female,18-22
China,Norway,Bergen,2017,2452,Female,23-26
Nigeria,Singapore,Singapore,2024,3646,Male,18-22
Nigeria,USA,Chicago,2015,7391,Male,18-22
Pakistan,UK,Birmingham,2023,4018,Male,18-22
Vietnam,UAE,Sharjah,2017,863,Female,23-26
Nigeria,USA,Chicago,2016,8514,Male,18-22
Pakistan,Ireland,Galway,2019,621,Female,23-26
Nigeria,South Korea,Daejeon,2023,3553,Male,18-22
Kenya,Norway,Oslo,2020,1217,Male,18-22
Bangladesh,Japan,Kyoto,2015,1663,Female,18-22
Kenya,South Africa,Pretoria,2022,1382,Male,18-22
Pakistan,UAE,Dubai,2020,1149,Male,18-22
Nepal,Sweden,Uppsala,2021,2067,Female,27+
Brazil,Sweden,Uppsala,2019,1659,Female,18-22
Bangladesh,UK,Birmingham,2020,4394,Male,18-22
Vietnam,Norway,Bergen,2017,1330,Male,23-26
Pakistan,Australia,Melbourne,2018,3796,Male,18-22
India,France,Marseille,2021,8438,Male,18-22
China,Netherlands,Amsterdam,2022,4601,Male,18-22
India,South Africa,Cape Town,2024,3957,Female,18-22
Brazil,Australia,Melbourne,2023,3335,Female,18-22
Nepal,Norway,Bergen,2016,1091,Female,23-26
China,Finland,Tampere,2016,961,Female,27+
Turkey,Finland,Turku,2019,590,Female,18-22
India,France,Lyon,2024,9769,Female,18-22
China,Ireland,Dublin,2023,1982,Female,27+
Nepal,Germany,Frankfurt,2024,3749,Female,23-26
Nigeria,Ireland,Dublin,2015,1171,Female,18-22
Pakistan,South Korea,Daejeon,2016,1492,Male,23-26
Vietnam,Ireland,Dublin,2017,596,Male,18-22
Vietnam,UAE,Dubai,2023,1321,Male,18-22
Bangladesh,UAE,Sharjah,2018,683,Male,23-26
Kenya,Spain,Valencia,2020,2307,Female,23-26
Vietnam,Ireland,Cork,2015,675,Male,18-22
India,UAE,Abu Dhabi,2019,2331,Male,18-22
Nepal,Canada,Toronto,2015,2939,Female,18-22
China,Ireland,Dublin,2019,1756,Female,18-22
Vietnam,Japan,Osaka,2020,2115,Male,18-22
China,Sweden,Uppsala,2016,2599,Male,18-22
Turkey,Netherlands,Rotterdam,2016,1430,Female,18-22
Brazil,UK,Manchester,2021,5531,Male,23-26
Vietnam,Spain,Madrid,2016,2564,Female,18-22
Pakistan,South Africa,Pretoria,2018,1681,Female,18-22
India,Canada,Montreal,2021,10004,Male,18-22
China,South Korea,Busan,2020,5519,Male,23-26
Brazil,India,Delhi,2021,1315,Male,18-22
Turkey,Finland,Helsinki,2023,822,Female,18-22
Turkey,Finland,Helsinki,2020,586,Female,23-26
Nigeria,Spain,Barcelona,2024,3475,Non-binary,23-26
Nepal,Singapore,Singapore,2024,2582,Female,18-22
Bangladesh,South Africa,Johannesburg,2017,1567,Female,23-26
Brazil,Finland,Helsinki,2016,360,Male,18-22
Pakistan,Germany,Munich,2023,2935,Female,18-22
Bangladesh,Netherlands,Amsterdam,2023,2531,Female,18-22
Kenya,Sweden,Uppsala,2021,2019,Female,23-26
India,Netherlands,Rotterdam,2017,3825,Male,23-26
India,Australia,Sydney,2021,10418,Male,18-22
Pakistan,Finland,Tampere,2019,508,Female,18-22
China,Netherlands,Eindhoven,2016,3534,Female,18-22
Pakistan,Germany,Frankfurt,2015,2288,Male,23-26
Nepal,Singapore,Singapore,2017,2531,Female,23-26
Brazil,Italy,Milan,2019,2480,Female,18-22
Brazil,France,Lyon,2023,3300,Female,18-22
Bangladesh,Japan,Tokyo,2019,2123,Female,18-22
India,Italy,Florence,2022,6068,Female,18-22
Brazil,Spain,Madrid,2021,2905,Female,18-22
Pakistan,Norway,Bergen,2023,1349,Female,23-26
Nepal,Ireland,Cork,2020,964,Female,18-22
Turkey,India,Delhi,2019,1198,Female,23-26
Pakistan,Italy,Milan,2024,1810,Female,18-22
Bangladesh,Finland,Turku,2017,479,Male,23-26
Bangladesh,Italy,Rome,2016,2011,Male,18-22
Nigeria,Spain,Madrid,2021,3677,Female,23-26
China,Singapore,Singapore,2020,4198,Male,18-22
Kenya,Netherlands,Rotterdam,2024,2661,Female,18-22
Turkey,UK,London,2020,5393,Female,18-22
Pakistan,UK,London,2019,3609,Female,18-22
Nigeria,Finland,Tampere,2017,754,Female,23-26
Bangladesh,Norway,Bergen,2018,1046,Female,23-26
Pakistan,Netherlands,Amsterdam,2021,1907,Male,18-22
Nepal,UAE,Sharjah,2019,963,Female,18-22
India,Germany,Frankfurt,2017,7541,Male,23-26
Turkey,South Africa,Cape Town,2017,1517,Female,23-26
Vietnam,France,Lyon,2019,2783,Male,18-22
Nepal,Russia,Kazan,2019,1786,Female,18-22
Pakistan,Australia,Melbourne,2016,3969,Male,18-22
Turkey,Netherlands,Amsterdam,2017,1340,Male,23-26
Kenya,Ireland,Cork,2018,771,Male,23-26
Kenya,Russia,Kazan,2022,1967,Male,18-22
Turkey,Netherlands,Rotterdam,2016,1795,Female,23-26
Brazil,UK,London,2016,4971,Female,18-22
India,Russia,St. Petersburg,2016,3819,Female,18-22
Kenya,South Africa,Cape Town,2019,1365,Female,18-22
Pakistan,USA,Chicago,2016,4554,Male,23-26
Turkey,Singapore,Singapore,2016,1786,Male,23-26
Vietnam,India,Bangalore,2020,1288,Female,23-26
Brazil,Germany,Hamburg,2024,3205,Female,18-22
India,Australia,Brisbane,2019,9153,Male,18-22
Brazil,Japan,Osaka,2021,2836,Male,18-22
Nepal,USA,Boston,2019,6411,Female,23-26
Brazil,UK,Birmingham,2018,5883,Female,18-22
China,Ireland,Dublin,2017,1615,Female,27+
Brazil,Canada,Vancouver,2016,1199,Male,18-22
Nepal,Spain,Madrid,2019,1839,Male,18-22
India,USA,New York,2023,19076,Female,18-22
Turkey,Finland,Tampere,2021,638,Male,18-22
India,Finland,Tampere,2019,1347,Male,18-22
Vietnam,Canada,Montreal,2022,3689,Male,18-22
Pakistan,Russia,Kazan,2021,2091,Female,18-22
Vietnam,USA,Los Angeles,2018,6336,Female,23-26
Pakistan,South Africa,Johannesburg,2024,1683,Female,18-22
India,Germany,Munich,2021,8431,Female,23-26
China,Sweden,Stockholm,2016,2636,Male,18-22
Brazil,South Africa,Cape Town,2021,1473,Male,18-22
Turkey,Australia,Melbourne,2019,3871,Male,23-26
China,USA,New York,2020,12987,Male,18-22
Turkey,Netherlands,Eindhoven,2016,1583,Female,18-22
Turkey,UAE,Dubai,2017,929,Male,23-26
Turkey,France,Lyon,2018,2319,Male,18-22
Turkey,Netherlands,Eindhoven,2017,1840,Female,18-22
Bangladesh,Ireland,Cork,2019,1119,Female,18-22
Pakistan,Germany,Munich,2015,2511,Male,18-22
Kenya,Ireland,Galway,2022,1178,Male,18-22
Nigeria,Italy,Rome,2018,2725,Female,18-22
Kenya,UAE,Dubai,2020,1173,Female,18-22
Vietnam,Canada,Vancouver,2020,3552,Male,18-22
Pakistan,Finland,Helsinki,2017,645,Female,27+
China,Norway,Bergen,2015,2038,Female,18-22
Kenya,USA,Chicago,2018,5644,Female,23-26
Nepal,Norway,Bergen,2019,1540,Male,23-26
India,Netherlands,Rotterdam,2024,5773,Male,18-22
Nepal,UK,Manchester,2021,5148,Male,23-26
Kenya,Singapore,Singapore,2015,1527,Female,27+
Brazil,South Korea,Daejeon,2016,1902,Female,18-22
Pakistan,Sweden,Gothenburg,2021,1747,Male,27+
Kenya,Singapore,Singapore,2015,2029,Female,27+
Nigeria,USA,New York,2021,10169,Non-binary,23-26
Vietnam,Ireland,Galway,2022,886,Female,23-26
Turkey,Singapore,Singapore,2024,2400,Male,18-22
Brazil,Australia,Brisbane,2016,2932,Female,18-22
Kenya,Germany,Frankfurt,2020,2948,Male,23-26
Pakistan,South Africa,Cape Town,2018,1046,Female,18-22
Kenya,South Africa,Cape Town,2020,1433,Male,18-22
Vietnam,Norway,Bergen,2020,1603,Male,23-26
Nepal,Spain,Madrid,2016,2473,Male,18-22
Nepal,UK,Birmingham,2017,3026,Male,18-22
China,Japan,Kyoto,2016,4750,Male,23-26
Vietnam,Sweden,Uppsala,2024,2403,Female,18-22
Turkey,Sweden,Stockholm,2016,1778,Female,18-22
India,Australia,Brisbane,2015,7255,Male,23-26
China,Russia,St. Petersburg,2023,4254,Female,23-26
India,Netherlands,Rotterdam,2019,4552,Female,18-22
Kenya,Australia,Melbourne,2016,3831,Male,18-22
Vietnam,Australia,Brisbane,2024,4312,Male,18-22
Brazil,USA,Los Angeles,2016,4633,Male,18-22
Pakistan,Netherlands,Eindhoven,2016,1666,Male,23-26
Brazil,Netherlands,Amsterdam,2016,1699,Male,27+
Vietnam,UAE,Dubai,2021,1156,Male,23-26
Nepal,UAE,Abu Dhabi,2016,538,Female,18-22
Pakistan,Germany,Frankfurt,2022,3029,Female,18-22
China,Italy,Milan,2022,4454,Male,18-22
Pakistan,Canada,Montreal,2021,4214,Male,18-22
Brazil,USA,Chicago,2023,5930,Female,18-22
Nigeria,Canada,Vancouver,2018,6040,Female,18-22
Nepal,UK,London,2021,4496,Male,18-22
Nepal,Netherlands,Amsterdam,2018,1704,Male,23-26
Turkey,USA,Los Angeles,2024,7305,Female,23-26
Brazil,Spain,Barcelona,2020,2728,Male,18-22
Brazil,Finland,Helsinki,2015,539,Male,18-22
Kenya,Norway,Bergen,2024,1825,Male,18-22
China,Australia,Brisbane,2017,6521,Male,23-26
India,South Korea,Seoul,2016,5595,Female,27+
Vietnam,Norway,Trondheim,2018,1036,Male,18-22
Nigeria,Spain,Valencia,2023,4601,Female,27+
Bangladesh,South Korea,Daejeon,2019,2734,Male,18-22
Nepal,India,Mumbai,2015,484,Female,23-26
Nigeria,Sweden,Stockholm,2023,2491,Male,18-22
Vietnam,Australia,Sydney,2020,3237,Male,23-26
Bangladesh,Germany,Munich,2016,2404,Male,23-26
China,Australia,Brisbane,2022,8165,Male,18-22
Vietnam,UAE,Abu Dhabi,2019,868,Female,23-26
Kenya,UK,Birmingham,2024,5738,Male,23-26
Nepal,Finland,Helsinki,2016,450,Male,18-22
Turkey,Netherlands,Rotterdam,2021,1861,Female,18-22
Vietnam,France,Lyon,2019,3302,Male,23-26
Vietnam,Italy,Florence,2021,1926,Male,23-26
Nepal,Germany,Hamburg,2017,2810,Male,23-26
Brazil,UAE,Abu Dhabi,2016,826,Female,18-22
Turkey,UK,Birmingham,2023,4800,Female,27+
Vietnam,Italy,Florence,2018,1614,Female,23-26
Turkey,South Korea,Daejeon,2022,1939,Male,18-22
Pakistan,India,Bangalore,2021,1260,Male,18-22
Brazil,Sweden,Stockholm,2022,2308,Female,23-26
Vietnam,Japan,Kyoto,2020,2741,Male,27+
Pakistan,Australia,Melbourne,2020,4537,Female,18-22
Nigeria,Russia,Moscow,2016,2497,Male,23-26
China,Canada,Vancouver,2024,8399,Female,18-22
Pakistan,USA,Chicago,2017,5238,Male,18-22
Vietnam,USA,Chicago,2018,3844,Male,23-26
Nigeria,USA,Chicago,2020,10220,Female,23-26
Bangladesh,Canada,Montreal,2017,4206,Female,27+
Kenya,Spain,Barcelona,2023,3458,Female,27+
Pakistan,Netherlands,Amsterdam,2017,1798,Female,18-22
Nepal,South Africa,Cape Town,2023,1720,Male,23-26
India,Spain,Valencia,2020,6775,Male,18-22
Pakistan,Spain,Valencia,2020,2863,Male,18-22
China,Netherlands,Eindhoven,2015,3402,Male,18-22
China,Spain,Barcelona,2018,4621,Female,18-22
Nigeria,Canada,Vancouver,2020,6190,Male,23-26
Turkey,South Korea,Busan,2020,2415,Female,18-22
Brazil,Norway,Oslo,2015,1385,Female,18-22
Vietnam,Germany,Frankfurt,2016,1940,Female,27+
Kenya,Spain,Valencia,2017,2562,Male,18-22
Brazil,France,Paris,2024,3383,Male,18-22
Vietnam,Singapore,Singapore,2024,2561,Male,23-26
Vietnam,Russia,Moscow,2020,1952,Male,18-22
Kenya,Netherlands,Eindhoven,2021,1779,Male,18-22
Nepal,Singapore,Singapore,2018,1892,Female,18-22
Nepal,India,Mumbai,2017,1103,Male,18-22
Turkey,France,Lyon,2016,2497,Female,18-22
Pakistan,Spain,Madrid,2015,1512,Female,23-26
Pakistan,Ireland,Dublin,2024,847,Male,18-22
Vietnam,Japan,Tokyo,2017,2483,Male,23-26
Nigeria,South Korea,Daejeon,2015,2821,Male,18-22
Brazil,UAE,Sharjah,2021,1081,Female,18-22
Kenya,UK,Birmingham,2019,3810,Male,18-22
Nepal,Italy,Milan,2018,2420,Male,18-22
Bangladesh,Japan,Tokyo,2020,2989,Non-binary,18-22
China,Italy,Rome,2022,4985,Male,18-22
China,Singapore,Singapore,2015,2837,Female,18-22
China,South Korea,Seoul,2020,4570,Male,18-22
China,Italy,Milan,2020,4655,Male,18-22
China,Italy,Florence,2022,4661,Male,18-22
Vietnam,India,Mumbai,2016,1341,Male,18-22
China,France,Paris,2022,6316,Male,23-26
China,Finland,Tampere,2020,1206,Non-binary,18-22
Turkey,Canada,Toronto,2022,4965,Male,23-26
Bangladesh,UK,London,2022,4645,Female,18-22
China,USA,Chicago,2018,12375,Male,18-22
Nepal,Australia,Melbourne,2020,2837,Female,18-22
China,USA,Los Angeles,2021,14464,Male,18-22
Turkey,USA,Los Angeles,2022,7788,Female,23-26
Pakistan,USA,Los Angeles,2020,6371,Female,27+
Turkey,Sweden,Gothenburg,2020,1776,Male,18-22
Brazil,Spain,Madrid,2018,2138,Male,23-26
Nepal,South Africa,Johannesburg,2024,1911,Male,18-22
Nigeria,Russia,Kazan,2020,3067,Male,18-22
Brazil,Germany,Berlin,2022,3720,Female,18-22
Vietnam,Spain,Valencia,2020,2511,Male,23-26
Pakistan,South Africa,Johannesburg,2021,1523,Male,23-26
Vietnam,Norway,Oslo,2023,1280,Male,23-26
Turkey,Singapore,Singapore,2022,2084,Female,23-26
Nepal,Norway,Bergen,2022,1224,Male,18-22
Turkey,Italy,Rome,2022,2341,Female,27+
Kenya,Norway,Trondheim,2016,1090,Male,18-22
China,South Korea,Seoul,2024,5926,Male,18-22
Bangladesh,Italy,Rome,2020,2284,Male,18-22
Brazil,UAE,Abu Dhabi,2017,752,Female,23-26
Brazil,Ireland,Galway,2022,870,Male,23-26
Pakistan,UAE,Dubai,2024,1313,Male,23-26
Bangladesh,Germany,Berlin,2023,3321,Male,27+
India,Netherlands,Rotterdam,2019,4273,Male,18-22
Brazil,Germany,Berlin,2017,1913,Female,18-22
Kenya,Ireland,Dublin,2023,1236,Female,27+
Kenya,Finland,Turku,2024,922,Male,23-26
Vietnam,Ireland,Dublin,2015,430,Male,27+
Nigeria,Ireland,Galway,2016,914,Male,18-22
Bangladesh,Sweden,Stockholm,2023,1809,Male,23-26
Nepal,USA,Los Angeles,2017,6656,Female,18-22
Bangladesh,Germany,Hamburg,2019,2811,Male,23-26
Kenya,USA,Boston,2020,7481,Female,27+
Brazil,Norway,Oslo,2022,1598,Female,23-26
Turkey,Japan,Kyoto,2019,2325,Female,23-26
Turkey,South Africa,Cape Town,2015,1125,Male,23-26
China,Sweden,Stockholm,2021,3409,Male,23-26
China,Australia,Brisbane,2024,8225,Female,23-26
Bangladesh,France,Marseille,2016,1319,Male,18-22
Turkey,Italy,Milan,2023,1715,Female,18-22
China,France,Paris,2023,7949,Female,18-22
China,Ireland,Dublin,2016,1539,Male,23-26
Kenya,Germany,Frankfurt,2017,3249,Male,23-26
Nigeria,Norway,Oslo,2016,1651,Female,18-22
Bangladesh,Norway,Bergen,2024,1516,Male,18-22
Kenya,Germany,Berlin,2020,4332,Male,23-26
Bangladesh,Netherlands,Rotterdam,2019,1845,Male,23-26
India,France,Paris,2021,8580,Female,18-22
India,UK,Birmingham,2023,13262,Male,27+
Nigeria,Singapore,Singapore,2017,3070,Female,23-26
Bangladesh,Singapore,Singapore,2019,1858,Male,18-22
India,South Korea,Seoul,2022,6831,Male,18-22
Nigeria,France,Lyon,2021,5423,Female,18-22
Brazil,Norway,Trondheim,2022,1812,Male,18-22
Turkey,Netherlands,Rotterdam,2022,2043,Male,27+
Pakistan,Spain,Barcelona,2019,2855,Female,23-26
India,USA,Los Angeles,2021,16677,Male,18-22
Kenya,UAE,Abu Dhabi,2016,874,Male,23-26
Vietnam,USA,Los Angeles,2024,7647,Female,23-26
China,UAE,Dubai,2018,1770,Male,23-26
Turkey,Netherlands,Eindhoven,2015,2096,Female,23-26
Nigeria,Norway,Bergen,2023,1913,Female,23-26
Nepal,Russia,Moscow,2021,1766,Male,18-22
China,Germany,Berlin,2024,7979,Female,18-22
Turkey,Germany,Frankfurt,2022,4372,Female,23-26
India,Ireland,Galway,2017,2053,Male,23-26
Turkey,Japan,Osaka,2018,2657,Male,23-26
Turkey,India,Bangalore,2016,1107,Male,23-26
Pakistan,Germany,Munich,2024,4092,Female,18-22
India,South Korea,Seoul,2015,5474,Female,18-22
Turkey,Netherlands,Eindhoven,2024,2886,Male,23-26
Nigeria,Singapore,Singapore,2019,3072,Female,23-26
India,Singapore,Singapore,2021,5615,Female,23-26
India,Norway,Trondheim,2015,2565,Female,18-22
Turkey,UAE,Dubai,2021,1295,Male,18-22
Bangladesh,UAE,Abu Dhabi,2023,1175,Male,18-22
Brazil,South Africa,Cape Town,2023,1818,Male,23-26
Turkey,Spain,Valencia,2022,2221,Male,18-22
Turkey,Sweden,Stockholm,2018,1586,Male,23-26
Bangladesh,South Africa,Pretoria,2020,1533,Female,23-26
Kenya,USA,Boston,2022,7326,Male,23-26
China,Spain,Madrid,2015,3668,Female,23-26
China,Russia,Kazan,2022,3855,Female,27+
Turkey,Norway,Bergen,2024,1297,Female,23-26
Nepal,UK,London,2023,4948,Male,18-22
Kenya,Ireland,Cork,2020,928,Male,18-22
Brazil,France,Paris,2017,2626,Male,23-26
Pakistan,Canada,Montreal,2016,3230,Female,18-22
China,Finland,Tampere,2023,1319,Female,18-22
Vietnam,Singapore,Singapore,2019,1712,Male,23-26
Nepal,Spain,Valencia,2024,2891,Male,23-26
Nepal,India,Mumbai,2018,1018,Female,18-22
Nigeria,India,Mumbai,2019,1750,Female,18-22
Turkey,Australia,Brisbane,2016,3404,Male,23-26
India,Germany,Munich,2022,9291,Female,18-22
Nigeria,Netherlands,Amsterdam,2021,3038,Male,18-22
Nepal,Germany,Hamburg,2021,2315,Male,18-22
Nigeria,Japan,Osaka,2018,3797,Male,18-22
Turkey,Italy,Milan,2020,2054,Male,27+
China,Spain,Madrid,2021,5365,Male,18-22
China,Italy,Milan,2021,4385,Male,23-26
Nigeria,Italy,Rome,2017,2407,Male,23-26
Pakistan,India,Mumbai,2023,1496,Female,18-22
Kenya,Japan,Osaka,2016,2394,Female,23-26
China,Japan,Osaka,2023,6392,Female,23-26
Kenya,Canada,Montreal,2024,5675,Male,23-26
Pakistan,Canada,Montreal,2019,2998,Female,18-22
India,Japan,Kyoto,2019,6528,Male,18-22
Kenya,Netherlands,Eindhoven,2018,2046,Female,18-22
India,Spain,Valencia,2018,5471,Male,23-26
Pakistan,Ireland,Cork,2017,762,Male,18-22
Nepal,Canada,Vancouver,2017,4214,Female,18-22
Nepal,Germany,Munich,2019,2581,Male,23-26
Pakistan,UK,Manchester,2023,4209,Male,23-26
Pakistan,Japan,Tokyo,2019,3180,Female,23-26
Kenya,Russia,Kazan,2018,1868,Female,18-22
Pakistan,South Africa,Johannesburg,2017,1269,Male,27+
Vietnam,UAE,Sharjah,2022,933,Male,18-22
Kenya,Spain,Barcelona,2018,2667,Male,23-26
Nigeria,Germany,Hamburg,2023,4382,Male,18-22
Turkey,UAE,Abu Dhabi,2018,858,Female,23-26
Turkey,UK,Manchester,2019,3774,Male,18-22
Vietnam,Singapore,Singapore,2017,1960,Female,18-22
Bangladesh,Australia,Melbourne,2016,4494,Male,18-22
India,USA,Chicago,2023,18603,Female,18-22
Pakistan,Italy,Milan,2024,2078,Male,18-22
Turkey,Japan,Osaka,2015,2695,Male,23-26
Nepal,Finland,Turku,2021,633,Male,18-22
Kenya,Ireland,Galway,2024,1039,Female,23-26
Brazil,Netherlands,Amsterdam,2024,2119,Male,27+
India,UAE,Dubai,2017,2017,Male,23-26
Bangladesh,Spain,Valencia,2020,1873,Female,27+
Nigeria,Russia,Moscow,2017,2564,Male,18-22
Pakistan,UAE,Dubai,2016,1162,Male,23-26
Nigeria,South Korea,Seoul,2019,4046,Female,27+
Pakistan,India,Bangalore,2022,1633,Male,23-26
Vietnam,Canada,Toronto,2024,4872,Female,18-22
Nepal,Canada,Toronto,2018,4468,Non-binary,18-22
Brazil,Italy,Rome,2016,1883,Female,23-26
Vietnam,Australia,Melbourne,2023,4462,Female,23-26
Vietnam,USA,Boston,2023,7243,Male,18-22
Turkey,South Korea,Daejeon,2019,2396,Male,23-26
India,Australia,Sydney,2016,7465,Male,18-22
Pakistan,France,Marseille,2021,3024,Male,18-22
Pakistan,France,Marseille,2020,3178,Male,23-26
Brazil,USA,New York,2017,4250,Female,18-22
Pakistan,South Africa,Johannesburg,2015,1511,Male,23-26
Vietnam,UK,Birmingham,2024,6091,Female,23-26
Vietnam,UAE,Abu Dhabi,2016,871,Female,18-22
Vietnam,Russia,St. Petersburg,2020,1883,Male,27+
Turkey,South Korea,Seoul,2022,2573,Male,27+
Nepal,Germany,Berlin,2023,2601,Male,18-22
Bangladesh,UK,Manchester,2016,3732,Male,18-22
Brazil,Canada,Vancouver,2024,4538,Male,18-22
Turkey,Norway,Bergen,2020,1471,Male,18-22
India,Canada,Vancouver,2022,9885,Male,18-22
Nepal,Singapore,Singapore,2022,1977,Female,23-26
Brazil,South Africa,Cape Town,2018,1443,Female,18-22
Nigeria,UK,Manchester,2021,6357,Male,18-22
Kenya,France,Marseille,2015,2891,Male,18-22
Brazil,Canada,Toronto,2021,4663,Female,18-22
Brazil,Japan,Osaka,2019,2709,Male,23-26
Vietnam,Sweden,Stockholm,2018,1214,Male,27+
China,India,Mumbai,2016,1976,Male,23-26
Kenya,South Africa,Pretoria,2015,1232,Male,23-26
Turkey,Canada,Vancouver,2017,2392,Female,18-22
Nigeria,Canada,Montreal,2015,5419,Male,18-22
Nigeria,Singapore,Singapore,2024,4151,Female,18-22
Brazil,Spain,Barcelona,2017,1829,Male,18-22
Pakistan,South Korea,Daejeon,2015,2040,Male,18-22
India,France,Lyon,2022,9696,Female,23-26
Brazil,Germany,Munich,2020,2546,Female,23-26
Nigeria,Australia,Brisbane,2017,4547,Male,23-26
China,Russia,Moscow,2023,4648,Female,27+
Turkey,Russia,St. Petersburg,2016,1224,Female,23-26
Bangladesh,Japan,Tokyo,2017,1372,Female,27+
Turkey,UAE,Abu Dhabi,2018,605,Male,18-22
Vietnam,Germany,Hamburg,2023,3909,Female,23-26
Nigeria,Australia,Sydney,2024,7621,Male,18-22
Turkey,Italy,Milan,2020,2330,Male,18-22
Vietnam,Singapore,Singapore,2019,2176,Male,23-26
Bangladesh,Ireland,Cork,2017,830,Male,23-26
China,Japan,Tokyo,2017,4732,Male,23-26
Pakistan,France,Marseille,2017,2247,Male,23-26
India,UAE,Abu Dhabi,2018,2451,Male,18-22
Turkey,Germany,Munich,2020,2648,Female,18-22
China,Norway,Oslo,2019,2641,Male,18-22
Kenya,Netherlands,Amsterdam,2020,2334,Male,18-22
Vietnam,France,Lyon,2017,2906,Female,27+
Bangladesh,Ireland,Cork,2023,893,Female,18-22
China,Spain,Barcelona,2023,5414,Female,18-22
Nigeria,Germany,Berlin,2015,4388,Male,23-26
India,Spain,Barcelona,2015,5015,Female,18-22
Vietnam,UK,Birmingham,2020,4537,Male,23-26
Nigeria,Netherlands,Rotterdam,2018,2384,Female,23-26
Bangladesh,Netherlands,Amsterdam,2020,1621,Male,18-22
Turkey,USA,Los Angeles,2023,7734,Male,18-22
Brazil,USA,Los Angeles,2016,5753,Male,23-26
Vietnam,Ireland,Galway,2024,1405,Female,23-26
China,Japan,Tokyo,2015,3841,Male,23-26
Pakistan,UK,Manchester,2019,4855,Female,18-22
Vietnam,France,Lyon,2021,2677,Male,18-22
China,South Korea,Busan,2024,6177,Male,23-26
Kenya,Singapore,Singapore,2023,1844,Male,18-22
Brazil,Singapore,Singapore,2024,1864,Female,18-22
India,UK,London,2024,12840,Female,18-22
China,Australia,Brisbane,2019,7078,Female,27+
Kenya,South Korea,Seoul,2015,1974,Female,18-22
Pakistan,Italy,Florence,2017,2260,Female,18-22
China,Netherlands,Amsterdam,2015,3442,Female,23-26
Brazil,UAE,Abu Dhabi,2022,1046,Female,18-22
Nigeria,Ireland,Galway,2024,1516,Female,18-22
Kenya,Canada,Vancouver,2017,3138,Male,18-22
Brazil,Norway,Oslo,2016,658,Male,18-22
Brazil,France,Marseille,2020,3661,Male,18-22
Pakistan,Canada,Vancouver,2016,1653,Male,18-22
Turkey,Russia,St. Petersburg,2024,2340,Female,18-22
India,Norway,Oslo,2023,3884,Male,18-22
India,France,Paris,2016,6778,Male,23-26
Bangladesh,Russia,Moscow,2016,1957,Female,18-22
Turkey,Australia,Sydney,2018,2814,Female,18-22
Nepal,Norway,Bergen,2019,1803,Female,27+
Nepal,Russia,Moscow,2022,2063,Female,23-26
Vietnam,Canada,Toronto,2020,3294,Female,18-22
Bangladesh,Germany,Hamburg,2016,2638,Female,23-26
Nepal,South Africa,Cape Town,2022,2141,Female,18-22
Pakistan,Spain,Madrid,2024,2486,Male,18-22
China,Japan,Kyoto,2020,4887,Female,18-22
Bangladesh,USA,Los Angeles,2017,6747,Male,23-26
China,South Korea,Busan,2017,4628,Female,18-22
Kenya,Spain,Valencia,2022,2422,Male,23-26
Kenya,Singapore,Singapore,2015,888,Male,18-22
China,Sweden,Uppsala,2018,2743,Male,18-22
Vietnam,Sweden,Uppsala,2015,1191,Male,18-22
Nigeria,USA,Los Angeles,2016,8884,Female,18-22
India,South Africa,Johannesburg,2024,4565,Female,18-22
Nepal,France,Paris,2017,3975,Male,23-26
Brazil,UK,Birmingham,2022,4799,Female,18-22
Brazil,India,Mumbai,2023,1319,Female,18-22
Brazil,Finland,Turku,2021,610,Male,27+
Kenya,Japan,Kyoto,2019,3147,Female,23-26
Kenya,UK,Birmingham,2020,5011,Male,23-26
Brazil,UK,London,2024,5194,Male,18-22
India,Finland,Turku,2015,1243,Female,23-26
Nepal,South Africa,Cape Town,2019,1545,Male,18-22
China,Germany,Berlin,2017,5115,Female,18-22
Brazil,France,Marseille,2024,3813,Male,18-22
China,UAE,Abu Dhabi,2018,1929,Male,23-26
Nepal,South Africa,Johannesburg,2022,1555,Male,18-22
India,Norway,Trondheim,2021,3768,Female,18-22
Turkey,Finland,Helsinki,2017,773,Female,18-22
Nigeria,Sweden,Gothenburg,2017,2113,Non-binary,18-22
Kenya,France,Paris,2020,3796,Male,18-22
India,Netherlands,Amsterdam,2020,4329,Male,23-26
Turkey,Australia,Melbourne,2018,2564,Male,18-22
Bangladesh,Russia,Moscow,2015,1474,Male,18-22
Vietnam,Russia,St. Petersburg,2023,2387,Female,23-26
Pakistan,Russia,Kazan,2022,1837,Male,18-22
Brazil,Norway,Bergen,2023,1317,Female,23-26
Kenya,Netherlands,Eindhoven,2019,1581,Male,18-22
India,USA,New York,2019,15804,Male,18-22
Kenya,India,Mumbai,2015,1087,Male,18-22
India,Italy,Milan,2015,5046,Male,23-26
Nepal,Spain,Barcelona,2022,2912,Male,18-22
China,Ireland,Cork,2015,1187,Female,18-22
Brazil,Finland,Helsinki,2020,461,Female,18-22
Turkey,South Korea,Busan,2016,2107,Male,23-26
Bangladesh,Singapore,Singapore,2024,2587,Female,18-22
India,Russia,Kazan,2017,4315,Male,27+
China,India,Delhi,2021,2661,Male,23-26
Brazil,Ireland,Galway,2024,1255,Female,23-26
Turkey,Finland,Turku,2024,815,Male,23-26
Nigeria,Norway,Trondheim,2020,2110,Male,18-22
India,Singapore,Singapore,2017,4588,Male,18-22
Bangladesh,Netherlands,Rotterdam,2018,1946,Male,23-26
India,Singapore,Singapore,2020,4899,Male,27+
Kenya,Ireland,Galway,2023,912,Male,18-22
Pakistan,Australia,Melbourne,2021,3091,Female,18-22
Kenya,Norway,Bergen,2019,1447,Male,18-22
Turkey,Finland,Helsinki,2020,604,Male,18-22
China,Japan,Kyoto,2023,5615,Non-binary,18-22
Nigeria,Russia,St. Petersburg,2017,2854,Female,18-22
Turkey,Finland,Tampere,2022,563,Female,23-26
Vietnam,Norway,Oslo,2024,1513,Female,18-22
China,Finland,Helsinki,2023,1296,Female,18-22
Nepal,Ireland,Dublin,2017,957,Male,18-22
Turkey,Finland,Helsinki,2024,743,Female,18-22
Turkey,UAE,Dubai,2023,1422,Female,23-26
Turkey,Australia,Sydney,2015,3222,Male,18-22
Kenya,Norway,Oslo,2019,1191,Female,18-22
Brazil,Russia,Moscow,2020,1760,Male,18-22
Pakistan,Sweden,Uppsala,2024,1982,Female,23-26
Pakistan,India,Delhi,2016,1069,Male,18-22
Pakistan,Australia,Melbourne,2020,4498,Male,18-22
Turkey,Russia,St. Petersburg,2015,1337,Female,23-26
Vietnam,UAE,Abu Dhabi,2021,863,Male,23-26
Kenya,Germany,Hamburg,2017,4094,Female,27+
Pakistan,South Africa,Pretoria,2017,1072,Male,23-26
Brazil,Netherlands,Eindhoven,2021,1820,Female,18-22
Bangladesh,UK,Manchester,2016,4259,Male,23-26
Turkey,Italy,Rome,2019,1984,Female,23-26
Nepal,Finland,Tampere,2018,564,Male,23-26
China,Netherlands,Eindhoven,2018,3782,Female,18-22
Pakistan,South Korea,Daejeon,2015,1069,Male,23-26
Kenya,Ireland,Dublin,2019,652,Male,18-22
Brazil,South Korea,Seoul,2019,2221,Male,18-22
Pakistan,Singapore,Singapore,2023,1817,Male,18-22
Kenya,USA,Los Angeles,2016,5260,Female,18-22
Nigeria,Australia,Brisbane,2024,6978,Female,18-22
Vietnam,UK,Manchester,2021,5914,Female,18-22
Turkey,USA,Los Angeles,2017,5158,Female,18-22
Nigeria,Ireland,Dublin,2016,1301,Female,18-22
Turkey,Japan,Kyoto,2022,4006,Male,18-22
Brazil,Japan,Tokyo,2015,2409,Male,23-26
Vietnam,Japan,Tokyo,2023,2586,Female,23-26
Vietnam,South Africa,Johannesburg,2019,1083,Male,18-22
Vietnam,Netherlands,Eindhoven,2024,1993,Female,18-22
Kenya,Japan,Kyoto,2024,3610,Male,18-22
China,Sweden,Gothenburg,2024,4167,Female,23-26
Vietnam,UAE,Sharjah,2016,870,Female,23-26
Kenya,Norway,Trondheim,2023,1727,Male,27+
Bangladesh,Spain,Barcelona,2023,3153,Female,18-22
India,UAE,Sharjah,2017,2303,Female,18-22
Pakistan,Australia,Sydney,2021,3741,Female,18-22
Brazil,Finland,Helsinki,2018,540,Male,18-22
Bangladesh,UAE,Abu Dhabi,2019,849,Male,23-26
India,Germany,Hamburg,2020,7857,Male,18-22
Nepal,UAE,Sharjah,2018,1007,Male,23-26
India,Ireland,Galway,2022,2305,Male,18-22
Vietnam,Italy,Milan,2019,2336,Male,18-22
Nigeria,Russia,St. Petersburg,2019,2535,Female,23-26
Brazil,Norway,Trondheim,2017,1133,Male,23-26
China,Japan,Osaka,2020,5200,Male,18-22
China,Japan,Osaka,2024,5645,Female,18-22
Vietnam,Spain,Barcelona,2018,2585,Male,23-26
Bangladesh,Germany,Munich,2017,2799,Male,18-22
Bangladesh,Ireland,Cork,2018,890,Female,23-26
Brazil,France,Marseille,2018,2111,Female,18-22
Nepal,Russia,Kazan,2023,1675,Male,23-26
Nepal,Italy,Milan,2016,1621,Female,18-22
Vietnam,France,Paris,2017,3589,Female,18-22
Nepal,France,Marseille,2021,2899,Male,18-22
India,USA,Los Angeles,2016,11320,Female,27+
Kenya,Italy,Rome,2021,2226,Male,18-22
Kenya,South Korea,Busan,2016,1974,Female,18-22
Kenya,Netherlands,Amsterdam,2021,2111,Male,27+
Brazil,UAE,Abu Dhabi,2018,1058,Male,18-22
Kenya,France,Lyon,2023,2978,Female,18-22
Brazil,South Korea,Seoul,2021,2573,Female,18-22
Nepal,UK,London,2023,6150,Female,18-22
Kenya,UAE,Sharjah,2020,948,Male,18-22
India,Norway,Oslo,2015,2939,Female,18-22
Nepal,South Korea,Daejeon,2023,3295,Female,23-26
Vietnam,Russia,Moscow,2016,1385,Male,27+
Turkey,Italy,Milan,2024,3071,Male,27+
Nepal,Singapore,Singapore,2017,1377,Male,18-22
Pakistan,Russia,Kazan,2018,1994,Female,23-26
Kenya,Canada,Toronto,2015,3194,Female,27+
China,USA,Boston,2020,11818,Male,27+
China,Canada,Vancouver,2020,6415,Female,18-22
Nepal,USA,Boston,2018,6856,Female,18-22
Brazil,Germany,Hamburg,2016,2263,Female,23-26
Vietnam,Japan,Osaka,2015,1596,Female,18-22
Brazil,Singapore,Singapore,2019,2213,Female,23-26
China,France,Marseille,2023,8112,Female,23-26
Brazil,Spain,Valencia,2024,3052,Male,18-22
China,Spain,Valencia,2024,4824,Female,23-26
Kenya,France,Lyon,2023,3212,Female,18-22
Brazil,Spain,Barcelona,2015,2871,Female,18-22
Nepal,France,Lyon,2015,2980,Male,23-26
Brazil,Germany,Frankfurt,2021,3396,Female,18-22
Nigeria,Germany,Munich,2021,5072,Female,18-22
India,Russia,Kazan,2020,4512,Male,18-22
India,UAE,Sharjah,2017,2194,Male,23-26
Nepal,USA,New York,2016,4325,Female,23-26
Kenya,Japan,Osaka,2023,3884,Male,18-22
China,Sweden,Stockholm,2016,2739,Male,18-22
India,France,Paris,2015,7478,Female,18-22
Vietnam,USA,New York,2016,5698,Female,18-22
Kenya,South Korea,Busan,2024,3698,Female,23-26
Turkey,Canada,Toronto,2020,5166,Female,18-22
Pakistan,USA,Los Angeles,2021,7433,Female,23-26
Nigeria,South Africa,Johannesburg,2015,1861,Male,27+
Kenya,Spain,Madrid,2017,2821,Male,18-22
Bangladesh,Norway,Bergen,2015,1168,Female,18-22
Bangladesh,Ireland,Cork,2022,701,Male,23-26
Nigeria,Italy,Rome,2016,2516,Female,18-22
Turkey,USA,New York,2020,6238,Male,23-26
Bangladesh,Germany,Frankfurt,2024,4773,Female,18-22
Nigeria,India,Mumbai,2016,1147,Female,23-26
Pakistan,Norway,Bergen,2022,1588,Male,18-22
Brazil,Russia,Moscow,2016,723,Female,23-26
Nepal,France,Paris,2024,3643,Female,18-22
Nigeria,UAE,Abu Dhabi,2016,1159,Male,23-26
Nepal,Ireland,Galway,2018,961,Male,23-26
Pakistan,France,Lyon,2016,2643,Female,23-26
Kenya,India,Mumbai,2023,1422,Female,23-26
India,South Korea,Daejeon,2021,6758,Female,18-22
China,UAE,Sharjah,2023,2123,Female,18-22
Vietnam,India,Bangalore,2021,830,Male,27+
India,Germany,Hamburg,2023,9515,Male,18-22
India,Finland,Tampere,2016,1427,Non-binary,18-22
Pakistan,South Korea,Daejeon,2019,1955,Female,23-26
Nepal,Japan,Osaka,2024,3708,Female,18-22
Pakistan,Ireland,Galway,2018,864,Female,18-22
Kenya,France,Marseille,2016,1679,Male,18-22
Turkey,Ireland,Galway,2019,823,Male,23-26
Nigeria,South Africa,Pretoria,2022,2631,Female,18-22
Turkey,Spain,Madrid,2016,2979,Female,18-22
Nigeria,UK,Birmingham,2018,6107,Male,23-26
India,Netherlands,Eindhoven,2015,4254,Female,27+
Bangladesh,South Africa,Cape Town,2023,2039,Female,18-22
Bangladesh,UK,London,2021,3394,Male,23-26
India,Ireland,Dublin,2016,1688,Non-binary,18-22
Nigeria,India,Bangalore,2023,1559,Male,18-22
China,Norway,Trondheim,2015,2036,Female,18-22
Kenya,Finland,Helsinki,2021,722,Male,18-22
Vietnam,UAE,Sharjah,2017,1109,Female,18-22
Kenya,Sweden,Gothenburg,2015,1588,Male,18-22
India,India,Bangalore,2015,2418,Female,18-22
Nepal,Sweden,Stockholm,2020,1473,Female,23-26
Pakistan,Singapore,Singapore,2015,2286,Male,18-22
Nigeria,Singapore,Singapore,2020,3434,Female,23-26
Vietnam,Japan,Kyoto,2021,3277,Male,23-26
Vietnam,France,Lyon,2017,2145,Male,23-26
Vietnam,Finland,Tampere,2021,739,Non-binary,23-26
India,Ireland,Cork,2023,2457,Male,18-22
Nigeria,Sweden,Stockholm,2024,2610,Female,18-22
Pakistan,Russia,St. Petersburg,2022,2593,Female,23-26
Vietnam,Germany,Hamburg,2020,3267,Female,23-26
Brazil,UK,Birmingham,2022,4361,Male,27+
Pakistan,Norway,Bergen,2023,1489,Male,27+
Brazil,Germany,Frankfurt,2017,3537,Male,23-26
India,Australia,Sydney,2024,11001,Male,23-26
Nigeria,South Korea,Daejeon,2023,3589,Male,18-22
Nigeria,USA,New York,2016,8013,Male,23-26
Nigeria,Germany,Frankfurt,2024,5083,Male,18-22
Nepal,Germany,Munich,2018,2165,Male,18-22
Turkey,Russia,Kazan,2021,2361,Male,27+
Kenya,Spain,Barcelona,2021,2962,Male,23-26
China,Russia,Moscow,2016,3431,Female,18-22
China,Singapore,Singapore,2015,3168,Female,27+
Nigeria,Finland,Turku,2018,866,Male,23-26
Vietnam,Netherlands,Eindhoven,2024,2181,Female,23-26
China,Ireland,Galway,2018,1530,Female,18-22
Nepal,Singapore,Singapore,2017,1590,Female,23-26
Pakistan,Spain,Madrid,2021,1989,Female,23-26
Brazil,Finland,Helsinki,2015,420,Male,23-26
Vietnam,Norway,Bergen,2015,837,Female,23-26
Kenya,Japan,Osaka,2020,2622,Male,18-22
Kenya,UAE,Dubai,2020,927,Female,23-26
Bangladesh,USA,Los Angeles,2020,5704,Male,18-22
China,UK,Birmingham,2024,10112,Female,18-22
Vietnam,Japan,Kyoto,2022,2443,Male,18-22
India,UK,Manchester,2016,10436,Female,18-22
Nepal,Canada,Vancouver,2021,4395,Male,27+
Pakistan,USA,Chicago,2022,5944,Male,23-26
Vietnam,UAE,Sharjah,2022,1009,Male,18-22
Vietnam,India,Mumbai,2015,910,Male,18-22
Nepal,South Korea,Daejeon,2021,2962,Non-binary,18-22
Bangladesh,Australia,Melbourne,2023,5571,Male,18-22
Brazil,Ireland,Dublin,2024,910,Male,18-22
India,Germany,Frankfurt,2022,8362,Male,27+
Kenya,France,Marseille,2021,3159,Male,27+
Nepal,Norway,Bergen,2015,1221,Female,18-22
Bangladesh,Spain,Valencia,2021,2897,Male,23-26
Bangladesh,Germany,Hamburg,2015,2517,Female,27+
Nigeria,India,Bangalore,2016,1514,Male,18-22
Pakistan,Singapore,Singapore,2021,2212,Male,23-26
Brazil,UK,London,2018,4522,Female,23-26
Nepal,Canada,Vancouver,2021,4230,Male,18-22
Brazil,Finland,Tampere,2023,869,Female,18-22
Bangladesh,Italy,Florence,2021,1942,Male,18-22
Nepal,France,Paris,2023,4293,Female,23-26
Pakistan,Spain,Valencia,2017,2932,Female,23-26
Nigeria,Spain,Madrid,2024,4721,Female,27+
Bangladesh,Australia,Sydney,2023,4541,Male,27+
Vietnam,Spain,Barcelona,2015,1246,Male,23-26
Pakistan,UK,London,2018,5091,Male,18-22
Pakistan,Canada,Vancouver,2017,3519,Female,18-22
Bangladesh,Italy,Rome,2020,1870,Male,23-26
Turkey,Norway,Trondheim,2022,1276,Male,23-26
Brazil,UK,London,2022,3868,Female,23-26
Turkey,Australia,Brisbane,2016,2743,Non-binary,23-26
Vietnam,Sweden,Stockholm,2022,1855,Female,27+
Bangladesh,Finland,Turku,2022,573,Female,18-22
Nigeria,Norway,Bergen,2016,1605,Female,18-22
Kenya,Ireland,Galway,2016,610,Female,18-22
Bangladesh,Singapore,Singapore,2020,1908,Female,23-26
China,Germany,Munich,2021,6053,Male,23-26
China,South Africa,Johannesburg,2016,2514,Male,23-26
Bangladesh,Netherlands,Eindhoven,2017,1786,Male,18-22
Nepal,UAE,Sharjah,2022,1056,Female,18-22
China,Singapore,Singapore,2024,4668,Female,18-22
Pakistan,South Korea,Daejeon,2022,2694,Male,23-26
Turkey,Singapore,Singapore,2019,2292,Male,18-22
Pakistan,South Korea,Daejeon,2018,2292,Male,18-22
Kenya,Canada,Montreal,2020,4927,Female,18-22
Vietnam,Canada,Montreal,2015,3315,Female,18-22
India,Italy,Florence,2024,6052,Female,18-22
Nigeria,Ireland,Dublin,2020,1202,Female,18-22
India,Germany,Hamburg,2016,6308,Female,18-22
Pakistan,Finland,Helsinki,2019,460,Female,18-22
Vietnam,Finland,Helsinki,2019,768,Female,18-22
Pakistan,Singapore,Singapore,2023,2098,Male,18-22
Turkey,Ireland,Dublin,2016,999,Male,18-22
Nepal,Singapore,Singapore,2018,2262,Female,18-22
China,Australia,Sydney,2017,7381,Female,23-26
Vietnam,Australia,Sydney,2021,3733,Male,18-22
India,Australia,Melbourne,2018,8969,Female,18-22
Pakistan,Japan,Kyoto,2023,3146,Female,18-22
India,India,Mumbai,2017,2851,Male,23-26
Nigeria,India,Delhi,2017,1789,Female,23-26
India,Finland,Tampere,2018,1365,Male,18-22
Pakistan,USA,New York,2016,6502,Female,18-22
Pakistan,Spain,Barcelona,2022,2364,Female,23-26
Turkey,Spain,Madrid,2024,2909,Non-binary,18-22
Vietnam,Netherlands,Amsterdam,2023,1911,Male,18-22
Brazil,USA,Los Angeles,2015,3006,Female,18-22
Nepal,Japan,Kyoto,2021,2637,Male,23-26
Pakistan,Germany,Hamburg,2022,2638,Female,18-22
China,Germany,Frankfurt,2017,4563,Male,18-22
Bangladesh,Sweden,Gothenburg,2016,1569,Male,18-22
Turkey,Singapore,Singapore,2021,2178,Female,18-22
India,South Africa,Cape Town,2018,3770,Female,23-26
Bangladesh,Ireland,Dublin,2021,987,Female,18-22
Nepal,UK,Manchester,2017,3808,Male,23-26
Kenya,India,Bangalore,2024,1473,Male,18-22
Bangladesh,Finland,Helsinki,2020,628,Female,18-22
Turkey,Canada,Montreal,2018,2689,Male,27+
Nigeria,Singapore,Singapore,2024,3810,Female,18-22
Pakistan,Sweden,Gothenburg,2024,1996,Female,23-26
Nigeria,Netherlands,Eindhoven,2022,2649,Male,18-22
Nigeria,Italy,Milan,2017,3077,Male,18-22
Turkey,South Korea,Daejeon,2020,3696,Female,23-26
Kenya,India,Mumbai,2022,1090,Male,23-26
Vietnam,Netherlands,Rotterdam,2022,2272,Female,18-22
Nepal,South Africa,Johannesburg,2020,1699,Male,27+
Nepal,South Korea,Busan,2023,2539,Male,23-26
Brazil,South Africa,Cape Town,2023,1964,Female,23-26
Bangladesh,UAE,Sharjah,2020,1207,Male,23-26
Nepal,USA,Chicago,2015,4824,Female,18-22
India,Germany,Munich,2021,8183,Male,23-26
India,Japan,Osaka,2022,7759,Male,18-22
Nepal,Finland,Turku,2018,596,Male,23-26
Turkey,Spain,Barcelona,2022,2391,Female,18-22
Nepal,Spain,Barcelona,2018,2088,Male,18-22
India,Norway,Trondheim,2020,3258,Male,23-26
India,Finland,Helsinki,2016,1408,Female,18-22
Kenya,Japan,Osaka,2023,3724,Male,27+
Brazil,Sweden,Stockholm,2022,1459,Female,18-22
Vietnam,UAE,Dubai,2018,986,Female,27+
Bangladesh,Japan,Osaka,2016,2443,Male,23-26
Nigeria,France,Marseille,2023,4792,Male,18-22
Brazil,Sweden,Stockholm,2019,1540,Female,18-22
Bangladesh,Australia,Sydney,2023,4084,Male,23-26
Turkey,Italy,Rome,2022,2436,Female,18-22
Nigeria,South Africa,Pretoria,2021,2216,Male,18-22
Vietnam,Spain,Madrid,2017,2938,Male,18-22
Bangladesh,Germany,Munich,2022,3044,Female,23-26
Brazil,Germany,Berlin,2018,1744,Male,18-22
Kenya,South Korea,Busan,2024,2377,Male,27+
Nigeria,Ireland,Cork,2016,1175,Female,23-26
Nigeria,Australia,Melbourne,2021,6464,Female,27+
Kenya,Japan,Osaka,2021,2477,Female,18-22
Bangladesh,USA,Los Angeles,2024,7548,Male,18-22
China,Finland,Turku,2015,1029,Female,23-26
Turkey,South Africa,Pretoria,2020,1428,Female,23-26
Kenya,Canada,Toronto,2020,4028,Male,18-22
Pakistan,South Africa,Johannesburg,2023,1672,Female,23-26
Pakistan,Spain,Valencia,2017,1344,Male,18-22
Turkey,France,Lyon,2022,3663,Male,18-22
India,India,Delhi,2017,2590,Female,18-22
Pakistan,Canada,Vancouver,2019,3905,Male,18-22
Bangladesh,Singapore,Singapore,2016,2189,Female,27+
Turkey,Singapore,Singapore,2024,2114,Female,18-22
Bangladesh,UK,London,2017,3911,Male,18-22
Nigeria,USA,Chicago,2016,9112,Male,18-22
Kenya,Germany,Berlin,2023,2742,Female,23-26
Nigeria,Spain,Valencia,2023,3844,Male,23-26
Turkey,Australia,Brisbane,2019,3469,Non-binary,18-22
China,Spain,Madrid,2022,5649,Male,27+
Bangladesh,India,Delhi,2017,1260,Male,18-22
Kenya,Sweden,Gothenburg,2018,1126,Female,23-26
Brazil,Sweden,Gothenburg,2019,1576,Male,18-22
Pakistan,Germany,Frankfurt,2019,2520,Female,23-26
Brazil,USA,New York,2015,5366,Female,18-22
Nepal,Australia,Brisbane,2015,2370,Male,27+
Turkey,France,Paris,2015,2682,Female,18-22
Nigeria,Ireland,Dublin,2018,1013,Male,18-22
Nigeria,Canada,Toronto,2021,6076,Female,18-22
China,Netherlands,Rotterdam,2021,4253,Male,27+
Kenya,Germany,Frankfurt,2015,2384,Female,27+
China,Russia,Moscow,2019,3182,Female,18-22
Bangladesh,France,Lyon,2021,3361,Male,23-26
Vietnam,Norway,Trondheim,2021,1627,Female,27+
Brazil,Finland,Tampere,2022,742,Male,18-22
Turkey,Canada,Montreal,2020,4290,Male,18-22
Brazil,France,Marseille,2021,3871,Female,23-26
Nepal,Russia,Kazan,2021,2140,Male,18-22
Nepal,India,Delhi,2017,1143,Female,27+
Pakistan,Australia,Melbourne,2021,3617,Male,23-26
India,France,Marseille,2016,6574,Female,23-26
Brazil,India,Bangalore,2017,875,Female,18-22
Nigeria,Spain,Valencia,2015,3323,Male,18-22
Nigeria,Australia,Brisbane,2024,5788,Male,18-22
China,UK,London,2015,7386,Female,18-22
Brazil,Germany,Berlin,2015,2956,Female,27+
Kenya,Ireland,Galway,2022,1264,Female,18-22
Bangladesh,France,Lyon,2015,2920,Female,27+
Bangladesh,Italy,Florence,2016,2543,Female,18-22
Pakistan,Sweden,Uppsala,2018,1117,Female,23-26
Pakistan,Finland,Tampere,2021,808,Female,18-22
Nepal,Norway,Trondheim,2021,1115,Female,23-26
Pakistan,UK,London,2018,4303,Male,27+
Nigeria,Finland,Turku,2016,700,Male,18-22
China,Finland,Helsinki,2023,1529,Female,27+
Nigeria,India,Mumbai,2023,2508,Male,27+
Nigeria,Australia,Melbourne,2022,5452,Female,23-26
Kenya,South Africa,Pretoria,2016,1666,Male,18-22
Nepal,Italy,Florence,2021,2079,Female,18-22
Brazil,Singapore,Singapore,2018,2254,Male,18-22
Vietnam,Finland,Tampere,2017,492,Female,18-22
Vietnam,Germany,Munich,2022,3787,Male,27+
China,Japan,Kyoto,2017,4225,Female,18-22
Vietnam,France,Lyon,2021,3252,Male,18-22
Nepal,South Africa,Cape Town,2018,943,Male,18-22
India,Spain,Valencia,2022,6525,Female,23-26
Nigeria,Netherlands,Amsterdam,2023,2727,Female,18-22
Turkey,South Africa,Johannesburg,2015,1400,Female,18-22
Brazil,South Korea,Busan,2017,2195,Female,18-22
Vietnam,South Africa,Johannesburg,2024,1822,Male,18-22
India,France,Paris,2021,9303,Female,18-22
China,Japan,Tokyo,2020,4898,Male,23-26
Bangladesh,Japan,Tokyo,2024,3276,Female,27+
Kenya,UAE,Dubai,2017,853,Female,23-26
Kenya,Sweden,Uppsala,2023,1432,Female,18-22
Vietnam,Spain,Valencia,2022,2474,Male,23-26
India,Ireland,Cork,2019,2276,Male,18-22
Brazil,South Africa,Johannesburg,2024,1346,Male,18-22
Brazil,Japan,Kyoto,2021,3520,Female,23-26
Brazil,Netherlands,Rotterdam,2024,2271,Male,18-22
India,Singapore,Singapore,2018,4134,Female,23-26
Brazil,Russia,Moscow,2019,1909,Female,23-26
Vietnam,Spain,Barcelona,2023,3272,Male,23-26
Nigeria,Australia,Brisbane,2021,6206,Female,18-22
Vietnam,South Korea,Busan,2017,1716,Female,18-22
Pakistan,USA,Boston,2020,5787,Male,18-22
India,France,Paris,2018,8115,Female,23-26
India,Finland,Tampere,2024,1885,Male,18-22
Vietnam,Netherlands,Amsterdam,2021,2115,Male,18-22
Nigeria,Norway,Bergen,2018,2186,Female,23-26
India,Sweden,Stockholm,2021,4238,Male,18-22
Brazil,USA,Boston,2021,6274,Male,18-22
Nepal,Canada,Vancouver,2020,3554,Male,18-22
Bangladesh,South Korea,Busan,2016,1290,Male,18-22
Brazil,Italy,Milan,2022,2451,Male,18-22
China,South Korea,Seoul,2017,5065,Female,18-22
Kenya,Singapore,Singapore,2019,2367,Female,23-26
Pakistan,Russia,Moscow,2016,1412,Male,18-22
Kenya,Australia,Brisbane,2020,3570,Female,23-26
India,Netherlands,Eindhoven,2022,4717,Female,23-26
Turkey,Germany,Hamburg,2017,3426,Male,27+
Nigeria,UAE,Sharjah,2020,1688,Female,23-26
Brazil,Finland,Turku,2015,502,Male,18-22
India,UK,Birmingham,2019,9559,Male,18-22
China,Spain,Valencia,2018,4550,Female,23-26
Nepal,South Korea,Seoul,2020,2484,Male,18-22
Brazil,Russia,Moscow,2021,1492,Male,18-22
Pakistan,Germany,Berlin,2020,2632,Male,18-22
India,South Korea,Daejeon,2024,7862,Female,18-22
Nepal,South Africa,Pretoria,2019,1320,Male,18-22
Nepal,Sweden,Uppsala,2018,1078,Female,23-26
Kenya,Singapore,Singapore,2015,2020,Female,23-26
Vietnam,South Korea,Busan,2018,2873,Female,23-26
India,Finland,Helsinki,2023,1600,Male,23-26
Pakistan,Germany,Berlin,2024,4183,Male,18-22
Brazil,Japan,Kyoto,2019,2435,Male,23-26
Bangladesh,Ireland,Dublin,2022,1203,Female,23-26
Bangladesh,Japan,Kyoto,2019,2756,Female,18-22
Nigeria,UAE,Sharjah,2021,1572,Male,23-26
Bangladesh,France,Marseille,2019,3115,Male,27+
Bangladesh,Australia,Melbourne,2019,4818,Male,18-22
Brazil,Singapore,Singapore,2021,1287,Male,23-26
India,Singapore,Singapore,2015,4246,Female,18-22
Brazil,Ireland,Galway,2016,749,Male,18-22
Vietnam,South Korea,Busan,2024,3005,Female,23-26
China,UAE,Dubai,2021,2037,Male,18-22
Nigeria,USA,Boston,2015,5919,Male,18-22
Turkey,UK,Manchester,2018,4357,Male,18-22
Turkey,Norway,Trondheim,2024,1259,Male,23-26
Turkey,Canada,Vancouver,2016,1795,Female,23-26
China,Netherlands,Amsterdam,2020,3708,Male,18-22
China,Finland,Tampere,2020,1197,Male,23-26
Nepal,Singapore,Singapore,2017,2021,Male,18-22
Brazil,UK,Manchester,2016,3483,Male,18-22
Bangladesh,UK,Birmingham,2024,4448,Male,18-22
Kenya,Italy,Milan,2020,2202,Female,23-26
Nigeria,South Africa,Pretoria,2017,2296,Male,23-26
Nigeria,UAE,Sharjah,2021,1391,Male,18-22
Bangladesh,Japan,Kyoto,2024,3931,Male,18-22
Nepal,Japan,Tokyo,2017,2885,Female,18-22
Pakistan,Australia,Melbourne,2016,3245,Female,18-22
Bangladesh,South Korea,Seoul,2023,1874,Female,18-22
Pakistan,Japan,Kyoto,2018,1779,Female,18-22
China,UAE,Sharjah,2022,2130,Male,27+
Pakistan,Australia,Sydney,2024,4912,Female,27+
Nigeria,South Korea,Daejeon,2023,4167,Female,18-22
Vietnam,South Africa,Pretoria,2022,1226,Male,23-26
Nepal,Sweden,Uppsala,2015,1181,Female,23-26
Turkey,Singapore,Singapore,2019,2333,Male,18-22
Turkey,Italy,Rome,2022,2316,Male,23-26
Vietnam,Russia,Moscow,2019,1823,Female,18-22
Bangladesh,Sweden,Gothenburg,2021,1364,Male,18-22
Turkey,South Africa,Johannesburg,2021,1686,Male,18-22
Vietnam,South Korea,Busan,2018,1229,Female,23-26
China,Norway,Trondheim,2024,3086,Female,18-22
Turkey,India,Delhi,2024,1783,Male,23-26
Pakistan,Sweden,Uppsala,2022,1762,Female,18-22
Kenya,UK,London,2022,3927,Female,23-26
Brazil,Canada,Vancouver,2021,3191,Male,18-22
Turkey,Singapore,Singapore,2017,1905,Male,23-26
Brazil,Russia,Kazan,2023,2342,Female,18-22
Turkey,South Africa,Johannesburg,2017,1484,Male,18-22
Pakistan,Russia,St. Petersburg,2021,1998,Female,23-26
Turkey,Netherlands,Eindhoven,2016,1590,Male,18-22
Kenya,Norway,Trondheim,2015,837,Male,23-26
India,Canada,Toronto,2017,8616,Non-binary,23-26
Brazil,UK,Birmingham,2015,3433,Male,23-26
Vietnam,UK,Manchester,2022,5025,Female,18-22
Turkey,Norway,Oslo,2018,1075,Male,18-22
Bangladesh,Sweden,Gothenburg,2024,1409,Female,23-26
Vietnam,Netherlands,Eindhoven,2021,1651,Male,27+
Nigeria,Singapore,Singapore,2021,2530,Female,23-26
Nepal,Singapore,Singapore,2020,2269,Female,23-26
Kenya,Italy,Florence,2021,2704,Male,23-26
Bangladesh,UK,Birmingham,2022,3977,Male,18-22
Bangladesh,Italy,Rome,2023,2048,Male,23-26
Nepal,Germany,Frankfurt,2022,2680,Male,23-26
Bangladesh,Germany,Hamburg,2022,2941,Male,18-22
Brazil,Norway,Trondheim,2015,532,Male,23-26
Vietnam,USA,Chicago,2020,6252,Female,18-22
Nepal,France,Lyon,2018,2772,Male,18-22
Nigeria,France,Marseille,2018,4802,Female,23-26
Nepal,Netherlands,Rotterdam,2024,1831,Female,18-22
Vietnam,Finland,Helsinki,2021,801,Male,18-22
Bangladesh,Ireland,Galway,2020,887,Male,18-22
Vietnam,Germany,Berlin,2015,2130,Male,18-22
Pakistan,USA,Boston,2018,7546,Male,18-22
Pakistan,India,Delhi,2018,1269,Female,23-26
Nepal,Australia,Melbourne,2022,3814,Male,23-26
Nepal,Singapore,Singapore,2024,2156,Non-binary,18-22
Kenya,UK,Manchester,2016,2276,Female,18-22
Brazil,Ireland,Dublin,2022,636,Female,18-22
Brazil,USA,Chicago,2016,3781,Female,18-22
India,Japan,Tokyo,2015,5526,Female,27+
Kenya,Singapore,Singapore,2019,1857,Male,18-22
Brazil,Germany,Munich,2021,2996,Male,27+
India,South Korea,Daejeon,2021,6648,Female,23-26
Kenya,Australia,Brisbane,2019,4263,Female,18-22
Nigeria,Ireland,Dublin,2017,1046,Female,18-22
Brazil,UAE,Abu Dhabi,2021,1368,Female,27+
Nigeria,Netherlands,Rotterdam,2023,3133,Female,18-22
Brazil,India,Delhi,2015,890,Male,23-26
Brazil,Netherlands,Rotterdam,2021,1903,Male,18-22
Nigeria,UK,London,2022,7659,Female,27+
Nigeria,Ireland,Cork,2015,977,Female,27+
Pakistan,Russia,Kazan,2016,1635,Male,23-26
Nepal,Australia,Sydney,2020,3895,Male,18-22
Bangladesh,South Africa,Cape Town,2017,1300,Male,18-22
China,UK,Birmingham,2017,8232,Female,23-26
Bangladesh,Spain,Madrid,2019,2479,Male,18-22
Kenya,Norway,Trondheim,2020,1266,Male,23-26
Nepal,USA,Chicago,2022,7995,Male,23-26
Turkey,Russia,St. Petersburg,2023,2266,Female,23-26
Bangladesh,UK,London,2015,3895,Female,18-22
India,Finland,Helsinki,2022,1712,Male,23-26
Pakistan,Australia,Melbourne,2024,4638,Female,18-22
India,UAE,Dubai,2019,2290,Male,23-26
Pakistan,Spain,Madrid,2015,2131,Female,27+
Bangladesh,USA,Boston,2021,7113,Female,23-26
Brazil,Germany,Munich,2017,2604,Male,18-22
Kenya,Spain,Barcelona,2019,2505,Male,23-26
India,France,Lyon,2016,7266,Female,23-26
Nigeria,South Korea,Busan,2017,3515,Female,23-26
Nepal,South Korea,Seoul,2015,2392,Female,18-22
Pakistan,France,Marseille,2022,3304,Male,18-22
Nigeria,France,Lyon,2020,4704,Male,18-22
Brazil,Spain,Barcelona,2023,2604,Female,18-22
Bangladesh,UAE,Abu Dhabi,2018,979,Female,18-22
Turkey,Spain,Madrid,2020,2942,Male,27+
Nigeria,Japan,Kyoto,2021,3603,Male,27+
Kenya,Sweden,Gothenburg,2015,1432,Female,18-22
Turkey,Australia,Sydney,2024,4328,Male,27+
Nigeria,Japan,Tokyo,2024,5035,Female,23-26
Bangladesh,Netherlands,Eindhoven,2020,1517,Female,18-22
Nepal,South Africa,Cape Town,2022,1527,Female,23-26
Bangladesh,Ireland,Cork,2024,949,Female,27+
Kenya,Norway,Oslo,2024,1502,Female,23-26
Nigeria,South Korea,Seoul,2023,4788,Male,23-26
China,Norway,Oslo,2022,2658,Male,27+
Vietnam,Canada,Toronto,2020,3626,Female,18-22
Turkey,Italy,Florence,2018,1835,Male,27+
Bangladesh,UK,Birmingham,2018,3708,Female,18-22
Brazil,UAE,Sharjah,2017,582,Male,23-26
Nigeria,Russia,Kazan,2018,2860,Female,18-22
Nepal,Australia,Brisbane,2023,4908,Female,23-26
Kenya,UAE,Dubai,2019,1153,Male,23-26
China,Australia,Sydney,2022,8330,Male,23-26
Pakistan,Australia,Melbourne,2020,4383,Female,23-26
Kenya,UAE,Dubai,2018,835,Female,18-22
Brazil,Netherlands,Eindhoven,2021,2322,Male,27+
Brazil,France,Paris,2017,3267,Female,23-26
India,India,Delhi,2017,2916,Male,18-22
Brazil,USA,Boston,2018,5428,Female,23-26
Kenya,South Africa,Pretoria,2023,1427,Female,18-22
China,Australia,Melbourne,2024,9327,Male,18-22
Nepal,France,Lyon,2018,2985,Male,18-22
India,Germany,Frankfurt,2019,7273,Female,23-26
Brazil,Ireland,Galway,2024,1035,Female,23-26
China,Sweden,Uppsala,2024,4257,Male,18-22
Nigeria,Finland,Helsinki,2023,756,Female,18-22
Pakistan,Ireland,Dublin,2017,844,Female,23-26
Brazil,Italy,Rome,2019,2628,Male,18-22
Vietnam,South Africa,Pretoria,2022,1895,Female,18-22
Turkey,UAE,Abu Dhabi,2019,1135,Female,18-22
Nepal,UK,London,2018,3916,Male,18-22
Nepal,India,Bangalore,2018,1263,Female,18-22
India,India,Bangalore,2018,2943,Male,23-26
Vietnam,Singapore,Singapore,2020,2328,Male,18-22
Nepal,UK,London,2019,4018,Male,18-22
Pakistan,UAE,Abu Dhabi,2024,1161,Male,18-22
Nepal,UAE,Abu Dhabi,2022,914,Female,18-22
Pakistan,Finland,Tampere,2019,580,Female,27+
Pakistan,Canada,Toronto,2023,3903,Female,18-22
Nepal,UK,London,2015,3307,Female,18-22
Nigeria,Italy,Florence,2017,3096,Male,18-22
India,Sweden,Uppsala,2020,4325,Male,18-22
Kenya,Norway,Bergen,2018,1305,Female,23-26
Brazil,South Korea,Seoul,2022,2234,Male,23-26
Nepal,Netherlands,Amsterdam,2018,1508,Male,18-22
China,Spain,Barcelona,2015,3489,Male,18-22
Turkey,Ireland,Cork,2017,754,Male,23-26
Nigeria,India,Bangalore,2021,1848,Male,23-26
Pakistan,USA,Boston,2016,4531,Female,23-26
India,Italy,Florence,2020,5752,Male,23-26
Kenya,Australia,Melbourne,2020,3685,Female,23-26
Nepal,Netherlands,Eindhoven,2015,1804,Male,18-22
Nepal,Japan,Osaka,2024,2617,Male,18-22
Turkey,UK,Birmingham,2016,4130,Male,18-22
Nepal,UK,Birmingham,2018,3963,Male,18-22
Turkey,Japan,Tokyo,2017,2521,Male,18-22
Nepal,Italy,Florence,2021,3148,Male,23-26
Nigeria,Japan,Tokyo,2019,4423,Female,18-22
Nigeria,Sweden,Uppsala,2019,2152,Female,18-22
Turkey,Finland,Helsinki,2017,457,Female,23-26
India,UAE,Sharjah,2024,2840,Male,18-22
Pakistan,Sweden,Gothenburg,2024,1697,Female,18-22
India,Sweden,Gothenburg,2023,4617,Female,18-22
Nepal,USA,Boston,2024,6431,Male,18-22
Nepal,USA,Chicago,2020,7178,Female,23-26
Pakistan,Sweden,Gothenburg,2018,1371,Female,27+
Nigeria,USA,New York,2023,11010,Male,23-26
Nepal,Singapore,Singapore,2023,2784,Male,18-22
Bangladesh,France,Lyon,2021,2789,Female,18-22
Kenya,France,Paris,2015,2939,Male,18-22
China,Italy,Milan,2021,4380,Female,23-26
Vietnam,Canada,Montreal,2021,4087,Male,18-22
Turkey,Japan,Osaka,2022,2797,Female,18-22
Pakistan,Spain,Valencia,2023,2597,Male,23-26
India,Italy,Milan,2019,5245,Female,18-22
Brazil,Canada,Toronto,2021,4903,Male,23-26
Pakistan,UK,London,2021,3185,Female,23-26
Turkey,UK,Manchester,2023,4024,Female,23-26
China,South Africa,Cape Town,2021,3100,Female,18-22
Pakistan,South Africa,Johannesburg,2023,1730,Male,18-22
Turkey,India,Delhi,2018,968,Male,18-22
Nigeria,Canada,Toronto,2023,7365,Female,18-22
Pakistan,UAE,Dubai,2018,750,Male,23-26
Nigeria,South Africa,Cape Town,2019,1763,Male,18-22
India,Germany,Berlin,2020,7656,Female,27+
Kenya,Finland,Tampere,2018,562,Male,27+
Nepal,Italy,Milan,2015,2114,Male,18-22
Brazil,France,Paris,2019,3424,Female,23-26
Turkey,UAE,Sharjah,2022,1220,Male,18-22
Pakistan,Norway,Bergen,2023,1579,Female,23-26
India,Germany,Munich,2024,8701,Male,18-22
Nepal,Netherlands,Amsterdam,2020,1820,Male,23-26
Brazil,South Korea,Busan,2019,2151,Female,23-26
Bangladesh,France,Paris,2019,3186,Female,18-22
China,Sweden,Uppsala,2020,2968,Male,18-22
Nigeria,Ireland,Dublin,2015,1093,Female,23-26
India,South Korea,Busan,2022,6498,Female,18-22
Nigeria,Italy,Rome,2018,3234,Male,18-22
Nepal,South Korea,Seoul,2016,2060,Male,18-22
Bangladesh,Finland,Helsinki,2022,571,Male,18-22
Bangladesh,Japan,Tokyo,2020,2593,Male,27+
Turkey,Russia,Moscow,2017,1170,Male,27+
Vietnam,Japan,Kyoto,2023,2415,Female,18-22
Turkey,Sweden,Stockholm,2015,1444,Female,18-22
Kenya,South Korea,Busan,2022,2227,Male,23-26
Bangladesh,France,Paris,2021,2225,Female,18-22
Turkey,Russia,Kazan,2019,2132,Female,23-26
China,Japan,Kyoto,2019,4630,Female,18-22
Pakistan,Russia,Kazan,2020,1923,Female,18-22
India,USA,New York,2016,13757,Male,23-26
Brazil,USA,Boston,2016,6654,Male,18-22
Pakistan,Australia,Melbourne,2022,4945,Female,23-26
India,Netherlands,Rotterdam,2022,5369,Male,18-22
China,France,Marseille,2015,4933,Female,23-26
Vietnam,South Africa,Johannesburg,2021,1435,Female,18-22
Brazil,Canada,Vancouver,2021,3137,Non-binary,18-22
Pakistan,Italy,Milan,2019,1933,Male,18-22
Vietnam,Norway,Trondheim,2019,1341,Female,27+
Nepal,Singapore,Singapore,2024,1711,Male,23-26
Turkey,Germany,Frankfurt,2015,2681,Male,18-22
Nigeria,UAE,Abu Dhabi,2024,1358,Male,23-26
China,Finland,Tampere,2019,1369,Female,18-22
Vietnam,France,Paris,2023,3527,Male,18-22
Vietnam,India,Bangalore,2015,531,Non-binary,18-22
Bangladesh,Australia,Melbourne,2019,2876,Male,23-26
Pakistan,India,Bangalore,2020,991,Male,23-26
Bangladesh,Singapore,Singapore,2021,2186,Female,23-26
Nepal,Italy,Florence,2023,2558,Female,23-26
Vietnam,Finland,Tampere,2024,702,Male,23-26
Brazil,Australia,Sydney,2020,3938,Female,23-26
Nepal,Spain,Barcelona,2018,2249,Female,23-26
Turkey,Sweden,Stockholm,2018,1403,Male,18-22
Brazil,Spain,Madrid,2023,2137,Female,23-26
Nepal,UAE,Dubai,2022,956,Female,23-26
Bangladesh,South Africa,Pretoria,2022,1841,Female,18-22
Pakistan,UK,Manchester,2020,4845,Male,18-22
India,Spain,Valencia,2024,7161,Male,18-22
Pakistan,Italy,Rome,2018,2205,Male,23-26
Bangladesh,Spain,Barcelona,2015,1801,Male,18-22
Turkey,Ireland,Dublin,2022,940,Male,18-22
Nigeria,South Korea,Busan,2017,3261,Male,23-26
China,Australia,Brisbane,2021,8049,Male,18-22
Turkey,South Africa,Cape Town,2022,1569,Female,18-22
Turkey,Germany,Frankfurt,2015,2041,Non-binary,23-26
Brazil,Netherlands,Rotterdam,2017,1794,Male,18-22
Bangladesh,Canada,Toronto,2023,5148,Male,27+
Kenya,UK,Manchester,2015,3671,Female,18-22
China,South Africa,Johannesburg,2018,2086,Male,18-22
Vietnam,Netherlands,Eindhoven,2016,869,Male,18-22
Nepal,USA,New York,2023,7395,Female,23-26
Bangladesh,Russia,St. Petersburg,2016,1392,Female,18-22
Pakistan,Germany,Hamburg,2019,2837,Female,18-22
Vietnam,Russia,Kazan,2024,2258,Female,23-26
Vietnam,Australia,Brisbane,2022,4429,Male,18-22
Turkey,Finland,Helsinki,2022,864,Female,18-22
Turkey,Singapore,Singapore,2017,1469,Male,27+
India,Canada,Montreal,2019,9099,Female,18-22
Pakistan,Ireland,Cork,2019,636,Female,18-22
Turkey,Norway,Oslo,2017,1472,Male,23-26
Pakistan,Norway,Oslo,2021,1336,Female,23-26
Vietnam,Netherlands,Amsterdam,2019,1884,Male,23-26
Vietnam,USA,New York,2021,5494,Female,23-26
Nigeria,Australia,Melbourne,2015,4248,Female,18-22
China,South Korea,Busan,2024,5591,Male,23-26
India,UK,Birmingham,2018,9137,Male,18-22
China,South Korea,Daejeon,2020,4621,Female,23-26
Turkey,Canada,Vancouver,2023,5133,Female,18-22
Vietnam,South Africa,Pretoria,2015,1188,Female,18-22
Vietnam,Finland,Tampere,2015,428,Female,18-22
Nepal,UK,London,2016,4648,Female,23-26
Brazil,South Africa,Cape Town,2022,2132,Male,18-22
Brazil,Finland,Helsinki,2024,793,Female,18-22
China,France,Marseille,2019,6871,Female,18-22
Nepal,UK,Birmingham,2019,4041,Female,27+
Nigeria,Spain,Madrid,2019,4171,Male,18-22
Pakistan,Russia,St. Petersburg,2024,1833,Female,27+
China,USA,Chicago,2022,13520,Female,27+
China,Germany,Berlin,2018,6475,Female,23-26
Brazil,Ireland,Cork,2022,1067,Female,23-26
Turkey,Finland,Tampere,2019,761,Male,23-26
Vietnam,Ireland,Galway,2020,709,Male,18-22
India,France,Paris,2024,9419,Female,23-26
Nigeria,Germany,Hamburg,2018,4374,Male,23-26
Vietnam,Norway,Oslo,2021,1306,Male,23-26
Kenya,USA,New York,2018,7549,Male,18-22
Turkey,Japan,Tokyo,2016,2926,Male,18-22
Nigeria,Sweden,Gothenburg,2021,2718,Female,18-22
Nigeria,South Korea,Seoul,2021,3515,Female,18-22
Pakistan,Finland,Tampere,2022,581,Female,23-26
Kenya,Finland,Tampere,2015,538,Female,18-22
Bangladesh,India,Bangalore,2020,1095,Female,23-26
Nepal,India,Mumbai,2019,989,Male,18-22
India,USA,Boston,2020,15421,Female,18-22
Nigeria,Spain,Valencia,2019,3776,Male,18-22
Nigeria,India,Mumbai,2021,1502,Male,18-22
Pakistan,South Korea,Busan,2023,3060,Female,23-26
Vietnam,South Korea,Daejeon,2017,2880,Female,18-22
Brazil,Sweden,Stockholm,2018,1321,Male,18-22
Bangladesh,UK,Birmingham,2017,3445,Male,23-26
Brazil,Norway,Oslo,2020,1288,Female,23-26
Nigeria,Canada,Montreal,2023,5673,Male,18-22
China,Sweden,Gothenburg,2017,2971,Male,18-22
Brazil,South Africa,Cape Town,2024,1803,Male,18-22
Bangladesh,UK,London,2017,4692,Male,18-22
Nigeria,Germany,Munich,2018,2964,Male,23-26
Pakistan,South Korea,Daejeon,2021,1933,Female,23-26
Vietnam,India,Delhi,2020,1258,Female,18-22
India,Italy,Florence,2020,6097,Female,18-22
Turkey,Australia,Melbourne,2021,3581,Female,18-22
Nepal,Japan,Kyoto,2020,2373,Female,27+
Nepal,South Korea,Daejeon,2023,2139,Male,18-22
Nigeria,India,Mumbai,2024,2059,Female,23-26
Kenya,France,Marseille,2015,2786,Female,18-22
Nepal,Netherlands,Eindhoven,2023,2395,Female,23-26
Bangladesh,Germany,Frankfurt,2015,2918,Male,23-26
Bangladesh,Sweden,Gothenburg,2016,1733,Male,18-22
Bangladesh,Russia,Kazan,2018,1799,Female,18-22
Brazil,Italy,Rome,2022,2470,Female,18-22
Vietnam,Japan,Kyoto,2021,2802,Male,23-26
Brazil,Singapore,Singapore,2022,2249,Female,27+
Nigeria,Russia,Moscow,2017,2305,Female,23-26
China,Singapore,Singapore,2015,3677,Female,18-22
Vietnam,Netherlands,Amsterdam,2015,1176,Male,23-26
Bangladesh,Russia,St. Petersburg,2019,2070,Male,18-22
India,Finland,Turku,2023,1810,Female,23-26
Turkey,South Korea,Daejeon,2019,1935,Male,18-22
Brazil,Italy,Rome,2021,2156,Male,18-22
India,France,Paris,2020,8801,Female,18-22
Kenya,Italy,Milan,2021,2242,Male,18-22
Pakistan,Australia,Sydney,2017,3235,Male,18-22
Nigeria,USA,Chicago,2018,9843,Male,18-22
Bangladesh,Sweden,Gothenburg,2015,1240,Female,18-22
Vietnam,UAE,Dubai,2016,739,Female,18-22
Kenya,Finland,Helsinki,2018,433,Male,18-22
Pakistan,Netherlands,Eindhoven,2019,1626,Female,18-22
Bangladesh,South Africa,Johannesburg,2020,1504,Female,18-22
India,Netherlands,Amsterdam,2019,4260,Female,18-22
Nepal,Sweden,Gothenburg,2019,1506,Male,27+
Brazil,France,Lyon,2023,4156,Female,18-22
Nepal,France,Paris,2021,3394,Male,18-22
China,France,Marseille,2023,8547,Male,18-22
India,USA,Chicago,2021,15630,Male,23-26
Brazil,Australia,Brisbane,2022,3738,Male,27+
China,Germany,Frankfurt,2015,4460,Female,18-22
Bangladesh,Russia,St. Petersburg,2019,1711,Male,23-26
Kenya,Ireland,Galway,2024,941,Male,18-22
Pakistan,Netherlands,Amsterdam,2021,1458,Male,18-22
Nepal,USA,Boston,2024,7178,Female,18-22
Nigeria,Spain,Barcelona,2016,3967,Female,18-22
Brazil,Australia,Brisbane,2022,4418,Female,23-26
Nigeria,Canada,Toronto,2020,5826,Male,23-26
China,Singapore,Singapore,2018,3623,Male,23-26
Brazil,Finland,Helsinki,2017,499,Female,18-22
Kenya,South Korea,Busan,2017,1185,Male,23-26
Turkey,Ireland,Dublin,2017,953,Male,23-26
Bangladesh,Norway,Trondheim,2022,1585,Female,18-22
Brazil,Japan,Tokyo,2019,2818,Female,23-26
Turkey,Spain,Valencia,2015,1794,Male,23-26
India,Norway,Oslo,2020,3719,Female,27+
Nepal,India,Delhi,2021,1567,Female,23-26
Bangladesh,South Africa,Cape Town,2016,1239,Male,18-22
Nepal,South Africa,Cape Town,2018,1517,Female,18-22
Brazil,Singapore,Singapore,2022,2329,Female,23-26
Bangladesh,Japan,Osaka,2016,2831,Male,23-26
Nepal,Spain,Madrid,2017,1979,Male,18-22
Bangladesh,Canada,Montreal,2023,3917,Female,18-22
Turkey,Sweden,Stockholm,2022,2191,Male,23-26
Nepal,Canada,Vancouver,2015,2544,Male,23-26
Brazil,UK,Birmingham,2015,3717,Female,18-22
Vietnam,Germany,Munich,2024,3697,Female,18-22
Bangladesh,Netherlands,Amsterdam,2022,2680,Male,23-26
Brazil,Singapore,Singapore,2017,1705,Male,27+
Kenya,Spain,Madrid,2023,2889,Female,23-26
Turkey,Singapore,Singapore,2017,1687,Male,18-22
Nepal,Japan,Kyoto,2024,3747,Female,18-22
Pakistan,Netherlands,Eindhoven,2016,1659,Male,27+
India,USA,New York,2018,14024,Male,18-22
Turkey,Italy,Rome,2023,2526,Male,23-26
Turkey,Spain,Valencia,2015,1904,Male,18-22
Turkey,South Korea,Seoul,2015,1933,Male,23-26
Vietnam,Sweden,Stockholm,2024,2108,Male,18-22
Bangladesh,Germany,Hamburg,2023,3793,Female,18-22
Turkey,Russia,St. Petersburg,2024,1845,Male,23-26
India,Russia,Kazan,2023,5231,Female,18-22
Bangladesh,Singapore,Singapore,2017,1914,Male,18-22
Vietnam,USA,Chicago,2018,4566,Male,18-22
India,South Africa,Pretoria,2021,4052,Male,18-22
China,India,Delhi,2021,2509,Male,23-26
Nigeria,Singapore,Singapore,2018,2714,Female,18-22
Vietnam,Italy,Rome,2015,1421,Male,23-26
Vietnam,Singapore,Singapore,2024,2014,Female,18-22
Brazil,Germany,Hamburg,2020,2674,Female,18-22
Vietnam,South Korea,Busan,2018,1692,Male,18-22
Turkey,Norway,Oslo,2024,1590,Female,23-26
Kenya,France,Marseille,2023,3058,Female,23-26
Nepal,Netherlands,Rotterdam,2023,1900,Female,18-22
China,USA,Los Angeles,2024,15041,Male,18-22
China,Ireland,Dublin,2020,1726,Male,23-26
Vietnam,Canada,Vancouver,2018,3445,Non-binary,18-22
Turkey,Ireland,Dublin,2015,789,Female,23-26
China,South Korea,Seoul,2017,4580,Female,18-22
Vietnam,Netherlands,Eindhoven,2019,1607,Male,18-22
Nigeria,Ireland,Galway,2017,1109,Male,23-26
Pakistan,Sweden,Stockholm,2020,1634,Female,18-22
Bangladesh,Australia,Melbourne,2022,4791,Female,18-22
India,UAE,Abu Dhabi,2021,2651,Male,23-26
China,Canada,Toronto,2020,7481,Male,23-26
Brazil,Australia,Sydney,2021,3419,Male,23-26
Nigeria,Germany,Hamburg,2023,5322,Male,23-26
Pakistan,UK,Manchester,2015,2933,Male,23-26
Turkey,South Korea,Daejeon,2018,2623,Male,18-22
Nepal,UK,Manchester,2022,4100,Female,18-22
Kenya,Italy,Rome,2022,2323,Male,18-22
Pakistan,Japan,Osaka,2019,2793,Female,18-22
India,India,Delhi,2022,3511,Male,18-22
Pakistan,Sweden,Stockholm,2022,1964,Male,23-26
Brazil,Norway,Oslo,2020,1247,Female,23-26
Nigeria,South Africa,Pretoria,2019,2460,Female,18-22
Vietnam,South Korea,Daejeon,2022,2932,Female,18-22
Bangladesh,Sweden,Uppsala,2022,1945,Female,23-26
Turkey,Germany,Hamburg,2018,2759,Male,27+
India,South Africa,Cape Town,2018,3518,Female,18-22
Bangladesh,Spain,Madrid,2021,2958,Female,18-22
Turkey,Germany,Munich,2016,2382,Male,18-22
Turkey,Ireland,Cork,2023,1187,Male,23-26
Kenya,Germany,Berlin,2024,3635,Male,18-22
Brazil,France,Marseille,2023,4777,Female,23-26
Bangladesh,Germany,Berlin,2022,3507,Female,18-22
Nepal,Russia,St. Petersburg,2024,1818,Male,18-22
Nepal,Norway,Bergen,2018,1557,Female,18-22
Vietnam,Japan,Osaka,2016,1883,Female,18-22
Pakistan,USA,Boston,2017,5297,Male,23-26
Vietnam,Canada,Montreal,2024,4706,Male,18-22
Nepal,UK,Birmingham,2021,2885,Female,18-22
Nepal,Singapore,Singapore,2024,2592,Female,23-26
Bangladesh,Netherlands,Rotterdam,2020,1648,Female,18-22
Vietnam,Sweden,Gothenburg,2018,1565,Female,18-22
India,India,Bangalore,2022,3439,Female,23-26
China,UAE,Dubai,2018,1763,Female,18-22
China,UK,Manchester,2023,9955,Non-binary,18-22
Bangladesh,Italy,Rome,2021,2165,Male,23-26
Nepal,Spain,Valencia,2018,2070,Female,23-26
Nigeria,Ireland,Dublin,2019,775,Female,18-22
Vietnam,Singapore,Singapore,2023,2330,Male,18-22
Bangladesh,South Africa,Johannesburg,2022,1795,Female,18-22
China,Netherlands,Eindhoven,2017,3625,Female,23-26
Nigeria,Ireland,Dublin,2018,1375,Female,18-22
Pakistan,UK,Manchester,2017,5088,Female,23-26
Pakistan,UK,Birmingham,2024,4143,Male,18-22
Brazil,India,Mumbai,2017,895,Female,18-22
Vietnam,Netherlands,Rotterdam,2020,2181,Male,18-22
China,Netherlands,Amsterdam,2018,3463,Female,18-22
Nigeria,South Korea,Daejeon,2022,3864,Male,18-22
India,UAE,Sharjah,2019,2370,Male,23-26
Pakistan,Finland,Turku,2017,428,Female,23-26
China,Finland,Turku,2021,1226,Male,18-22
Vietnam,South Africa,Johannesburg,2016,1341,Female,18-22
Turkey,Italy,Milan,2016,2034,Male,27+
Turkey,Spain,Valencia,2017,2784,Female,18-22
Nigeria,Sweden,Gothenburg,2020,2362,Female,18-22
Pakistan,Canada,Montreal,2016,3057,Male,18-22
Kenya,Italy,Rome,2018,2114,Male,23-26
Turkey,Sweden,Stockholm,2021,1316,Female,18-22
China,Sweden,Stockholm,2021,3701,Male,18-22
Nigeria,Ireland,Cork,2020,1508,Female,18-22
India,Australia,Melbourne,2022,9700,Male,18-22
Vietnam,USA,New York,2015,4224,Male,18-22
Kenya,Canada,Toronto,2022,4530,Female,23-26
China,South Korea,Daejeon,2024,5179,Female,18-22
Pakistan,Spain,Madrid,2016,2013,Female,23-26
Vietnam,Singapore,Singapore,2024,1887,Male,18-22
Turkey,Canada,Toronto,2015,2496,Female,23-26
Nepal,South Korea,Busan,2015,2617,Male,23-26
China,India,Mumbai,2017,1860,Female,18-22
Vietnam,Ireland,Cork,2018,690,Male,23-26
Turkey,UK,Birmingham,2022,3244,Male,23-26
Pakistan,UK,Manchester,2017,3908,Male,18-22
Vietnam,Singapore,Singapore,2018,2307,Female,18-22
Vietnam,Australia,Melbourne,2023,4430,Female,18-22
Vietnam,Australia,Melbourne,2018,3394,Female,23-26
Pakistan,Japan,Osaka,2020,2971,Male,23-26
India,UAE,Dubai,2022,2432,Female,18-22
China,Ireland,Cork,2019,1612,Male,18-22
China,India,Mumbai,2022,2493,Female,23-26
Turkey,South Africa,Cape Town,2019,1360,Male,18-22
Pakistan,Italy,Rome,2019,2271,Male,18-22
Nigeria,India,Delhi,2024,1912,Male,18-22
Kenya,Spain,Valencia,2020,2797,Female,18-22
Vietnam,Singapore,Singapore,2021,1804,Male,18-22
India,Singapore,Singapore,2017,4529,Female,18-22
Kenya,UK,Manchester,2015,3617,Female,18-22
Bangladesh,Germany,Munich,2016,2845,Male,27+
Brazil,Canada,Toronto,2018,3452,Female,18-22
Nepal,Japan,Osaka,2024,3299,Male,18-22
Nigeria,Finland,Tampere,2022,1034,Male,23-26
Bangladesh,Norway,Trondheim,2020,1352,Male,18-22
India,Spain,Barcelona,2023,7184,Male,23-26
Brazil,Sweden,Stockholm,2020,1708,Female,18-22
Turkey,Singapore,Singapore,2022,1597,Male,18-22
Pakistan,Russia,St. Petersburg,2017,1782,Male,23-26
Bangladesh,Finland,Turku,2020,752,Female,23-26
Nigeria,USA,Los Angeles,2022,9439,Male,18-22
India,South Korea,Busan,2015,4844,Female,18-22
China,Ireland,Dublin,2016,1471,Female,18-22
Turkey,Germany,Frankfurt,2024,3552,Male,18-22
India,South Korea,Seoul,2018,5732,Female,18-22
Pakistan,Italy,Rome,2019,1886,Male,18-22
Nigeria,South Korea,Seoul,2016,3098,Female,18-22
Brazil,USA,Chicago,2024,6883,Female,18-22
Turkey,Canada,Toronto,2019,3338,Male,23-26
Pakistan,Finland,Helsinki,2022,679,Male,18-22
Turkey,Russia,St. Petersburg,2022,2199,Female,18-22
Turkey,South Africa,Johannesburg,2015,1272,Female,23-26
Nepal,Singapore,Singapore,2022,2397,Female,23-26
China,Spain,Madrid,2016,3775,Male,23-26
Pakistan,Russia,Moscow,2017,1530,Female,18-22
Pakistan,Canada,Montreal,2016,2677,Female,18-22
India,Sweden,Stockholm,2022,4679,Male,18-22
Pakistan,USA,New York,2023,5828,Female,18-22
Nepal,Spain,Barcelona,2019,2172,Female,18-22
Bangladesh,Netherlands,Eindhoven,2016,1488,Male,18-22
Nepal,Sweden,Gothenburg,2016,967,Male,18-22
Brazil,Italy,Milan,2016,1818,Male,18-22
Pakistan,Netherlands,Eindhoven,2017,1237,Female,23-26
Nepal,France,Paris,2019,3018,Male,23-26
Pakistan,Norway,Bergen,2021,1414,Male,18-22
Kenya,Italy,Florence,2016,1080,Female,23-26
Pakistan,Spain,Valencia,2024,2607,Female,18-22
Kenya,Singapore,Singapore,2015,1917,Female,18-22
Pakistan,Italy,Rome,2019,1387,Male,18-22
India,Norway,Trondheim,2015,2417,Male,18-22
Brazil,Russia,Moscow,2020,2001,Female,23-26
Nigeria,Singapore,Singapore,2016,2611,Male,18-22
India,Canada,Vancouver,2023,10524,Male,18-22
Brazil,France,Marseille,2018,4382,Male,18-22
Vietnam,Finland,Turku,2021,622,Female,18-22
Vietnam,South Korea,Daejeon,2021,2335,Male,23-26
Kenya,Sweden,Gothenburg,2020,1237,Female,18-22
Pakistan,Ireland,Galway,2021,757,Male,18-22
China,UK,London,2021,9695,Male,18-22
Vietnam,Italy,Milan,2022,2488,Female,18-22
Turkey,Italy,Milan,2017,1898,Male,18-22
Pakistan,South Korea,Seoul,2018,2269,Female,18-22
Turkey,USA,Chicago,2018,5659,Male,23-26
Bangladesh,Norway,Oslo,2024,1813,Male,18-22
India,Sweden,Stockholm,2019,4153,Female,18-22
Bangladesh,Canada,Vancouver,2023,4759,Male,18-22
Brazil,Italy,Milan,2021,2554,Female,23-26
Turkey,UK,Birmingham,2019,5180,Female,23-26
Nigeria,South Africa,Cape Town,2017,2325,Male,23-26
India,USA,Los Angeles,2015,13303,Male,27+
Bangladesh,Germany,Hamburg,2019,1918,Male,23-26
Nigeria,Spain,Barcelona,2015,2152,Female,18-22
Brazil,Australia,Brisbane,2018,3138,Female,23-26
Nepal,Netherlands,Amsterdam,2016,1209,Male,23-26
Bangladesh,USA,Los Angeles,2018,5420,Male,18-22
India,USA,Los Angeles,2016,11582,Male,18-22
Turkey,Ireland,Dublin,2024,921,Female,27+
Nepal,Germany,Frankfurt,2021,3475,Female,27+
Vietnam,Sweden,Gothenburg,2018,1239,Female,23-26
Nigeria,Russia,St. Petersburg,2015,2576,Male,27+
Pakistan,Finland,Helsinki,2016,276,Male,23-26
Nepal,South Korea,Daejeon,2023,2575,Female,18-22
Nigeria,India,Mumbai,2016,1898,Male,18-22
Nigeria,Japan,Osaka,2016,3252,Male,18-22
Nepal,Italy,Florence,2019,2421,Male,18-22
Turkey,Sweden,Stockholm,2021,1671,Female,18-22
Nigeria,Netherlands,Eindhoven,2024,3356,Female,18-22
Turkey,UAE,Dubai,2021,1299,Female,23-26
Brazil,Canada,Toronto,2015,3256,Male,18-22
Turkey,Norway,Bergen,2018,1381,Female,23-26
Nigeria,Australia,Brisbane,2018,5474,Male,18-22
Brazil,South Africa,Pretoria,2022,1468,Male,18-22
China,Russia,St. Petersburg,2019,3690,Male,27+
Nigeria,Italy,Florence,2017,3244,Male,23-26
Turkey,Norway,Trondheim,2019,1259,Female,18-22
Turkey,South Korea,Seoul,2017,2085,Female,23-26
Brazil,UK,Manchester,2022,4781,Female,18-22
Turkey,UAE,Sharjah,2023,1230,Female,23-26
Nepal,Italy,Milan,2016,1734,Female,18-22
China,Russia,St. Petersburg,2016,3459,Female,18-22
Pakistan,Singapore,Singapore,2021,1739,Female,18-22
Nigeria,South Korea,Daejeon,2022,3998,Male,23-26
India,Russia,Kazan,2022,5654,Female,23-26
Vietnam,South Africa,Cape Town,2016,1199,Male,23-26
Bangladesh,Sweden,Uppsala,2018,1272,Male,18-22
Turkey,UK,London,2021,4464,Male,23-26
Nigeria,Australia,Brisbane,2022,6069,Female,23-26
India,Germany,Frankfurt,2016,6044,Female,18-22
Nepal,Finland,Tampere,2015,701,Male,23-26
Brazil,UAE,Dubai,2018,1058,Female,18-22
China,Finland,Helsinki,2024,1465,Non-binary,23-26
Nigeria,South Korea,Daejeon,2024,4041,Male,18-22
Bangladesh,Finland,Turku,2023,609,Male,18-22
Pakistan,France,Marseille,2020,3385,Female,18-22
Pakistan,Russia,Kazan,2020,2285,Male,23-26
Nepal,India,Delhi,2023,1398,Female,23-26
Bangladesh,Norway,Bergen,2020,1574,Male,23-26
Turkey,South Africa,Pretoria,2023,1913,Male,23-26
Vietnam,South Korea,Daejeon,2023,2470,Female,18-22
Nigeria,Netherlands,Rotterdam,2023,2892,Female,18-22
Turkey,Russia,St. Petersburg,2018,1428,Male,18-22
Brazil,Canada,Toronto,2023,3552,Male,18-22
Kenya,Ireland,Galway,2015,751,Female,18-22
Nepal,Italy,Milan,2021,2006,Female,18-22
Bangladesh,Russia,Kazan,2018,1886,Male,18-22
Turkey,UK,Manchester,2019,3618,Male,18-22
Nigeria,Netherlands,Eindhoven,2016,2341,Male,23-26
Pakistan,Sweden,Stockholm,2018,1754,Male,18-22
Nigeria,Japan,Kyoto,2015,3700,Female,18-22
Nigeria,Canada,Vancouver,2016,5001,Female,27+
Nigeria,UK,Birmingham,2018,4988,Female,18-22
Bangladesh,Netherlands,Amsterdam,2023,2173,Female,23-26
Nepal,South Africa,Cape Town,2023,1452,Male,18-22
China,Russia,Moscow,2019,3414,Male,18-22
China,France,Marseille,2015,4936,Male,23-26
Bangladesh,Netherlands,Rotterdam,2015,1168,Female,18-22
Bangladesh,UAE,Abu Dhabi,2021,987,Male,23-26
Kenya,Spain,Barcelona,2018,2475,Male,18-22
Nepal,Netherlands,Eindhoven,2024,2354,Male,18-22
China,Norway,Bergen,2024,3260,Male,23-26
Turkey,USA,Chicago,2017,7544,Male,18-22
Brazil,Sweden,Uppsala,2023,2068,Male,18-22
Bangladesh,USA,New York,2022,6220,Female,18-22
Brazil,Netherlands,Eindhoven,2021,2210,Male,18-22
Bangladesh,UK,Manchester,2024,4974,Female,23-26
Kenya,India,Delhi,2024,1465,Female,18-22
Nepal,Russia,Kazan,2017,1013,Female,18-22
Brazil,Canada,Vancouver,2020,3500,Female,23-26
Bangladesh,Finland,Turku,2023,901,Male,23-26
India,UAE,Abu Dhabi,2019,2444,Female,23-26
Bangladesh,Italy,Florence,2022,2989,Female,23-26
Vietnam,Singapore,Singapore,2018,2088,Male,27+
China,Japan,Tokyo,2016,4212,Male,18-22
Nepal,UAE,Abu Dhabi,2024,1225,Female,23-26
Nepal,UAE,Sharjah,2015,910,Male,18-22
China,Spain,Madrid,2023,5352,Male,18-22
Bangladesh,Finland,Helsinki,2020,844,Male,23-26
Pakistan,Singapore,Singapore,2018,1480,Male,23-26
Brazil,UAE,Sharjah,2022,972,Male,27+
India,Japan,Osaka,2016,5698,Female,18-22
Nigeria,Singapore,Singapore,2022,2995,Male,18-22
Nigeria,Germany,Munich,2020,4080,Female,18-22
Kenya,Singapore,Singapore,2017,2174,Female,18-22
Vietnam,Germany,Frankfurt,2019,3552,Male,18-22
Turkey,Germany,Munich,2019,2366,Female,23-26
Brazil,Finland,Tampere,2017,552,Male,23-26
Turkey,Russia,Kazan,2016,1593,Male,18-22
Kenya,UAE,Dubai,2019,925,Male,23-26
India,India,Bangalore,2017,2711,Male,23-26
Nigeria,Spain,Barcelona,2020,4067,Female,18-22
Pakistan,Ireland,Cork,2024,1070,Female,23-26
China,Italy,Florence,2022,5189,Female,23-26
India,Germany,Munich,2019,7969,Female,18-22
Bangladesh,Canada,Toronto,2015,3248,Female,18-22
Vietnam,India,Bangalore,2024,1580,Female,27+
Bangladesh,Netherlands,Rotterdam,2020,1933,Female,18-22
Kenya,Italy,Milan,2015,2170,Male,23-26
India,Sweden,Uppsala,2020,3721,Female,23-26
Bangladesh,South Africa,Cape Town,2018,1652,Male,23-26
Nigeria,Italy,Florence,2018,2902,Female,18-22
Bangladesh,South Africa,Cape Town,2019,1405,Male,23-26
Bangladesh,Singapore,Singapore,2019,2165,Female,23-26
Nigeria,USA,Boston,2021,9464,Male,23-26
Turkey,Canada,Vancouver,2017,4044,Female,23-26
Nigeria,Spain,Barcelona,2024,4492,Female,18-22
Nigeria,Japan,Osaka,2019,3648,Female,27+
Pakistan,Sweden,Gothenburg,2017,1569,Female,27+
India,Ireland,Dublin,2023,2259,Male,18-22
Turkey,Russia,Kazan,2020,1882,Female,18-22
Nepal,Spain,Valencia,2017,1803,Female,18-22
Pakistan,Spain,Barcelona,2015,2637,Male,27+
Kenya,Spain,Valencia,2020,2156,Male,23-26
Vietnam,Canada,Vancouver,2021,3554,Female,23-26
Vietnam,Australia,Brisbane,2023,4694,Female,18-22
Pakistan,India,Delhi,2022,1224,Female,18-22
Kenya,India,Mumbai,2024,1034,Male,27+
Bangladesh,Spain,Valencia,2024,3618,Male,18-22
India,Russia,Moscow,2021,4980,Female,18-22
India,Sweden,Stockholm,2016,3500,Male,23-26
China,Netherlands,Amsterdam,2015,2800,Female,18-22
India,Germany,Frankfurt,2021,7683,Male,18-22
Bangladesh,UK,Manchester,2022,5388,Male,27+
India,Canada,Montreal,2022,10733,Male,18-22
Vietnam,France,Paris,2023,3823,Female,23-26
China,South Korea,Busan,2022,5490,Female,18-22
Brazil,Singapore,Singapore,2024,2537,Male,18-22
Nigeria,Finland,Helsinki,2022,1011,Male,23-26
Nepal,South Africa,Johannesburg,2015,1219,Female,18-22
Pakistan,Russia,Kazan,2017,1256,Male,23-26
Nigeria,Canada,Montreal,2018,4901,Female,23-26
Nigeria,Singapore,Singapore,2015,2780,Male,18-22
Nepal,UAE,Sharjah,2022,1140,Female,18-22
Vietnam,Netherlands,Rotterdam,2017,1876,Female,18-22
China,Australia,Melbourne,2021,8124,Male,23-26
India,Australia,Sydney,2022,10393,Male,27+
Nepal,Sweden,Stockholm,2018,1841,Male,23-26
Turkey,France,Marseille,2017,3244,Female,23-26
Nigeria,Norway,Oslo,2024,2410,Male,27+
Kenya,Russia,Moscow,2022,2661,Male,18-22
China,South Africa,Pretoria,2016,3023,Male,18-22
Nepal,South Korea,Seoul,2018,2578,Male,27+
India,UK,Manchester,2017,8987,Female,18-22
India,UK,Birmingham,2019,10642,Female,23-26
Nepal,Italy,Rome,2022,2476,Male,18-22
China,Norway,Trondheim,2020,2501,Female,18-22
Brazil,Sweden,Gothenburg,2018,1476,Male,18-22
Turkey,UAE,Dubai,2021,999,Female,18-22
Nigeria,Netherlands,Amsterdam,2020,2682,Male,18-22
Brazil,Finland,Turku,2023,762,Male,23-26
Kenya,Japan,Tokyo,2022,3037,Female,18-22
Vietnam,Finland,Tampere,2024,671,Male,18-22
Vietnam,Sweden,Gothenburg,2017,1173,Male,18-22
Turkey,Germany,Frankfurt,2016,2008,Male,23-26
Pakistan,Sweden,Gothenburg,2018,1363,Male,18-22
Nepal,UAE,Abu Dhabi,2016,677,Male,18-22
India,Russia,Moscow,2023,5289,Female,18-22
China,France,Marseille,2017,6373,Female,18-22
Bangladesh,South Korea,Seoul,2022,2512,Male,18-22
Vietnam,South Korea,Daejeon,2021,2380,Male,18-22
Nigeria,Australia,Melbourne,2023,5936,Male,23-26
China,Ireland,Galway,2016,1854,Female,23-26
Pakistan,Ireland,Cork,2019,577,Male,18-22
China,Spain,Valencia,2021,5901,Female,27+
Turkey,Sweden,Uppsala,2019,1567,Male,18-22
Brazil,Canada,Montreal,2019,2821,Male,23-26
Pakistan,Finland,Helsinki,2020,579,Male,23-26
Brazil,India,Mumbai,2022,1192,Female,18-22
Bangladesh,UAE,Dubai,2016,839,Male,18-22
Nepal,Canada,Vancouver,2020,3295,Male,23-26
Kenya,Singapore,Singapore,2015,1350,Male,18-22
Turkey,Canada,Montreal,2018,3937,Female,18-22
China,Italy,Rome,2017,3981,Female,23-26
India,UK,London,2023,11980,Male,18-22
Vietnam,Singapore,Singapore,2017,1313,Female,23-26
Kenya,Canada,Toronto,2023,4380,Non-binary,27+
Turkey,Russia,Moscow,2016,1091,Male,18-22
Vietnam,USA,New York,2015,4567,Male,18-22
Brazil,Sweden,Uppsala,2020,1496,Female,18-22
China,Australia,Sydney,2020,7608,Male,23-26
Nepal,Ireland,Galway,2022,694,Female,18-22
Pakistan,France,Marseille,2022,3994,Female,23-26
Kenya,Finland,Tampere,2020,616,Female,18-22
Vietnam,Norway,Bergen,2015,1195,Female,18-22
Vietnam,Ireland,Galway,2018,1003,Male,18-22
Nigeria,South Africa,Pretoria,2019,2512,Male,23-26
Turkey,Japan,Kyoto,2017,2793,Male,18-22
Brazil,Spain,Madrid,2015,1870,Female,27+
Nigeria,Russia,St. Petersburg,2024,2994,Female,27+
Kenya,France,Paris,2021,3266,Male,18-22
Turkey,Norway,Bergen,2016,1258,Male,18-22
China,Sweden,Uppsala,2024,3918,Female,27+
Brazil,Germany,Berlin,2015,2037,Male,18-22
Nepal,Japan,Tokyo,2015,2244,Male,23-26
Nepal,Norway,Oslo,2018,855,Male,18-22
Turkey,South Korea,Busan,2015,2185,Male,23-26
Pakistan,Japan,Tokyo,2024,2999,Male,27+
Brazil,Australia,Melbourne,2022,4685,Male,23-26
Brazil,UK,London,2016,4023,Female,18-22
Nepal,Norway,Oslo,2022,1400,Female,18-22
Nigeria,Netherlands,Amsterdam,2019,2656,Male,23-26
Nigeria,Russia,Moscow,2021,2809,Female,23-26
Nepal,Australia,Sydney,2015,3052,Female,23-26
China,France,Paris,2020,7696,Female,18-22
India,Australia,Melbourne,2017,9266,Male,23-26
Vietnam,Canada,Montreal,2019,3338,Male,27+
Kenya,Italy,Rome,2015,1551,Male,23-26
Pakistan,Sweden,Gothenburg,2020,1483,Male,18-22
Pakistan,Australia,Sydney,2023,4896,Female,18-22
India,UK,London,2023,12211,Male,23-26
Nigeria,Sweden,Uppsala,2022,2645,Female,18-22
Nepal,UAE,Dubai,2023,1035,Female,27+
Brazil,Australia,Sydney,2019,4181,Female,18-22
Vietnam,UAE,Dubai,2023,1061,Female,27+
Pakistan,Norway,Oslo,2017,1044,Female,23-26
India,USA,Los Angeles,2024,19680,Female,18-22
Vietnam,Canada,Montreal,2021,4148,Female,18-22
India,Italy,Rome,2022,5914,Female,27+
Pakistan,UAE,Sharjah,2016,880,Female,18-22
India,Finland,Turku,2017,1316,Female,23-26
Nigeria,Finland,Tampere,2020,815,Male,23-26
Bangladesh,Ireland,Dublin,2023,868,Female,23-26
Pakistan,Finland,Turku,2018,608,Male,23-26
Nigeria,South Africa,Cape Town,2019,1992,Female,23-26
India,Finland,Tampere,2021,1565,Female,23-26
India,Sweden,Stockholm,2022,4384,Male,18-22
Bangladesh,UK,Birmingham,2018,4932,Female,18-22
Brazil,France,Lyon,2021,3944,Male,18-22
Turkey,Japan,Kyoto,2023,3128,Male,27+
Pakistan,Ireland,Dublin,2015,380,Male,23-26
Pakistan,Germany,Frankfurt,2019,2666,Male,23-26
Nepal,South Korea,Daejeon,2021,2847,Female,18-22
Turkey,Finland,Helsinki,2016,471,Male,18-22
Turkey,France,Paris,2021,3646,Male,18-22
Vietnam,Japan,Tokyo,2023,2794,Female,18-22
Vietnam,Spain,Valencia,2016,1576,Male,27+
Brazil,Norway,Bergen,2020,1479,Male,18-22
India,India,Bangalore,2019,3394,Male,18-22
Turkey,South Africa,Pretoria,2019,1378,Female,18-22
Nigeria,South Korea,Daejeon,2018,4505,Male,18-22
Turkey,Canada,Montreal,2022,4738,Female,18-22
Bangladesh,Ireland,Dublin,2017,755,Female,23-26
Bangladesh,India,Mumbai,2018,1015,Female,18-22
Pakistan,Spain,Madrid,2022,3201,Male,18-22
India,UK,Birmingham,2020,11281,Female,23-26
Pakistan,Australia,Melbourne,2019,3703,Male,27+
Turkey,Sweden,Uppsala,2021,1325,Female,23-26
India,South Africa,Cape Town,2020,3327,Female,27+
Vietnam,Australia,Sydney,2021,3752,Male,18-22
Kenya,France,Marseille,2024,2908,Female,18-22
China,Australia,Melbourne,2020,7240,Female,18-22
India,Finland,Helsinki,2019,1332,Male,18-22
China,UAE,Dubai,2020,2273,Female,18-22
Vietnam,Japan,Osaka,2019,2189,Female,23-26
Nepal,Finland,Turku,2024,694,Male,27+
China,Italy,Milan,2020,4558,Female,18-22
Kenya,UAE,Sharjah,2016,918,Female,23-26
Brazil,USA,New York,2019,7198,Male,18-22
Brazil,Canada,Toronto,2016,3352,Male,27+
China,Germany,Hamburg,2019,4475,Female,18-22
Brazil,Finland,Tampere,2018,586,Male,23-26
Brazil,South Korea,Busan,2015,2089,Male,27+
Pakistan,Japan,Tokyo,2019,2326,Male,18-22
Nigeria,Spain,Barcelona,2018,3033,Male,18-22
Nigeria,Norway,Trondheim,2015,1868,Female,18-22
Nepal,Singapore,Singapore,2015,1750,Male,18-22
India,Canada,Vancouver,2018,8896,Female,27+
Bangladesh,Canada,Montreal,2018,3227,Male,23-26
Nepal,USA,Los Angeles,2022,6601,Male,23-26
Pakistan,Russia,St. Petersburg,2017,1676,Male,23-26
Vietnam,UK,London,2017,4362,Female,27+
India,Canada,Toronto,2021,9758,Female,23-26
Brazil,Sweden,Stockholm,2018,1243,Female,18-22
Turkey,Netherlands,Amsterdam,2017,1926,Male,18-22
Brazil,UK,Manchester,2024,6089,Male,18-22
Vietnam,Germany,Frankfurt,2018,2545,Male,18-22
India,Finland,Helsinki,2020,1777,Female,18-22
Pakistan,Singapore,Singapore,2020,1721,Male,23-26
Vietnam,Italy,Florence,2023,2274,Female,18-22
Turkey,UAE,Sharjah,2024,1239,Male,23-26
Turkey,Singapore,Singapore,2021,2457,Male,18-22
India,Finland,Helsinki,2024,1993,Male,23-26
China,Canada,Vancouver,2024,8486,Female,18-22
Kenya,Italy,Florence,2023,2280,Non-binary,18-22
Nepal,Norway,Bergen,2015,1184,Female,23-26
Kenya,Russia,Moscow,2019,1395,Male,18-22
Vietnam,Germany,Frankfurt,2021,3633,Male,18-22
Brazil,Spain,Madrid,2024,2788,Male,18-22
Nigeria,Norway,Bergen,2019,1981,Female,23-26
Nigeria,South Africa,Cape Town,2018,1807,Female,18-22
Brazil,Ireland,Galway,2023,1045,Female,23-26
Kenya,France,Marseille,2020,2597,Female,18-22
India,Russia,Moscow,2020,4163,Non-binary,23-26
Pakistan,Finland,Helsinki,2017,567,Male,18-22
Turkey,France,Paris,2016,3289,Male,27+
Bangladesh,Australia,Sydney,2015,3661,Male,18-22
Pakistan,Germany,Hamburg,2019,2944,Male,18-22
Turkey,South Africa,Johannesburg,2018,1429,Male,18-22
Brazil,Ireland,Cork,2018,950,Male,18-22
Vietnam,Singapore,Singapore,2018,1753,Female,18-22
China,Germany,Berlin,2022,6186,Male,18-22
Kenya,Norway,Trondheim,2017,965,Female,18-22
Pakistan,Norway,Bergen,2019,1374,Female,23-26
Nepal,South Africa,Johannesburg,2016,1209,Male,18-22
Bangladesh,Italy,Rome,2023,2990,Male,18-22
Turkey,UAE,Dubai,2021,1155,Female,23-26
Turkey,Ireland,Galway,2020,867,Male,23-26
Pakistan,Japan,Osaka,2022,2899,Male,18-22
India,Singapore,Singapore,2022,4931,Female,23-26
Vietnam,India,Bangalore,2019,1227,Female,18-22
Nigeria,India,Delhi,2019,1995,Female,18-22
Bangladesh,Italy,Florence,2017,2571,Female,23-26
Bangladesh,Ireland,Cork,2021,794,Male,18-22
Vietnam,Russia,Moscow,2021,2339,Male,18-22
Nepal,Australia,Brisbane,2018,3650,Male,18-22
Vietnam,Netherlands,Eindhoven,2020,2050,Female,27+
Bangladesh,Australia,Sydney,2023,4935,Male,18-22
Vietnam,USA,Chicago,2021,8668,Male,18-22
China,USA,New York,2021,12903,Male,23-26
Brazil,UAE,Abu Dhabi,2015,657,Male,18-22
Bangladesh,UK,London,2023,4802,Male,23-26
Brazil,Japan,Osaka,2016,2151,Female,27+
Vietnam,Singapore,Singapore,2016,1355,Male,18-22
Bangladesh,France,Marseille,2023,3911,Male,18-22
Kenya,South Korea,Daejeon,2015,2495,Male,18-22
China,Italy,Florence,2018,4010,Male,18-22
China,USA,Boston,2016,9950,Male,18-22
Kenya,Sweden,Uppsala,2022,1919,Male,27+
Nigeria,UK,Birmingham,2019,7072,Female,23-26
Nepal,Russia,Kazan,2021,2127,Female,23-26
Vietnam,South Korea,Busan,2015,2299,Female,18-22
Vietnam,UK,Manchester,2020,4078,Male,18-22
Nepal,Sweden,Gothenburg,2019,1722,Male,23-26
Pakistan,South Africa,Johannesburg,2024,1751,Male,23-26
Vietnam,Italy,Florence,2016,1583,Female,23-26
Nepal,Finland,Helsinki,2023,796,Female,18-22
Pakistan,Spain,Barcelona,2015,2189,Male,18-22
India,South Africa,Pretoria,2022,3478,Male,27+
Kenya,Singapore,Singapore,2024,1536,Male,23-26
Brazil,Finland,Turku,2022,823,Male,23-26
Nigeria,Italy,Rome,2018,1987,Female,23-26
Brazil,South Korea,Busan,2019,2753,Female,18-22
Brazil,Russia,St. Petersburg,2019,1730,Male,23-26
Nigeria,Finland,Turku,2018,841,Male,27+
China,Japan,Osaka,2017,4702,Female,23-26
Turkey,Canada,Toronto,2021,4279,Male,18-22
Nigeria,Australia,Brisbane,2021,5922,Male,23-26
Kenya,Australia,Brisbane,2019,3583,Male,18-22
Pakistan,Australia,Sydney,2016,3724,Male,23-26
Bangladesh,Australia,Melbourne,2022,4133,Female,18-22
Bangladesh,Spain,Barcelona,2024,2516,Male,23-26
Kenya,Spain,Madrid,2016,2212,Male,27+
India,Norway,Oslo,2021,3263,Female,23-26
Kenya,USA,Boston,2016,6324,Female,18-22
Kenya,South Africa,Johannesburg,2016,1024,Male,27+
Pakistan,USA,Boston,2024,7695,Male,23-26
Pakistan,South Africa,Johannesburg,2019,1314,Male,18-22
Nigeria,Netherlands,Amsterdam,2018,2567,Female,18-22
Kenya,UAE,Abu Dhabi,2022,1208,Male,23-26
Nigeria,UAE,Dubai,2019,1623,Male,23-26
Kenya,Ireland,Dublin,2021,845,Female,18-22
Vietnam,Russia,St. Petersburg,2024,2058,Male,18-22
Brazil,USA,Boston,2024,5595,Male,18-22
Brazil,Japan,Kyoto,2019,2948,Male,18-22
India,USA,Boston,2019,15225,Male,23-26
Vietnam,Sweden,Gothenburg,2018,1214,Female,23-26
Nepal,Sweden,Stockholm,2016,1065,Female,18-22
Vietnam,Finland,Helsinki,2024,667,Female,27+
India,Norway,Trondheim,2019,3003,Male,23-26
Kenya,Sweden,Uppsala,2019,1035,Male,18-22
Nigeria,Germany,Berlin,2019,4716,Female,18-22
Bangladesh,Italy,Florence,2024,2436,Male,18-22
Brazil,Canada,Vancouver,2024,4194,Female,18-22
China,Canada,Montreal,2019,7154,Female,27+
Bangladesh,Germany,Frankfurt,2024,3277,Male,23-26
Vietnam,France,Marseille,2020,2670,Male,18-22
Vietnam,UAE,Dubai,2022,805,Male,23-26
Turkey,USA,Chicago,2017,5295,Male,18-22
Bangladesh,Italy,Florence,2021,2030,Male,18-22
Nigeria,Canada,Vancouver,2021,6008,Male,18-22
Pakistan,Finland,Turku,2016,474,Female,18-22
India,Sweden,Uppsala,2015,3846,Female,23-26
Kenya,Norway,Oslo,2015,1211,Male,18-22
Bangladesh,Germany,Berlin,2023,3841,Male,18-22
Vietnam,Japan,Tokyo,2023,2766,Female,18-22
China,Russia,St. Petersburg,2018,3935,Male,27+
China,UAE,Abu Dhabi,2021,1976,Female,18-22
Nepal,Australia,Brisbane,2021,4192,Female,18-22
Brazil,Russia,St. Petersburg,2015,1734,Female,18-22
Nepal,Italy,Milan,2016,2076,Male,23-26
Pakistan,Australia,Sydney,2018,3784,Male,18-22
Nepal,Spain,Barcelona,2022,2025,Male,18-22
Nepal,India,Bangalore,2022,1571,Non-binary,18-22
Vietnam,Russia,Moscow,2021,1919,Male,23-26
Turkey,USA,New York,2016,4332,Male,18-22
China,Russia,St. Petersburg,2021,4167,Female,18-22
Brazil,Canada,Toronto,2020,3298,Male,18-22
Nigeria,UK,Birmingham,2017,5660,Female,18-22
Vietnam,Australia,Melbourne,2020,3739,Male,23-26
China,Netherlands,Eindhoven,2019,3957,Male,18-22
Bangladesh,Canada,Vancouver,2020,4542,Female,23-26
Pakistan,Sweden,Stockholm,2018,1471,Male,23-26
Brazil,Australia,Sydney,2018,3385,Female,23-26
Nepal,USA,Boston,2022,7173,Male,18-22
Pakistan,Germany,Berlin,2018,2482,Male,18-22
Brazil,Finland,Helsinki,2023,610,Female,18-22
Brazil,Australia,Melbourne,2024,4994,Female,18-22
Pakistan,Italy,Rome,2020,2347,Male,23-26
Pakistan,USA,Los Angeles,2015,6839,Female,23-26
India,Sweden,Stockholm,2018,3712,Male,23-26
Turkey,Singapore,Singapore,2015,1236,Male,23-26
Brazil,South Africa,Johannesburg,2023,1424,Male,23-26
Pakistan,South Africa,Cape Town,2020,1270,Female,23-26
Pakistan,Australia,Melbourne,2019,3351,Female,18-22
Pakistan,South Korea,Seoul,2016,2144,Male,18-22
Vietnam,Canada,Toronto,2018,3251,Female,18-22
Turkey,Japan,Tokyo,2023,2796,Male,18-22
Vietnam,Italy,Rome,2021,1893,Male,18-22
Nepal,UK,London,2024,4894,Female,23-26
Kenya,Japan,Kyoto,2023,3001,Male,18-22
China,Russia,Moscow,2017,3082,Male,18-22
China,Canada,Vancouver,2023,7209,Female,18-22
China,UAE,Sharjah,2017,1666,Female,18-22
Kenya,Russia,Moscow,2021,1796,Female,23-26
India,Netherlands,Amsterdam,2015,3927,Female,27+
Turkey,Germany,Munich,2017,2776,Male,23-26
Kenya,Russia,St. Petersburg,2018,1956,Female,23-26
Pakistan,Italy,Florence,2019,2839,Female,27+
China,Japan,Tokyo,2017,5112,Male,18-22
Kenya,Germany,Hamburg,2024,3115,Female,23-26
Nigeria,Russia,Kazan,2024,3396,Male,18-22
Bangladesh,Australia,Brisbane,2020,3987,Female,18-22
Nigeria,Ireland,Dublin,2022,1401,Female,23-26
India,Singapore,Singapore,2019,4605,Female,23-26
Nigeria,Finland,Helsinki,2019,1075,Male,23-26
Turkey,Finland,Helsinki,2019,520,Female,23-26
Vietnam,South Korea,Daejeon,2020,1649,Male,23-26
Pakistan,Spain,Madrid,2016,2058,Male,18-22
China,Singapore,Singapore,2022,4399,Female,18-22
Pakistan,Norway,Bergen,2021,1445,Female,18-22
Pakistan,South Africa,Pretoria,2018,1266,Male,23-26
Pakistan,Italy,Milan,2022,2890,Female,23-26
Bangladesh,UAE,Dubai,2022,1469,Male,18-22
Vietnam,Finland,Helsinki,2015,334,Male,18-22
Kenya,Canada,Montreal,2018,2366,Female,23-26
India,Japan,Tokyo,2022,7459,Male,23-26
Brazil,Norway,Oslo,2022,1567,Male,27+
Turkey,Australia,Melbourne,2023,3537,Male,18-22
China,Singapore,Singapore,2020,4179,Male,27+
Vietnam,UK,Manchester,2021,4366,Male,23-26
China,India,Bangalore,2019,2266,Male,18-22
Turkey,Norway,Bergen,2024,1554,Female,18-22
India,Sweden,Gothenburg,2020,4088,Female,27+
Vietnam,Sweden,Uppsala,2022,1221,Female,27+
India,Netherlands,Amsterdam,2015,3914,Male,18-22
Vietnam,Finland,Helsinki,2017,609,Female,18-22
Nepal,Australia,Melbourne,2024,5433,Male,23-26
Nepal,Ireland,Dublin,2017,749,Female,23-26
Nigeria,Germany,Hamburg,2020,4988,Male,18-22
Nepal,South Korea,Busan,2021,2412,Female,23-26
Kenya,India,Bangalore,2020,1677,Female,23-26
India,Netherlands,Rotterdam,2018,4147,Male,23-26
Nepal,Finland,Helsinki,2015,361,Female,18-22
Pakistan,South Africa,Pretoria,2018,1361,Male,18-22
Kenya,Norway,Bergen,2015,1087,Female,23-26
Brazil,Australia,Melbourne,2021,3167,Male,23-26
India,USA,Chicago,2019,13841,Male,18-22
Vietnam,Finland,Turku,2020,587,Male,27+
Turkey,Singapore,Singapore,2022,2072,Female,18-22
Nepal,Canada,Toronto,2019,3589,Male,18-22
Vietnam,Netherlands,Amsterdam,2018,1984,Male,23-26
Brazil,South Korea,Seoul,2023,2239,Male,18-22
Vietnam,Russia,Moscow,2015,1475,Female,27+
China,UK,London,2019,9216,Female,23-26
India,Italy,Rome,2019,5260,Non-binary,23-26
Nigeria,Sweden,Stockholm,2018,2551,Female,23-26
Nigeria,Canada,Montreal,2019,5626,Male,23-26
Bangladesh,Australia,Brisbane,2017,3560,Male,18-22
Turkey,Russia,Moscow,2015,1536,Male,23-26
Brazil,Ireland,Dublin,2019,993,Male,18-22
Pakistan,Finland,Turku,2020,754,Female,23-26
Nepal,India,Delhi,2015,900,Female,23-26
Bangladesh,Italy,Milan,2020,2048,Male,18-22
Brazil,India,Mumbai,2022,1514,Male,23-26
Nepal,Canada,Toronto,2017,2710,Female,18-22
China,Finland,Tampere,2023,1410,Female,18-22
Bangladesh,South Africa,Cape Town,2020,1423,Female,23-26
Nepal,Japan,Kyoto,2023,3426,Male,27+
Nepal,France,Paris,2021,3100,Male,23-26
Kenya,Netherlands,Amsterdam,2023,1606,Male,23-26
China,Spain,Madrid,2020,4715,Female,27+
Turkey,Spain,Barcelona,2024,2566,Male,27+
Nigeria,Russia,St. Petersburg,2020,3145,Female,23-26
Turkey,Japan,Tokyo,2017,2142,Female,18-22
Nigeria,Spain,Barcelona,2018,3577,Female,23-26
China,Sweden,Gothenburg,2016,2311,Male,23-26
China,Japan,Kyoto,2020,5354,Female,23-26
India,India,Mumbai,2019,3176,Male,23-26
Vietnam,UK,London,2017,4329,Male,18-22
Nigeria,Netherlands,Amsterdam,2024,3193,Male,18-22
Bangladesh,Singapore,Singapore,2022,2477,Female,18-22
China,Ireland,Cork,2016,1270,Male,18-22
Vietnam,Japan,Tokyo,2022,2803,Male,23-26
Pakistan,USA,New York,2018,6074,Female,18-22
Pakistan,Sweden,Uppsala,2019,1656,Male,18-22
China,Sweden,Uppsala,2017,2886,Male,23-26
Bangladesh,Spain,Valencia,2021,2141,Non-binary,18-22
Bangladesh,South Korea,Daejeon,2017,2244,Female,27+
Nepal,Japan,Osaka,2022,3118,Female,18-22
Nepal,Norway,Oslo,2017,1181,Female,23-26
India,Singapore,Singapore,2016,4393,Female,18-22
Brazil,India,Bangalore,2024,1682,Female,27+
India,Russia,Moscow,2018,4511,Male,27+
Turkey,South Africa,Cape Town,2021,1698,Male,18-22
Bangladesh,Russia,St. Petersburg,2017,1948,Female,23-26
Pakistan,USA,Chicago,2016,5254,Female,18-22
Nepal,UK,London,2021,3286,Female,18-22
India,Sweden,Gothenburg,2021,3702,Male,27+
Turkey,Netherlands,Rotterdam,2018,1661,Female,18-22
Nepal,Finland,Turku,2017,545,Male,18-22
Pakistan,South Africa,Johannesburg,2016,1462,Male,27+
Vietnam,South Korea,Busan,2016,2397,Male,18-22
Turkey,Russia,St. Petersburg,2020,1694,Female,18-22
Brazil,Japan,Tokyo,2022,2883,Female,27+
China,Italy,Milan,2020,3931,Male,18-22
Nepal,USA,Los Angeles,2020,4055,Non-binary,23-26
Vietnam,Singapore,Singapore,2017,1645,Male,18-22
Kenya,Australia,Sydney,2024,3424,Female,23-26
Pakistan,Canada,Montreal,2020,3085,Male,23-26
Turkey,Singapore,Singapore,2017,1430,Female,18-22
Nepal,Spain,Barcelona,2018,2374,Male,18-22
Vietnam,USA,New York,2015,4192,Male,18-22
Nepal,Netherlands,Rotterdam,2018,1904,Male,23-26
China,Germany,Munich,2015,5625,Male,18-22
Kenya,Singapore,Singapore,2016,1169,Female,23-26
Brazil,USA,Boston,2019,3959,Male,23-26
Vietnam,Netherlands,Amsterdam,2021,2011,Male,23-26
Vietnam,Australia,Brisbane,2020,3922,Male,27+
Brazil,Singapore,Singapore,2020,1833,Female,18-22
Bangladesh,Australia,Melbourne,2020,3707,Male,18-22
Kenya,Norway,Bergen,2015,1186,Female,23-26
Vietnam,Ireland,Cork,2023,1071,Female,23-26
Nepal,Italy,Milan,2018,1740,Male,18-22
India,UK,London,2016,9459,Male,23-26
Nepal,Ireland,Galway,2018,864,Male,18-22
Pakistan,Russia,St. Petersburg,2023,2212,Female,18-22
Turkey,South Africa,Pretoria,2024,1515,Male,18-22
Pakistan,Netherlands,Amsterdam,2024,2323,Female,23-26
Nepal,Germany,Frankfurt,2016,2151,Female,18-22
Bangladesh,South Korea,Daejeon,2022,2875,Male,23-26
Turkey,Japan,Osaka,2021,2801,Female,23-26
Pakistan,Netherlands,Rotterdam,2018,1719,Male,27+
Brazil,Japan,Tokyo,2020,2016,Female,27+
Bangladesh,UAE,Abu Dhabi,2017,1095,Male,23-26
Nigeria,UAE,Sharjah,2020,1511,Male,18-22
China,Singapore,Singapore,2015,2896,Female,18-22
Pakistan,Japan,Kyoto,2020,3112,Female,27+
China,Norway,Oslo,2021,2592,Male,18-22
China,Sweden,Stockholm,2023,3917,Male,18-22
Vietnam,Spain,Valencia,2020,2358,Female,23-26
Brazil,Italy,Rome,2022,1900,Male,23-26
China,Japan,Osaka,2023,6092,Female,18-22
Bangladesh,Germany,Hamburg,2020,2968,Male,27+
India,Ireland,Cork,2021,1973,Non-binary,18-22
Nepal,Norway,Oslo,2021,1060,Male,18-22
Pakistan,Japan,Kyoto,2016,2009,Male,18-22
Vietnam,Norway,Trondheim,2018,1302,Male,23-26
Nepal,Canada,Vancouver,2018,2246,Male,27+
Turkey,Sweden,Stockholm,2021,1791,Female,23-26
Bangladesh,Spain,Barcelona,2015,2247,Female,23-26
Pakistan,Ireland,Galway,2021,974,Female,18-22
Turkey,UAE,Dubai,2023,859,Male,18-22
Kenya,Italy,Florence,2024,3061,Male,18-22
Kenya,Australia,Sydney,2018,3706,Male,18-22
India,India,Delhi,2022,3224,Female,23-26
China,Norway,Oslo,2020,3022,Male,18-22
India,UK,London,2015,8392,Female,18-22
Kenya,Norway,Trondheim,2020,1791,Female,18-22
China,Russia,Kazan,2022,4383,Male,18-22
Brazil,Australia,Sydney,2016,2988,Female,18-22
Nepal,Russia,St. Petersburg,2018,1542,Male,23-26
Nepal,Spain,Barcelona,2018,2746,Female,23-26
Kenya,Russia,St. Petersburg,2017,1969,Female,23-26
India,Finland,Helsinki,2018,1431,Male,18-22
Nepal,Singapore,Singapore,2023,1704,Male,23-26
Bangladesh,USA,Boston,2017,4469,Male,18-22
Kenya,South Africa,Pretoria,2016,1413,Female,18-22
Turkey,Germany,Hamburg,2019,3159,Female,27+
Kenya,UK,Manchester,2023,3748,Male,18-22
Pakistan,Australia,Melbourne,2020,3422,Female,23-26
Pakistan,South Korea,Daejeon,2017,2556,Female,18-22
Kenya,Canada,Toronto,2022,4668,Male,23-26
China,UAE,Sharjah,2019,1987,Female,27+
China,Singapore,Singapore,2023,4287,Male,23-26
Vietnam,Finland,Helsinki,2015,396,Male,18-22
Bangladesh,South Korea,Daejeon,2021,2729,Female,18-22
Pakistan,Canada,Toronto,2021,2955,Male,18-22
Brazil,USA,Chicago,2017,4469,Male,23-26
Turkey,Finland,Turku,2016,487,Female,27+
Vietnam,UAE,Sharjah,2023,1177,Male,18-22
Turkey,Ireland,Galway,2018,991,Male,18-22
Vietnam,Australia,Sydney,2019,3187,Male,23-26
Nigeria,France,Lyon,2020,5291,Male,23-26
Kenya,Sweden,Stockholm,2019,1480,Female,23-26
China,Ireland,Galway,2022,1982,Male,27+
Brazil,Spain,Valencia,2024,2206,Male,18-22
Brazil,India,Bangalore,2015,1354,Male,18-22
Brazil,Australia,Brisbane,2024,4432,Female,23-26
Brazil,Australia,Brisbane,2020,3397,Male,23-26
India,Ireland,Dublin,2020,2088,Male,23-26
China,Finland,Tampere,2022,1420,Male,18-22
Bangladesh,USA,New York,2018,5545,Male,18-22
India,South Africa,Johannesburg,2019,3313,Male,18-22
Vietnam,Spain,Barcelona,2021,2676,Female,23-26
Turkey,Germany,Munich,2020,2820,Female,18-22
China,Netherlands,Amsterdam,2020,3485,Male,23-26
Vietnam,Norway,Oslo,2022,1050,Male,18-22
India,Canada,Montreal,2018,8496,Male,23-26
Bangladesh,Germany,Frankfurt,2015,1612,Female,23-26
Nigeria,South Africa,Pretoria,2015,2072,Male,18-22
Nigeria,Russia,Moscow,2016,1767,Male,23-26
Kenya,UK,Manchester,2019,4609,Male,18-22
Kenya,France,Marseille,2022,3495,Female,18-22
Nepal,Ireland,Galway,2017,606,Female,23-26
Turkey,Singapore,Singapore,2018,1386,Male,23-26
Nepal,France,Marseille,2020,3087,Female,18-22
Nepal,France,Lyon,2016,3252,Female,18-22
Pakistan,Germany,Frankfurt,2020,3369,Male,23-26
Bangladesh,Ireland,Dublin,2015,682,Female,18-22
Kenya,Russia,Kazan,2020,2411,Male,18-22
China,USA,Chicago,2024,15194,Male,23-26
Turkey,Australia,Melbourne,2019,3507,Female,18-22
Pakistan,Italy,Rome,2018,2103,Female,18-22
Pakistan,Ireland,Galway,2021,951,Female,18-22
Brazil,Ireland,Cork,2021,841,Male,18-22
Nigeria,France,Paris,2015,4772,Female,18-22
Bangladesh,Norway,Oslo,2023,1366,Male,23-26
Turkey,Russia,Kazan,2024,2453,Male,23-26
Kenya,Finland,Helsinki,2015,496,Female,18-22
China,Finland,Helsinki,2015,1196,Female,27+
Nepal,Germany,Berlin,2018,2588,Male,18-22
Brazil,Netherlands,Amsterdam,2024,2069,Female,23-26
Brazil,Canada,Toronto,2017,3965,Female,23-26
Pakistan,Japan,Kyoto,2020,2180,Male,23-26
India,Netherlands,Rotterdam,2024,5877,Female,23-26
Vietnam,UK,Manchester,2023,5227,Female,18-22
Vietnam,France,Paris,2022,4182,Female,23-26
India,USA,Boston,2017,13305,Female,18-22
Vietnam,Canada,Montreal,2016,2696,Female,23-26
Nepal,France,Lyon,2023,4505,Female,23-26
China,Sweden,Stockholm,2023,3332,Female,27+
India,South Korea,Seoul,2020,5771,Male,23-26
Bangladesh,Japan,Kyoto,2022,2950,Male,18-22
Nigeria,India,Bangalore,2024,2088,Male,18-22
Bangladesh,India,Delhi,2020,1644,Male,18-22
Pakistan,South Korea,Busan,2019,2441,Male,18-22
Brazil,Spain,Barcelona,2018,2286,Male,18-22
Vietnam,France,Paris,2016,2867,Female,23-26
Nigeria,Spain,Madrid,2023,4666,Female,18-22
Vietnam,Germany,Berlin,2024,2934,Female,18-22
Nigeria,Japan,Kyoto,2015,2845,Male,18-22
India,Singapore,Singapore,2015,4065,Female,27+
Bangladesh,Australia,Melbourne,2019,4699,Male,23-26
Bangladesh,South Africa,Johannesburg,2017,1272,Male,23-26
Nepal,Ireland,Dublin,2017,1195,Male,18-22
Nigeria,France,Marseille,2018,4665,Male,23-26
Pakistan,USA,Chicago,2023,8531,Female,18-22
Turkey,Singapore,Singapore,2020,2214,Non-binary,18-22
Nepal,Australia,Melbourne,2015,2480,Female,23-26
Kenya,UK,Manchester,2020,4246,Female,23-26
Kenya,Netherlands,Eindhoven,2021,2313,Female,18-22
Nigeria,Australia,Sydney,2017,4060,Male,23-26
India,Japan,Tokyo,2015,5742,Female,23-26
China,Germany,Hamburg,2020,6428,Male,18-22
China,Netherlands,Amsterdam,2015,3232,Female,18-22
Turkey,Canada,Toronto,2021,4336,Male,18-22
Pakistan,Netherlands,Rotterdam,2021,1914,Male,18-22
Brazil,Finland,Tampere,2017,583,Male,18-22
Nepal,Russia,Moscow,2021,2282,Male,23-26
Turkey,Finland,Turku,2019,668,Male,18-22
Kenya,South Africa,Johannesburg,2023,2165,Female,18-22
Brazil,Finland,Helsinki,2016,383,Male,23-26
Kenya,Australia,Brisbane,2016,3632,Male,18-22
Nigeria,USA,Boston,2019,9295,Female,18-22
Pakistan,Japan,Kyoto,2023,3045,Male,18-22
Turkey,USA,Los Angeles,2015,3891,Male,23-26
Kenya,Russia,St. Petersburg,2017,1593,Male,27+
Vietnam,Russia,Moscow,2022,2323,Female,18-22
Kenya,Canada,Toronto,2018,3706,Female,18-22
Turkey,Russia,St. Petersburg,2024,1276,Male,23-26
Nigeria,Spain,Madrid,2024,4290,Male,18-22
Kenya,France,Marseille,2015,2864,Male,27+
India,UAE,Dubai,2015,2173,Male,18-22
Pakistan,Sweden,Stockholm,2020,1715,Male,23-26
Nepal,Singapore,Singapore,2024,1814,Male,18-22
Brazil,USA,Los Angeles,2018,4108,Female,18-22
Brazil,Netherlands,Amsterdam,2019,1823,Female,23-26
Bangladesh,South Africa,Pretoria,2021,1548,Female,18-22
Brazil,Ireland,Cork,2016,793,Male,23-26
China,Italy,Milan,2015,3597,Female,23-26
Bangladesh,Norway,Bergen,2022,1671,Male,23-26
India,UK,Birmingham,2024,14002,Female,18-22
Pakistan,Singapore,Singapore,2018,2135,Male,27+
Bangladesh,Spain,Madrid,2024,3204,Female,18-22
Nepal,Russia,Moscow,2021,1861,Non-binary,18-22
Vietnam,Singapore,Singapore,2024,2541,Female,18-22
Turkey,Spain,Valencia,2024,3322,Male,23-26
Nigeria,Sweden,Stockholm,2020,2490,Female,18-22
Brazil,India,Delhi,2019,1327,Male,18-22
Vietnam,Australia,Brisbane,2024,3972,Male,23-26
Kenya,India,Mumbai,2023,1550,Female,18-22
Nigeria,Netherlands,Rotterdam,2019,2524,Male,23-26
Nepal,Ireland,Cork,2016,932,Female,27+
Pakistan,Australia,Brisbane,2021,3470,Male,23-26
Brazil,South Korea,Daejeon,2023,2638,Female,27+
Turkey,South Korea,Busan,2021,3179,Male,18-22
Nigeria,USA,Chicago,2022,10780,Female,18-22
Kenya,Netherlands,Amsterdam,2015,1880,Male,18-22
Turkey,South Korea,Busan,2018,1628,Female,18-22
Nigeria,Canada,Toronto,2024,6279,Female,18-22
Nigeria,Ireland,Cork,2021,1142,Non-binary,23-26
China,UAE,Abu Dhabi,2022,2155,Male,23-26
Turkey,Italy,Florence,2023,2202,Male,18-22
India,Singapore,Singapore,2019,5196,Male,18-22
Nigeria,Australia,Melbourne,2021,4985,Male,23-26
Bangladesh,France,Marseille,2016,2324,Male,23-26
China,Netherlands,Eindhoven,2020,3537,Male,23-26
Pakistan,Italy,Rome,2019,1986,Female,18-22
China,UAE,Dubai,2020,1985,Female,23-26
Kenya,USA,Boston,2020,6858,Female,18-22
India,USA,Los Angeles,2017,15249,Male,23-26
Bangladesh,Germany,Munich,2024,3864,Male,18-22
Kenya,Netherlands,Amsterdam,2021,1756,Female,18-22
Vietnam,South Korea,Daejeon,2023,2894,Female,18-22
Turkey,Canada,Vancouver,2020,3801,Male,18-22
India,Russia,Moscow,2020,4301,Female,23-26
Turkey,South Korea,Busan,2019,2453,Female,18-22
Pakistan,Russia,Moscow,2023,2349,Male,23-26
Kenya,Spain,Madrid,2020,2758,Female,18-22
Kenya,Norway,Trondheim,2016,1058,Male,23-26
China,Norway,Bergen,2017,2486,Female,23-26
Brazil,Australia,Melbourne,2017,2640,Female,27+
Bangladesh,Canada,Toronto,2024,4574,Female,18-22
Vietnam,India,Delhi,2015,1094,Female,18-22
India,Finland,Turku,2016,1381,Female,18-22
India,Sweden,Uppsala,2023,4764,Male,23-26
Brazil,Singapore,Singapore,2019,1853,Male,18-22
Brazil,UAE,Abu Dhabi,2021,996,Female,23-26
Nepal,France,Lyon,2015,2153,Female,18-22
India,South Korea,Seoul,2016,4932,Female,23-26
Vietnam,Germany,Berlin,2018,2570,Male,18-22
Bangladesh,Japan,Osaka,2024,3310,Male,23-26
Kenya,UK,Manchester,2024,5000,Male,18-22
Vietnam,Canada,Montreal,2018,4642,Male,23-26
Nigeria,Finland,Turku,2020,971,Female,23-26
Turkey,UAE,Sharjah,2018,948,Male,18-22
Bangladesh,UK,London,2022,6086,Female,23-26
China,UAE,Dubai,2020,1945,Female,23-26
Kenya,Spain,Madrid,2015,2949,Male,23-26
Nigeria,Russia,St. Petersburg,2019,2946,Male,18-22
China,Norway,Oslo,2021,2902,Female,18-22
Kenya,Singapore,Singapore,2015,1388,Female,18-22
Turkey,Ireland,Galway,2019,692,Female,27+
Turkey,Italy,Milan,2019,1634,Female,23-26
Nigeria,South Korea,Busan,2015,2384,Male,18-22
Brazil,UK,Manchester,2016,4169,Male,27+
Vietnam,South Africa,Pretoria,2017,1355,Female,18-22
Nepal,Singapore,Singapore,2024,2564,Male,18-22
Vietnam,UK,Birmingham,2016,4142,Female,23-26
Nepal,India,Mumbai,2016,985,Male,18-22
Turkey,India,Mumbai,2019,1198,Female,18-22
Kenya,Germany,Hamburg,2020,2657,Female,18-22
Nepal,Netherlands,Rotterdam,2018,1814,Female,18-22
Nigeria,USA,New York,2024,11388,Female,23-26
India,Netherlands,Amsterdam,2023,5452,Female,23-26
Turkey,Australia,Brisbane,2024,4665,Female,27+
Kenya,Finland,Tampere,2023,717,Male,18-22
Bangladesh,Ireland,Cork,2020,936,Female,18-22
Bangladesh,Singapore,Singapore,2023,2522,Female,23-26
Nigeria,Germany,Munich,2017,4642,Male,18-22
India,Australia,Sydney,2015,7114,Male,18-22
Turkey,Singapore,Singapore,2023,2648,Male,18-22
Nepal,Sweden,Stockholm,2021,1667,Female,18-22
Kenya,USA,Boston,2021,5447,Male,18-22
Kenya,Sweden,Stockholm,2023,1904,Male,23-26
Brazil,Sweden,Stockholm,2015,1274,Female,18-22
Turkey,Australia,Sydney,2016,3193,Female,18-22
China,Ireland,Cork,2019,1572,Female,23-26
Brazil,France,Lyon,2020,3458,Male,18-22
India,India,Delhi,2017,2827,Female,18-22
China,Australia,Melbourne,2019,5848,Female,18-22
Pakistan,Japan,Kyoto,2022,3144,Male,27+
Bangladesh,Russia,Moscow,2017,1949,Male,23-26
Turkey,Norway,Oslo,2017,1543,Male,23-26
Kenya,Germany,Berlin,2023,3090,Female,18-22
Pakistan,Ireland,Galway,2019,851,Male,18-22
China,South Africa,Johannesburg,2024,3157,Male,18-22
Kenya,Sweden,Gothenburg,2017,1789,Male,18-22
Nepal,USA,Los Angeles,2018,5528,Male,18-22
Nigeria,Netherlands,Amsterdam,2020,2882,Female,18-22
Bangladesh,South Korea,Busan,2017,1752,Female,23-26
China,Finland,Turku,2022,1395,Male,18-22
Pakistan,UK,London,2020,4071,Male,27+
Vietnam,South Africa,Johannesburg,2019,1703,Female,23-26
Vietnam,Singapore,Singapore,2021,1990,Female,18-22
Brazil,Italy,Rome,2018,1666,Female,23-26
India,USA,New York,2017,13444,Female,23-26
Nigeria,Sweden,Uppsala,2017,1505,Male,23-26
Bangladesh,South Korea,Daejeon,2018,1499,Male,18-22
Bangladesh,Spain,Valencia,2015,1875,Male,18-22
China,Singapore,Singapore,2016,3676,Female,23-26
China,Canada,Montreal,2018,6979,Female,23-26
Kenya,Singapore,Singapore,2023,1933,Male,27+
Nigeria,Canada,Montreal,2018,5229,Male,18-22
India,Germany,Hamburg,2018,7673,Female,18-22
Bangladesh,Australia,Brisbane,2023,4572,Male,23-26
Kenya,Ireland,Galway,2018,1013,Male,18-22
China,India,Mumbai,2017,2221,Male,18-22
Bangladesh,India,Mumbai,2018,1229,Female,18-22
China,India,Delhi,2024,2967,Male,18-22
Brazil,Ireland,Dublin,2020,958,Male,27+
India,Germany,Berlin,2022,7998,Male,18-22
Bangladesh,Japan,Tokyo,2023,2643,Female,18-22
Turkey,Russia,Moscow,2021,1419,Male,18-22
Turkey,Spain,Valencia,2023,2993,Female,18-22
India,South Korea,Busan,2022,6550,Male,18-22
Brazil,Italy,Rome,2023,2815,Female,18-22
Nepal,UK,London,2021,3235,Non-binary,23-26
Bangladesh,India,Delhi,2018,1101,Male,18-22
Pakistan,India,Bangalore,2018,740,Male,23-26
Vietnam,Germany,Hamburg,2023,3988,Male,23-26
Pakistan,USA,Los Angeles,2015,4975,Female,18-22
Vietnam,Singapore,Singapore,2016,1610,Male,18-22
Nigeria,India,Delhi,2024,2193,Female,23-26
Nigeria,Netherlands,Eindhoven,2020,2730,Male,18-22
Brazil,Italy,Milan,2019,2396,Male,18-22
Pakistan,UK,Birmingham,2024,3528,Female,18-22
Bangladesh,South Korea,Daejeon,2018,1569,Male,23-26
Pakistan,France,Marseille,2023,2801,Male,23-26
India,South Africa,Cape Town,2019,3827,Female,23-26
Vietnam,Russia,St. Petersburg,2016,2278,Male,23-26
Turkey,Canada,Toronto,2017,3105,Male,23-26
Pakistan,UK,London,2023,5098,Female,18-22
Kenya,UK,Manchester,2022,3283,Female,23-26
Bangladesh,Ireland,Cork,2022,994,Male,18-22
Turkey,South Korea,Daejeon,2024,2416,Female,23-26
Kenya,Norway,Trondheim,2015,1451,Male,18-22
India,UAE,Dubai,2018,2181,Male,27+
China,Netherlands,Rotterdam,2017,3112,Male,23-26
Brazil,Germany,Hamburg,2015,3379,Female,18-22
Kenya,Netherlands,Eindhoven,2018,1326,Male,23-26
China,Ireland,Dublin,2017,1285,Male,23-26
Nigeria,Canada,Montreal,2020,5633,Male,23-26
Brazil,USA,Boston,2021,6079,Male,27+
India,Finland,Helsinki,2015,1258,Male,27+
Brazil,Norway,Bergen,2019,1254,Male,23-26
Nigeria,Germany,Berlin,2020,5115,Male,18-22
Nigeria,Norway,Oslo,2016,1505,Male,23-26
Bangladesh,Singapore,Singapore,2016,1943,Female,27+
Turkey,Italy,Florence,2015,2114,Female,18-22
India,Finland,Turku,2020,1721,Female,23-26
Turkey,South Africa,Pretoria,2024,2067,Male,18-22
Nigeria,Russia,Moscow,2020,2721,Male,18-22
Vietnam,South Africa,Cape Town,2020,1451,Female,18-22
China,Canada,Montreal,2022,8520,Female,23-26
Nigeria,Germany,Hamburg,2024,5641,Female,27+
Turkey,Italy,Milan,2018,2384,Male,18-22
Pakistan,South Africa,Pretoria,2017,801,Male,18-22
Pakistan,Australia,Melbourne,2021,3738,Male,23-26
Nepal,Spain,Barcelona,2015,2006,Male,18-22
Nigeria,Spain,Barcelona,2017,2590,Female,23-26
Bangladesh,Japan,Osaka,2016,2124,Female,23-26
Pakistan,Italy,Florence,2022,2848,Male,18-22
Vietnam,Netherlands,Eindhoven,2016,1336,Female,23-26
Turkey,Russia,Kazan,2021,1738,Male,18-22
Kenya,Sweden,Stockholm,2021,1861,Female,18-22
Bangladesh,South Korea,Busan,2022,3083,Male,23-26
Vietnam,Spain,Madrid,2023,2567,Female,27+
Bangladesh,France,Marseille,2022,2819,Male,18-22
India,USA,New York,2016,11846,Male,23-26
Bangladesh,France,Marseille,2020,3184,Female,23-26
Bangladesh,Norway,Trondheim,2021,1449,Male,18-22
Bangladesh,South Africa,Johannesburg,2017,1012,Male,18-22
Nepal,Sweden,Uppsala,2024,1912,Male,18-22
Kenya,Canada,Vancouver,2020,4037,Male,27+
China,France,Lyon,2018,5966,Male,18-22
Nepal,Ireland,Galway,2024,1023,Male,27+
Vietnam,Australia,Sydney,2022,4149,Female,23-26
Nigeria,Germany,Munich,2020,5129,Male,27+
Kenya,Ireland,Galway,2020,850,Female,18-22
Vietnam,UK,Birmingham,2016,4311,Male,23-26
Turkey,Norway,Trondheim,2024,1468,Female,18-22
China,Australia,Brisbane,2018,6291,Male,18-22
Bangladesh,USA,Boston,2021,8454,Male,18-22
Kenya,Australia,Sydney,2019,4241,Male,23-26
Brazil,Netherlands,Rotterdam,2020,2029,Male,18-22
India,Norway,Bergen,2016,2869,Female,23-26
China,Germany,Munich,2018,4545,Female,18-22
Turkey,Norway,Trondheim,2017,1210,Male,27+
Brazil,India,Bangalore,2018,965,Female,18-22
Bangladesh,India,Delhi,2018,1073,Female,23-26
Nepal,UAE,Sharjah,2020,781,Female,27+
Kenya,UAE,Dubai,2023,1112,Female,23-26
India,UAE,Abu Dhabi,2022,2863,Male,18-22
India,Canada,Montreal,2024,10204,Male,18-22
China,Sweden,Gothenburg,2016,2839,Male,18-22
China,South Africa,Johannesburg,2019,3118,Female,18-22
Pakistan,Russia,Kazan,2023,1189,Female,23-26
Bangladesh,USA,New York,2023,6788,Male,27+
China,Norway,Oslo,2015,2431,Male,18-22
Bangladesh,Netherlands,Eindhoven,2017,1759,Male,23-26
Nigeria,Australia,Melbourne,2016,4734,Male,18-22
Turkey,Germany,Hamburg,2024,3331,Female,18-22
Vietnam,France,Lyon,2022,3756,Female,27+
Nepal,Spain,Barcelona,2023,2660,Female,23-26
Pakistan,Russia,St. Petersburg,2015,1322,Male,23-26
India,India,Mumbai,2020,3069,Male,18-22
China,South Korea,Busan,2022,5159,Male,18-22
Turkey,Singapore,Singapore,2017,2002,Female,18-22
Vietnam,Australia,Melbourne,2021,3514,Male,18-22
China,France,Paris,2019,6225,Female,23-26
China,Sweden,Gothenburg,2020,3287,Female,23-26
Vietnam,Canada,Vancouver,2018,3307,Non-binary,18-22
Bangladesh,Sweden,Uppsala,2015,908,Female,18-22
Pakistan,South Africa,Pretoria,2018,1184,Female,18-22
Vietnam,USA,Boston,2019,5332,Male,23-26
Brazil,Netherlands,Amsterdam,2022,1999,Female,23-26
Pakistan,USA,New York,2021,6720,Male,18-22
Brazil,Sweden,Gothenburg,2022,1751,Male,18-22
India,Netherlands,Eindhoven,2016,4015,Female,23-26
Kenya,Canada,Montreal,2021,4217,Male,18-22
Bangladesh,Sweden,Gothenburg,2020,1770,Male,27+
Pakistan,Netherlands,Eindhoven,2017,2301,Female,23-26
Kenya,UAE,Dubai,2015,1080,Female,18-22
Brazil,South Africa,Pretoria,2019,1498,Female,23-26
Brazil,Russia,Kazan,2019,2173,Male,18-22
Nepal,France,Paris,2022,4028,Male,18-22
Brazil,UK,Manchester,2018,4026,Female,18-22
China,France,Lyon,2016,6387,Female,18-22
China,Finland,Helsinki,2017,1043,Non-binary,18-22
Turkey,Singapore,Singapore,2021,2647,Female,18-22
Nepal,India,Mumbai,2024,1403,Male,18-22
Nepal,UAE,Abu Dhabi,2017,912,Female,23-26
Pakistan,Canada,Toronto,2022,4348,Female,18-22
Kenya,Russia,St. Petersburg,2017,1597,Male,23-26
Kenya,Sweden,Uppsala,2021,1677,Female,18-22
Nigeria,Canada,Toronto,2023,6147,Female,23-26
Vietnam,Netherlands,Eindhoven,2022,2436,Female,18-22
Nepal,Japan,Osaka,2016,3335,Female,23-26
Nepal,France,Marseille,2018,3914,Female,18-22
Nepal,Spain,Valencia,2020,1205,Male,18-22
China,Netherlands,Amsterdam,2022,4069,Non-binary,27+
Nepal,Germany,Munich,2017,3033,Male,27+
China,South Korea,Busan,2018,4073,Female,23-26
Kenya,Netherlands,Rotterdam,2020,2055,Male,18-22
Vietnam,Sweden,Gothenburg,2023,2238,Male,23-26
China,South Africa,Pretoria,2020,2961,Male,23-26
Turkey,UK,Birmingham,2016,3511,Male,23-26
Pakistan,UAE,Sharjah,2024,1109,Male,23-26
Bangladesh,UAE,Dubai,2024,1234,Female,23-26
Nigeria,Singapore,Singapore,2019,2936,Female,18-22
Nigeria,UAE,Sharjah,2022,1466,Male,18-22
China,Canada,Montreal,2018,6387,Male,23-26
Turkey,France,Lyon,2020,3320,Male,18-22
India,Russia,Moscow,2021,4281,Female,18-22
Bangladesh,UK,Manchester,2024,5216,Female,18-22
China,India,Bangalore,2015,1953,Female,23-26
Vietnam,USA,Boston,2023,7638,Male,18-22
Kenya,South Korea,Daejeon,2019,3298,Male,23-26
Pakistan,India,Bangalore,2019,1206,Male,23-26
Nepal,Norway,Bergen,2018,1571,Female,27+
Nigeria,India,Bangalore,2022,2170,Female,18-22
China,Norway,Trondheim,2020,2837,Male,18-22
Turkey,South Korea,Seoul,2018,2652,Female,18-22
Vietnam,Russia,St. Petersburg,2017,1615,Male,18-22
Nepal,Australia,Melbourne,2023,4446,Male,27+
Brazil,Sweden,Gothenburg,2021,2153,Female,23-26
Pakistan,Canada,Montreal,2022,4089,Male,18-22
Turkey,USA,Los Angeles,2018,6171,Male,23-26
Nigeria,Canada,Montreal,2017,5932,Male,18-22
Brazil,UK,Birmingham,2015,4675,Male,18-22
Vietnam,South Korea,Busan,2016,1860,Female,23-26
Vietnam,Ireland,Dublin,2017,829,Male,18-22
India,UK,Birmingham,2015,8885,Female,23-26
Bangladesh,UK,Manchester,2021,4984,Female,23-26
Nigeria,Ireland,Cork,2020,1422,Male,27+
Turkey,Russia,Kazan,2019,2502,Male,23-26
Bangladesh,UK,Manchester,2022,5028,Female,18-22
India,Singapore,Singapore,2021,5799,Male,23-26
India,Norway,Oslo,2016,3003,Male,18-22
Brazil,India,Mumbai,2023,1047,Female,18-22
Vietnam,Italy,Rome,2015,2458,Male,18-22
Brazil,India,Bangalore,2023,1415,Male,23-26
Brazil,Finland,Turku,2023,688,Male,23-26
Nepal,Finland,Helsinki,2016,507,Female,18-22
Brazil,Norway,Trondheim,2021,1640,Female,23-26
Kenya,UAE,Abu Dhabi,2021,1152,Female,18-22
India,Italy,Florence,2019,5404,Male,18-22
Kenya,France,Lyon,2021,2877,Female,27+
India,South Africa,Pretoria,2016,3434,Male,27+
Bangladesh,Canada,Vancouver,2015,3559,Male,23-26
Nigeria,Spain,Valencia,2019,4714,Male,23-26
China,Netherlands,Amsterdam,2016,3198,Male,18-22
Kenya,Netherlands,Eindhoven,2019,1934,Male,18-22
Turkey,South Africa,Pretoria,2016,1423,Male,18-22
Brazil,South Africa,Pretoria,2017,1548,Male,18-22
Brazil,Japan,Kyoto,2017,2671,Male,18-22
Nepal,Germany,Frankfurt,2023,3770,Female,18-22
Vietnam,Russia,Moscow,2019,1950,Male,23-26
Kenya,Spain,Madrid,2020,2652,Female,23-26
India,Singapore,Singapore,2023,5161,Male,18-22
Vietnam,Singapore,Singapore,2015,1925,Male,18-22
Turkey,India,Bangalore,2024,1173,Female,18-22
Brazil,Netherlands,Amsterdam,2023,2449,Female,23-26
China,South Korea,Seoul,2022,5926,Female,23-26
Vietnam,USA,Chicago,2020,6353,Female,23-26
Nigeria,India,Mumbai,2018,1992,Female,27+
Pakistan,Spain,Madrid,2024,3119,Male,18-22
Kenya,South Africa,Pretoria,2023,1728,Male,18-22
Pakistan,Norway,Oslo,2022,1206,Male,18-22
Vietnam,Ireland,Galway,2020,916,Male,18-22
Pakistan,Italy,Rome,2016,1573,Male,18-22
Brazil,UAE,Abu Dhabi,2024,1027,Female,18-22
Nepal,Germany,Frankfurt,2022,3456,Male,18-22
Vietnam,Spain,Madrid,2015,1953,Female,18-22
Nigeria,South Africa,Johannesburg,2019,2218,Male,18-22
Brazil,Finland,Tampere,2017,554,Male,23-26
Pakistan,Netherlands,Rotterdam,2020,1836,Male,27+
Bangladesh,South Africa,Cape Town,2019,1125,Female,18-22
Brazil,Ireland,Cork,2017,698,Male,18-22
Brazil,Germany,Berlin,2019,3085,Male,18-22
Kenya,South Africa,Johannesburg,2024,1563,Male,23-26
Bangladesh,Norway,Trondheim,2022,1546,Male,23-26
Turkey,Japan,Osaka,2016,2233,Male,18-22
India,South Korea,Busan,2022,7008,Male,23-26
India,India,Delhi,2021,3303,Male,23-26
Nepal,India,Bangalore,2019,931,Male,18-22
Turkey,France,Lyon,2020,2751,Male,18-22
Nigeria,Ireland,Cork,2015,1060,Male,27+
India,Japan,Osaka,2023,8149,Male,23-26
Nepal,Canada,Montreal,2020,3020,Male,18-22
China,USA,Chicago,2019,9539,Female,23-26
India,Japan,Osaka,2018,5283,Male,18-22
Kenya,Norway,Trondheim,2022,1105,Male,23-26
China,Russia,Kazan,2020,3943,Male,18-22
Kenya,Norway,Bergen,2021,1379,Male,23-26
Brazil,Italy,Milan,2015,1588,Male,18-22
Nepal,Germany,Munich,2017,2667,Female,18-22
Turkey,Norway,Oslo,2017,1339,Male,27+
India,Finland,Turku,2021,1561,Male,18-22
Bangladesh,Norway,Trondheim,2020,1008,Female,18-22
China,France,Lyon,2019,5834,Female,18-22
Brazil,UK,Birmingham,2015,3486,Male,23-26
Nepal,Netherlands,Amsterdam,2019,1620,Female,18-22
Nigeria,Norway,Trondheim,2024,2392,Female,23-26
Turkey,Spain,Valencia,2018,2285,Female,23-26
Vietnam,South Korea,Daejeon,2018,2294,Male,23-26
Nepal,Germany,Frankfurt,2018,3427,Male,18-22
Pakistan,Netherlands,Eindhoven,2024,1968,Male,18-22
Brazil,Australia,Sydney,2024,4400,Female,18-22
Kenya,India,Delhi,2021,1097,Male,18-22
China,Norway,Trondheim,2020,2602,Female,23-26
Bangladesh,Norway,Bergen,2018,1264,Male,18-22
Nepal,Germany,Frankfurt,2016,2877,Male,23-26
Nigeria,Canada,Montreal,2017,4333,Female,18-22
Pakistan,Australia,Brisbane,2024,3995,Male,18-22
India,UAE,Sharjah,2017,1943,Female,23-26
Pakistan,Netherlands,Eindhoven,2023,1629,Female,18-22
Turkey,Ireland,Galway,2019,631,Female,23-26
India,Ireland,Galway,2020,2003,Female,18-22
Nigeria,Russia,Moscow,2019,2813,Male,23-26
Nigeria,Russia,St. Petersburg,2019,2676,Male,18-22
Turkey,Italy,Milan,2019,1459,Female,18-22
India,Singapore,Singapore,2017,4266,Male,18-22
Kenya,Japan,Tokyo,2021,2455,Male,23-26
Kenya,Russia,Kazan,2023,2933,Male,23-26
Pakistan,Netherlands,Rotterdam,2015,1674,Male,27+
China,France,Paris,2021,6412,Male,18-22
Brazil,UK,London,2023,3812,Male,23-26
China,Canada,Montreal,2022,7859,Non-binary,23-26
Brazil,Australia,Brisbane,2017,2667,Male,23-26
China,USA,Chicago,2019,14053,Female,18-22
China,Norway,Oslo,2015,2202,Female,18-22
Kenya,USA,Los Angeles,2017,7108,Male,23-26
Nigeria,Norway,Trondheim,2022,2349,Male,23-26
Pakistan,Ireland,Cork,2023,933,Male,18-22
Nepal,Norway,Bergen,2020,1225,Male,18-22
Nigeria,Russia,Moscow,2019,2762,Non-binary,18-22
Brazil,Italy,Florence,2023,3103,Female,23-26
Bangladesh,Sweden,Gothenburg,2023,1820,Female,23-26
Vietnam,South Africa,Cape Town,2015,1307,Female,27+
Nigeria,Spain,Barcelona,2018,3273,Male,18-22
India,South Africa,Johannesburg,2023,4462,Male,18-22
Turkey,Singapore,Singapore,2018,1972,Male,18-22
Kenya,UK,Birmingham,2017,5125,Male,27+
India,Sweden,Gothenburg,2016,3965,Male,27+
China,Canada,Montreal,2024,9135,Male,23-26
Brazil,South Africa,Johannesburg,2018,1675,Male,23-26
Nigeria,Singapore,Singapore,2019,2178,Male,18-22
India,South Korea,Seoul,2015,4195,Female,23-26
Pakistan,Netherlands,Amsterdam,2021,1752,Male,18-22
India,Finland,Helsinki,2017,1409,Non-binary,18-22
Nepal,Sweden,Gothenburg,2024,1797,Male,23-26
Nigeria,France,Paris,2023,6089,Female,18-22
Turkey,Spain,Barcelona,2021,2567,Male,23-26
Kenya,Finland,Helsinki,2016,372,Female,23-26
Kenya,Australia,Melbourne,2021,3025,Male,23-26
Kenya,France,Marseille,2022,4037,Male,23-26
Bangladesh,France,Marseille,2017,2363,Male,23-26
Vietnam,Japan,Kyoto,2023,3297,Male,18-22
Turkey,USA,New York,2024,6839,Male,23-26
China,Italy,Milan,2015,3088,Female,18-22
China,Norway,Trondheim,2022,3187,Male,23-26
Pakistan,Finland,Turku,2017,621,Female,23-26
Vietnam,Singapore,Singapore,2020,2317,Female,27+
Kenya,Singapore,Singapore,2019,2221,Female,23-26
Nepal,India,Delhi,2022,1837,Male,23-26
Brazil,Sweden,Stockholm,2015,1178,Female,23-26
Nepal,Norway,Trondheim,2021,1138,Male,18-22
Kenya,Spain,Barcelona,2020,3448,Female,18-22
Vietnam,Japan,Tokyo,2024,2708,Male,23-26
Nigeria,Norway,Bergen,2017,1728,Male,18-22
China,Finland,Tampere,2020,1294,Female,18-22
India,South Korea,Daejeon,2017,5977,Female,23-26
Pakistan,UAE,Dubai,2016,965,Male,18-22
India,Ireland,Dublin,2024,2624,Female,18-22
Bangladesh,Canada,Vancouver,2021,3743,Female,27+
Kenya,Finland,Turku,2024,734,Female,23-26
Nigeria,Singapore,Singapore,2021,3123,Female,18-22
Pakistan,Australia,Melbourne,2023,4556,Female,18-22
Vietnam,USA,Chicago,2022,6539,Male,27+
Bangladesh,Sweden,Uppsala,2019,1655,Male,18-22
Pakistan,UAE,Dubai,2024,968,Female,23-26
Turkey,Australia,Sydney,2017,3170,Male,27+
China,UK,Manchester,2023,10384,Male,23-26
Kenya,USA,Chicago,2024,5332,Female,18-22
Turkey,Netherlands,Eindhoven,2016,1988,Female,23-26
Vietnam,India,Mumbai,2015,1181,Male,18-22
Bangladesh,South Korea,Busan,2022,1856,Male,18-22
Nigeria,Norway,Oslo,2023,2543,Female,27+
Turkey,South Africa,Pretoria,2024,2137,Female,18-22
China,Spain,Madrid,2017,4357,Female,18-22
China,India,Mumbai,2020,2383,Female,18-22
India,Italy,Milan,2016,4743,Male,23-26
China,Germany,Frankfurt,2023,7605,Male,18-22
Brazil,Ireland,Galway,2018,593,Female,18-22
Vietnam,Italy,Milan,2021,2511,Male,23-26
Brazil,South Africa,Cape Town,2020,1342,Female,18-22
Bangladesh,South Korea,Busan,2017,2132,Male,23-26
Turkey,Italy,Rome,2024,3077,Male,18-22
China,Germany,Hamburg,2024,7206,Male,23-26
Bangladesh,USA,Chicago,2016,2951,Male,23-26
Kenya,Finland,Helsinki,2022,752,Male,18-22
Turkey,Germany,Hamburg,2019,2744,Female,23-26
India,Singapore,Singapore,2020,4779,Female,18-22
Pakistan,Sweden,Stockholm,2024,2162,Female,27+
India,Singapore,Singapore,2018,4679,Male,18-22
Nepal,Singapore,Singapore,2015,1960,Female,27+
Nepal,South Korea,Seoul,2023,3247,Male,18-22
Vietnam,India,Bangalore,2021,1120,Female,23-26
Nigeria,Netherlands,Amsterdam,2017,2355,Female,27+
Brazil,Canada,Montreal,2019,3540,Female,23-26
Nepal,South Korea,Seoul,2015,2669,Female,27+
Vietnam,Singapore,Singapore,2021,2424,Female,27+
China,Spain,Barcelona,2021,5528,Male,18-22
India,Spain,Madrid,2024,6769,Female,27+
Brazil,Singapore,Singapore,2021,1709,Male,27+
Turkey,South Africa,Pretoria,2021,1958,Male,23-26
Turkey,Canada,Toronto,2024,4781,Male,18-22
Nigeria,South Africa,Cape Town,2021,2068,Male,18-22
Kenya,India,Mumbai,2015,1252,Female,18-22
Bangladesh,Finland,Helsinki,2016,464,Male,23-26
China,Italy,Florence,2021,4795,Female,23-26
Pakistan,Finland,Turku,2022,598,Female,23-26
Nigeria,Italy,Florence,2015,2935,Female,18-22
Nigeria,Russia,St. Petersburg,2021,2775,Female,27+
Nepal,UAE,Abu Dhabi,2018,889,Non-binary,18-22
Vietnam,UK,London,2017,3397,Male,18-22
Brazil,Sweden,Uppsala,2023,2330,Female,18-22
Nigeria,South Africa,Cape Town,2019,2101,Female,23-26
Pakistan,Russia,Moscow,2019,1676,Male,18-22
Bangladesh,Russia,St. Petersburg,2016,1635,Female,18-22
Bangladesh,Singapore,Singapore,2019,2102,Female,27+
Vietnam,Finland,Helsinki,2017,371,Female,18-22
Nepal,France,Paris,2022,3272,Female,18-22
Kenya,Ireland,Cork,2020,1101,Female,23-26
China,Australia,Melbourne,2017,7071,Male,23-26
Bangladesh,Italy,Rome,2021,2265,Male,18-22
Pakistan,Australia,Sydney,2016,2945,Female,23-26
Vietnam,South Korea,Busan,2021,2293,Female,18-22
Pakistan,USA,Los Angeles,2017,5933,Male,23-26
India,Finland,Helsinki,2020,1614,Female,18-22
Bangladesh,Singapore,Singapore,2020,2412,Female,23-26
Nigeria,Spain,Barcelona,2024,4057,Female,18-22
Vietnam,South Korea,Seoul,2020,2015,Male,23-26
Brazil,Singapore,Singapore,2020,1863,Female,27+
China,Canada,Vancouver,2022,7790,Male,18-22
Nepal,South Korea,Busan,2019,2348,Female,18-22
Bangladesh,India,Mumbai,2024,1416,Male,18-22
Nepal,South Africa,Pretoria,2023,1611,Male,27+
India,UK,London,2022,11247,Female,18-22
Bangladesh,France,Lyon,2017,2884,Male,27+
Kenya,Finland,Tampere,2015,479,Female,18-22
Vietnam,Finland,Tampere,2015,555,Male,18-22
Nepal,Russia,Moscow,2020,1679,Male,18-22
Nigeria,Spain,Barcelona,2019,3682,Male,18-22
Pakistan,UK,London,2023,5624,Male,18-22
China,Japan,Osaka,2021,5307,Female,27+
Nepal,India,Bangalore,2015,1060,Male,18-22
India,Australia,Brisbane,2020,9599,Male,23-26
Nigeria,India,Delhi,2021,2077,Female,18-22
Kenya,France,Lyon,2020,2829,Female,23-26
Brazil,Australia,Melbourne,2020,4119,Male,23-26
Turkey,USA,New York,2023,6769,Female,23-26
Nigeria,USA,Chicago,2023,10745,Male,18-22
Nepal,Ireland,Dublin,2020,661,Male,18-22
China,Netherlands,Eindhoven,2023,4956,Female,23-26
Pakistan,UAE,Dubai,2017,937,Male,18-22
Bangladesh,UK,London,2024,5248,Male,23-26
Vietnam,Singapore,Singapore,2019,2026,Male,27+
Nigeria,Norway,Trondheim,2021,2201,Male,23-26
Brazil,Australia,Melbourne,2018,4100,Female,18-22
India,France,Marseille,2022,9913,Male,23-26
Brazil,UK,London,2022,6012,Male,18-22
Pakistan,Spain,Madrid,2015,1465,Female,18-22
Nigeria,Australia,Melbourne,2023,5937,Male,18-22
Brazil,USA,Los Angeles,2016,3892,Male,18-22
Nepal,South Korea,Seoul,2022,2802,Female,18-22
Brazil,Singapore,Singapore,2022,1774,Male,18-22
Turkey,India,Bangalore,2022,1258,Male,23-26
China,South Africa,Pretoria,2021,3393,Male,23-26
Kenya,Netherlands,Eindhoven,2022,2081,Female,18-22
Pakistan,UK,London,2024,5106,Female,27+
Pakistan,Finland,Helsinki,2024,1004,Female,23-26
Turkey,Canada,Vancouver,2022,3941,Male,18-22
India,Netherlands,Rotterdam,2020,4324,Male,23-26
Vietnam,India,Bangalore,2015,1249,Female,18-22
Vietnam,Canada,Montreal,2019,3446,Male,18-22
Vietnam,Sweden,Stockholm,2022,1626,Male,23-26
Bangladesh,South Korea,Seoul,2016,1652,Male,23-26
Vietnam,Australia,Sydney,2015,3338,Female,23-26
Nepal,Sweden,Gothenburg,2020,2223,Male,18-22
Pakistan,Singapore,Singapore,2021,2383,Male,23-26
China,Russia,Kazan,2022,3794,Female,27+
Nepal,South Africa,Johannesburg,2020,1160,Female,18-22
Pakistan,Ireland,Dublin,2021,977,Male,18-22
Kenya,UK,Birmingham,2020,4646,Male,23-26
Nigeria,Sweden,Gothenburg,2020,2002,Male,23-26
India,Spain,Barcelona,2022,6261,Female,23-26
Nepal,Netherlands,Eindhoven,2019,1561,Male,27+
Kenya,Canada,Vancouver,2015,3262,Female,23-26
Nigeria,France,Marseille,2020,6510,Male,18-22
Bangladesh,USA,Chicago,2021,5396,Male,23-26
Bangladesh,Japan,Kyoto,2017,1587,Female,18-22
Pakistan,Singapore,Singapore,2021,2000,Female,23-26
Kenya,Finland,Tampere,2016,473,Male,27+
India,Spain,Barcelona,2016,5108,Female,23-26
Turkey,South Korea,Busan,2024,3215,Female,18-22
China,Sweden,Stockholm,2019,3206,Female,18-22
Vietnam,Japan,Tokyo,2017,1847,Male,27+
China,Japan,Kyoto,2018,4677,Male,23-26
China,UK,Birmingham,2015,6838,Male,18-22
Nepal,South Korea,Daejeon,2016,2033,Male,18-22
Nigeria,Netherlands,Rotterdam,2019,2865,Male,18-22
Turkey,Germany,Hamburg,2022,2758,Male,23-26
Nepal,UAE,Sharjah,2024,1177,Male,18-22
Pakistan,Netherlands,Amsterdam,2016,1928,Female,18-22
India,Spain,Valencia,2017,5744,Male,23-26
China,Japan,Tokyo,2015,4472,Female,18-22
Vietnam,Norway,Trondheim,2019,1656,Male,18-22
Turkey,Canada,Montreal,2022,3448,Male,18-22
Nigeria,Italy,Florence,2017,3229,Female,18-22
Vietnam,Japan,Tokyo,2022,2881,Male,27+
Pakistan,USA,New York,2021,6872,Male,18-22
Brazil,Russia,Kazan,2023,2425,Male,23-26
Nigeria,Ireland,Cork,2017,1091,Male,18-22
Kenya,Netherlands,Eindhoven,2020,2468,Male,27+
Kenya,USA,New York,2017,4187,Female,18-22
Turkey,USA,New York,2023,6505,Male,18-22
Bangladesh,Italy,Florence,2022,2876,Female,18-22
China,Spain,Valencia,2024,5495,Male,18-22
Vietnam,Australia,Sydney,2021,4229,Female,23-26
Pakistan,Germany,Hamburg,2024,3163,Male,23-26
Kenya,Australia,Sydney,2016,3567,Female,18-22
Brazil,India,Delhi,2022,1106,Female,18-22
India,Russia,Moscow,2015,3109,Male,18-22
India,Russia,St. Petersburg,2024,5741,Male,23-26
Kenya,Ireland,Dublin,2023,1075,Female,18-22
Nepal,Sweden,Uppsala,2018,1527,Female,23-26
Nigeria,Netherlands,Eindhoven,2019,2406,Male,27+
Kenya,South Africa,Johannesburg,2016,1516,Male,18-22
Brazil,Singapore,Singapore,2021,2686,Female,23-26
Bangladesh,USA,Los Angeles,2016,5781,Female,18-22
Nigeria,France,Lyon,2015,3465,Male,27+
Kenya,Canada,Vancouver,2024,4860,Female,23-26
Kenya,Italy,Rome,2016,1768,Male,18-22
Bangladesh,South Africa,Pretoria,2019,1807,Female,27+
Nepal,Singapore,Singapore,2024,2047,Male,18-22
India,Germany,Frankfurt,2016,6685,Female,23-26
Nepal,Ireland,Galway,2020,886,Female,18-22
Pakistan,South Korea,Seoul,2015,1496,Male,18-22
Bangladesh,Russia,St. Petersburg,2016,1456,Female,18-22
Pakistan,South Africa,Cape Town,2019,1567,Male,18-22
Brazil,Germany,Frankfurt,2018,2585,Male,27+
China,Canada,Toronto,2023,8726,Female,18-22
China,Ireland,Galway,2015,1605,Female,18-22
Vietnam,France,Lyon,2019,2663,Female,23-26
China,Sweden,Gothenburg,2024,3467,Female,18-22
Brazil,India,Bangalore,2018,1191,Female,18-22
Vietnam,USA,New York,2017,5486,Male,18-22
Turkey,India,Mumbai,2017,1366,Female,18-22
Bangladesh,Germany,Munich,2018,3562,Male,18-22
Brazil,USA,New York,2020,6412,Female,23-26
Brazil,USA,Chicago,2022,6513,Female,18-22
Brazil,Sweden,Stockholm,2019,1620,Male,23-26
Kenya,Japan,Kyoto,2022,3847,Female,23-26
Brazil,Germany,Frankfurt,2017,2995,Female,27+
Kenya,Germany,Frankfurt,2023,2852,Male,23-26
Turkey,UK,London,2022,4669,Male,23-26
Vietnam,Sweden,Uppsala,2024,2129,Male,18-22
Bangladesh,South Korea,Daejeon,2021,2713,Male,18-22
Brazil,Germany,Berlin,2016,1736,Female,18-22
China,Germany,Frankfurt,2016,4658,Female,18-22
Pakistan,Netherlands,Rotterdam,2015,1964,Male,18-22
Brazil,Singapore,Singapore,2015,1948,Male,18-22
India,UAE,Abu Dhabi,2016,2529,Male,18-22
Pakistan,Canada,Vancouver,2015,2525,Female,18-22
Kenya,Italy,Florence,2019,2395,Female,23-26
Nepal,Italy,Milan,2022,2507,Male,18-22
Turkey,Canada,Toronto,2024,3420,Female,18-22
Nigeria,Netherlands,Eindhoven,2019,2709,Female,23-26
India,Russia,Kazan,2015,3782,Male,23-26
Brazil,Sweden,Uppsala,2022,1531,Male,23-26
Bangladesh,UK,London,2022,4119,Male,18-22
Turkey,South Korea,Seoul,2023,2310,Female,27+
Nigeria,Norway,Bergen,2017,1832,Female,23-26
China,Australia,Brisbane,2019,6911,Female,23-26
Nigeria,France,Marseille,2024,6424,Female,27+
India,Finland,Helsinki,2017,1364,Male,18-22
Nigeria,Japan,Osaka,2019,3343,Female,18-22
China,Singapore,Singapore,2015,3619,Male,18-22
Nigeria,Sweden,Gothenburg,2020,2396,Male,18-22
Vietnam,USA,Boston,2020,6764,Female,18-22
Turkey,Australia,Melbourne,2015,3098,Female,18-22
China,UAE,Abu Dhabi,2020,1771,Female,18-22
Brazil,India,Delhi,2024,1779,Female,23-26
Kenya,Canada,Toronto,2015,3157,Male,27+
Nepal,Netherlands,Rotterdam,2019,1444,Male,18-22
Bangladesh,South Africa,Cape Town,2022,1634,Female,23-26
China,Russia,Kazan,2018,3180,Male,18-22
Vietnam,Finland,Helsinki,2024,602,Male,23-26
Bangladesh,Netherlands,Eindhoven,2019,1611,Female,18-22
India,Singapore,Singapore,2018,5078,Female,23-26
Nigeria,USA,Los Angeles,2020,8719,Male,23-26
India,India,Bangalore,2015,2675,Female,18-22
Bangladesh,UK,Birmingham,2021,5918,Female,27+
Pakistan,South Africa,Johannesburg,2022,1851,Male,18-22
Pakistan,USA,Los Angeles,2020,6709,Male,18-22
India,Ireland,Cork,2015,1815,Female,18-22
Kenya,France,Lyon,2021,3905,Female,18-22
Nigeria,Finland,Tampere,2019,941,Male,23-26
Brazil,India,Delhi,2022,979,Non-binary,23-26
China,Norway,Bergen,2017,2652,Female,18-22
India,France,Marseille,2024,9457,Male,23-26
Bangladesh,South Korea,Busan,2020,3060,Female,18-22
Nigeria,UAE,Dubai,2024,1628,Male,18-22
Nigeria,Spain,Barcelona,2022,3944,Male,23-26
Vietnam,Germany,Munich,2021,3037,Non-binary,27+
Nigeria,UK,Birmingham,2023,6047,Female,27+
Brazil,India,Bangalore,2024,1726,Female,23-26
Turkey,Australia,Melbourne,2020,3368,Female,23-26
Nigeria,Singapore,Singapore,2024,3620,Male,18-22
Brazil,Canada,Toronto,2022,3804,Male,18-22
Nepal,Singapore,Singapore,2024,2425,Male,23-26
Nigeria,Russia,Kazan,2016,2220,Female,18-22
Bangladesh,Canada,Vancouver,2017,2473,Female,23-26
India,Australia,Brisbane,2020,9160,Male,18-22
Brazil,Germany,Munich,2019,2201,Non-binary,23-26
Nigeria,Italy,Florence,2016,2846,Female,18-22
Nigeria,Norway,Trondheim,2021,2472,Female,18-22
Turkey,Germany,Hamburg,2024,3838,Male,23-26
Vietnam,USA,Chicago,2017,4693,Female,18-22
China,Spain,Madrid,2022,5798,Male,18-22
Nigeria,Ireland,Dublin,2017,968,Female,23-26
Nigeria,Sweden,Uppsala,2015,2304,Male,23-26
Nigeria,Sweden,Uppsala,2024,2665,Male,27+
Pakistan,Italy,Florence,2023,2731,Male,18-22
Pakistan,Ireland,Galway,2022,702,Female,18-22
Bangladesh,France,Marseille,2024,3583,Male,23-26
China,Russia,Kazan,2016,3166,Male,23-26
Brazil,Germany,Frankfurt,2024,4220,Male,23-26
Bangladesh,France,Lyon,2024,3768,Male,18-22
Brazil,Ireland,Galway,2024,1203,Female,18-22
Kenya,Japan,Tokyo,2019,2314,Male,23-26
India,India,Mumbai,2018,2643,Male,23-26
Nigeria,Spain,Valencia,2024,4674,Female,18-22
China,Italy,Milan,2021,3926,Male,23-26
Nigeria,USA,Chicago,2018,6802,Male,18-22
Nepal,Australia,Sydney,2017,2755,Male,23-26
Turkey,Australia,Melbourne,2018,3096,Female,18-22
Brazil,Finland,Helsinki,2021,639,Male,18-22
Vietnam,Italy,Rome,2021,2682,Female,23-26
Bangladesh,Russia,St. Petersburg,2016,1362,Female,18-22
India,France,Paris,2017,7034,Female,23-26
Nigeria,UAE,Abu Dhabi,2022,1642,Female,23-26
Pakistan,Singapore,Singapore,2020,2097,Male,18-22
Nepal,France,Lyon,2023,2938,Female,27+
Nigeria,India,Delhi,2021,1904,Female,18-22
Kenya,Spain,Madrid,2022,2345,Male,23-26
Turkey,Italy,Florence,2022,2362,Male,23-26
Kenya,Singapore,Singapore,2023,2533,Female,23-26
Bangladesh,Germany,Berlin,2020,3678,Male,27+
Kenya,Sweden,Uppsala,2023,1530,Female,18-22
Kenya,South Africa,Pretoria,2015,1137,Male,18-22
India,Sweden,Uppsala,2023,4578,Female,18-22
Nepal,Japan,Tokyo,2015,2448,Male,18-22
Turkey,USA,New York,2023,7130,Male,23-26
Turkey,Ireland,Galway,2021,911,Female,18-22
India,Singapore,Singapore,2024,6300,Male,18-22
Vietnam,France,Lyon,2018,3538,Female,18-22
Brazil,Australia,Brisbane,2016,3998,Male,18-22
Pakistan,Australia,Sydney,2017,4307,Male,23-26
Brazil,Russia,Kazan,2022,2074,Male,18-22
China,USA,Boston,2015,9311,Non-binary,23-26
Brazil,Germany,Munich,2016,3916,Female,23-26
Bangladesh,Spain,Barcelona,2023,2069,Female,18-22
Vietnam,Italy,Milan,2016,1984,Female,23-26
China,Italy,Florence,2022,4226,Male,18-22
Nigeria,Ireland,Dublin,2020,982,Female,23-26
Turkey,Australia,Brisbane,2015,3183,Female,18-22
Turkey,India,Mumbai,2015,980,Female,18-22
Nepal,UK,Manchester,2021,4578,Female,23-26
Vietnam,Sweden,Stockholm,2015,976,Female,18-22
Kenya,Canada,Toronto,2021,3576,Male,18-22
Turkey,France,Paris,2018,3191,Female,18-22
Vietnam,Sweden,Stockholm,2016,1245,Male,18-22
Brazil,Sweden,Gothenburg,2020,1591,Female,23-26
Brazil,Singapore,Singapore,2015,1375,Male,23-26
Brazil,Russia,St. Petersburg,2017,1667,Male,23-26
Nepal,Netherlands,Amsterdam,2021,1862,Male,18-22
Kenya,Canada,Toronto,2022,3587,Non-binary,18-22
Vietnam,South Korea,Busan,2020,2871,Female,18-22
China,South Korea,Seoul,2019,4841,Female,18-22
Nigeria,Ireland,Galway,2022,1461,Female,18-22
China,Finland,Helsinki,2018,1098,Male,27+
China,South Africa,Cape Town,2023,3245,Non-binary,18-22
Kenya,Japan,Tokyo,2024,3057,Male,23-26
Nepal,Japan,Osaka,2018,2022,Female,18-22
China,South Korea,Busan,2020,4793,Male,18-22
Pakistan,South Korea,Daejeon,2023,2769,Male,23-26
Brazil,Netherlands,Eindhoven,2018,1054,Male,18-22
Vietnam,UAE,Sharjah,2022,1129,Female,18-22
Turkey,UK,London,2015,2715,Female,18-22
Nigeria,Russia,St. Petersburg,2018,2753,Male,23-26
Turkey,UK,Manchester,2018,3410,Female,27+
Brazil,UAE,Dubai,2017,1009,Male,18-22
Brazil,Japan,Kyoto,2023,2530,Male,18-22
Bangladesh,Singapore,Singapore,2020,1913,Male,18-22
Turkey,UAE,Dubai,2017,831,Female,23-26
Nigeria,Germany,Munich,2017,4428,Female,18-22
Bangladesh,Japan,Kyoto,2020,3081,Female,18-22
Pakistan,Netherlands,Amsterdam,2022,1876,Female,23-26
Kenya,Australia,Brisbane,2018,3578,Female,18-22
Vietnam,France,Paris,2016,3161,Female,18-22
China,Japan,Osaka,2017,4362,Female,27+
Pakistan,USA,New York,2022,7104,Male,18-22
India,Norway,Trondheim,2016,3109,Male,18-22
Pakistan,Spain,Barcelona,2017,2130,Female,23-26
Nepal,Singapore,Singapore,2018,1646,Female,18-22
Vietnam,France,Marseille,2024,3888,Male,18-22
Turkey,Spain,Madrid,2016,2074,Male,23-26
Kenya,Norway,Bergen,2020,1362,Female,18-22
Nigeria,USA,Los Angeles,2021,9333,Male,23-26
Vietnam,Finland,Helsinki,2021,668,Female,18-22
Nepal,Sweden,Gothenburg,2024,2361,Male,23-26
Pakistan,Australia,Melbourne,2022,5619,Female,18-22
Vietnam,Italy,Milan,2021,2886,Male,18-22
China,Russia,Kazan,2021,3973,Male,18-22
Turkey,Russia,Moscow,2015,1283,Male,18-22
Vietnam,Canada,Toronto,2018,2546,Female,18-22
Brazil,Japan,Tokyo,2019,2859,Male,18-22
Bangladesh,Ireland,Galway,2021,799,Male,23-26
Pakistan,UAE,Abu Dhabi,2024,1258,Female,18-22
China,Norway,Trondheim,2020,2632,Male,18-22
Vietnam,UK,Birmingham,2016,3811,Female,18-22
Turkey,Spain,Valencia,2017,2375,Male,18-22
Brazil,Canada,Montreal,2023,4209,Female,18-22
Brazil,Finland,Helsinki,2022,630,Male,23-26
Bangladesh,Singapore,Singapore,2017,1342,Male,18-22
India,Canada,Vancouver,2015,8028,Male,18-22
China,Russia,Kazan,2022,4365,Female,23-26
Pakistan,Russia,Moscow,2024,1859,Female,18-22
China,Norway,Bergen,2022,3310,Male,18-22
Kenya,Japan,Tokyo,2018,2021,Male,23-26
India,South Korea,Busan,2024,7584,Male,18-22
China,Norway,Trondheim,2015,2016,Female,23-26
Pakistan,Italy,Rome,2018,1880,Female,18-22
Nigeria,South Africa,Cape Town,2023,2382,Female,18-22
Pakistan,Australia,Brisbane,2023,3833,Female,18-22
Nepal,Canada,Toronto,2023,3383,Male,18-22
Brazil,Singapore,Singapore,2024,2368,Female,18-22
Vietnam,France,Marseille,2023,4074,Female,18-22
China,Spain,Madrid,2016,3995,Male,27+
Turkey,Italy,Milan,2018,1423,Male,23-26
Bangladesh,India,Bangalore,2021,1222,Male,27+
Vietnam,India,Bangalore,2020,1016,Female,18-22
Brazil,Germany,Berlin,2019,3071,Male,23-26
Pakistan,Singapore,Singapore,2020,2311,Male,23-26
Kenya,Norway,Trondheim,2024,1714,Female,23-26
Brazil,Norway,Oslo,2021,1067,Female,18-22
Pakistan,Sweden,Stockholm,2015,1185,Male,23-26
Turkey,Italy,Rome,2019,2679,Male,18-22
Brazil,Germany,Munich,2017,2892,Male,18-22
Nepal,Germany,Berlin,2024,3583,Male,18-22
Bangladesh,Australia,Sydney,2023,4405,Female,23-26
Bangladesh,Sweden,Stockholm,2019,1430,Male,23-26
Nepal,Canada,Vancouver,2024,4454,Male,27+
Turkey,South Korea,Busan,2015,2366,Female,18-22
Bangladesh,Japan,Tokyo,2021,2099,Male,23-26
Vietnam,Japan,Tokyo,2024,3826,Female,18-22
Nepal,Sweden,Stockholm,2024,2342,Male,27+
Bangladesh,Australia,Brisbane,2022,3417,Male,23-26
Kenya,India,Mumbai,2022,1412,Female,18-22
Kenya,USA,New York,2024,7222,Male,23-26
India,Netherlands,Amsterdam,2017,3902,Male,18-22
Turkey,Australia,Brisbane,2019,4288,Female,18-22
Nepal,India,Bangalore,2024,1432,Female,18-22
Vietnam,South Korea,Seoul,2020,1919,Male,18-22
China,India,Mumbai,2023,3027,Female,23-26
Nigeria,Finland,Helsinki,2021,883,Male,23-26
Bangladesh,India,Bangalore,2016,1122,Female,18-22
Brazil,Norway,Bergen,2021,1228,Female,23-26
Turkey,Japan,Osaka,2018,3078,Male,23-26
Kenya,Italy,Florence,2021,2125,Female,18-22
China,South Korea,Daejeon,2019,5437,Male,18-22
Turkey,Sweden,Gothenburg,2023,1795,Female,23-26
Bangladesh,Germany,Frankfurt,2017,3187,Female,23-26
India,Netherlands,Eindhoven,2022,5196,Female,18-22
Turkey,Japan,Tokyo,2017,2334,Female,18-22
China,Spain,Madrid,2021,5319,Male,18-22
Nepal,South Africa,Pretoria,2018,1338,Male,18-22
Nigeria,Singapore,Singapore,2024,3533,Female,18-22
Nigeria,Norway,Trondheim,2018,2069,Male,18-22
Brazil,Norway,Bergen,2024,1974,Female,18-22
Brazil,Norway,Oslo,2016,920,Female,23-26
Brazil,Sweden,Uppsala,2023,1944,Male,23-26
Nepal,South Africa,Cape Town,2018,1550,Female,27+
Pakistan,UAE,Abu Dhabi,2018,844,Female,18-22
Vietnam,Finland,Tampere,2024,815,Male,18-22
Bangladesh,Spain,Valencia,2018,2164,Female,27+
Brazil,UAE,Dubai,2023,951,Female,18-22
Turkey,Russia,St. Petersburg,2018,1463,Male,18-22
Nigeria,Canada,Montreal,2015,3833,Female,27+
Turkey,Netherlands,Amsterdam,2021,2184,Male,27+
Turkey,Finland,Helsinki,2021,697,Female,23-26
Brazil,Spain,Madrid,2023,2642,Male,23-26
Turkey,South Korea,Busan,2022,2722,Female,23-26
Vietnam,USA,Los Angeles,2021,6666,Male,18-22
Kenya,Finland,Turku,2022,638,Male,23-26
Brazil,South Africa,Johannesburg,2020,1363,Female,23-26
Kenya,India,Bangalore,2021,1232,Male,18-22
China,India,Mumbai,2022,2939,Female,18-22
Vietnam,India,Mumbai,2024,1463,Female,18-22
Turkey,USA,New York,2019,5866,Male,18-22
Bangladesh,Australia,Brisbane,2022,4032,Male,18-22
Brazil,Singapore,Singapore,2023,2282,Male,23-26
Nepal,USA,Boston,2021,6936,Female,18-22
Brazil,Italy,Rome,2023,1762,Female,18-22
Turkey,Japan,Tokyo,2020,3168,Female,18-22
Bangladesh,Netherlands,Rotterdam,2017,1333,Non-binary,23-26
Brazil,Ireland,Dublin,2024,759,Female,23-26
Nepal,Japan,Tokyo,2019,2772,Male,18-22
Brazil,Russia,Moscow,2016,1521,Male,18-22
Nigeria,South Africa,Johannesburg,2023,2543,Male,23-26
India,Sweden,Gothenburg,2020,4198,Male,27+
Pakistan,Canada,Toronto,2020,2722,Female,23-26
Bangladesh,Finland,Helsinki,2015,420,Male,18-22
China,Japan,Tokyo,2022,5983,Male,23-26
Bangladesh,India,Delhi,2017,1043,Female,18-22
Nigeria,Norway,Bergen,2019,1948,Female,23-26
India,Canada,Toronto,2021,10274,Female,18-22
Brazil,Singapore,Singapore,2021,2235,Female,18-22
Turkey,Singapore,Singapore,2016,1962,Female,18-22
Kenya,South Korea,Busan,2019,2671,Male,18-22
Kenya,Spain,Madrid,2023,3548,Female,23-26
Bangladesh,Russia,Kazan,2016,1476,Female,18-22
India,USA,Chicago,2015,13411,Female,23-26
Turkey,Singapore,Singapore,2017,2397,Male,18-22
Pakistan,Japan,Osaka,2018,1977,Male,23-26
Pakistan,South Africa,Johannesburg,2018,1598,Female,18-22
India,Canada,Toronto,2023,9867,Female,18-22
Bangladesh,Spain,Valencia,2015,2494,Female,18-22
India,Italy,Florence,2018,5168,Male,18-22
Turkey,Spain,Valencia,2023,3364,Female,23-26
Nigeria,Russia,Kazan,2017,2360,Male,18-22
Brazil,South Korea,Daejeon,2016,2795,Male,23-26
Nigeria,Canada,Montreal,2020,4929,Male,18-22
India,Germany,Hamburg,2024,9162,Male,18-22
Vietnam,Finland,Helsinki,2020,623,Male,18-22
Nepal,Japan,Osaka,2021,3353,Male,18-22
Turkey,France,Lyon,2020,3892,Female,27+
India,USA,Boston,2020,14750,Male,18-22
Nepal,UK,Birmingham,2017,4477,Male,23-26
China,UAE,Sharjah,2020,2219,Female,23-26
Turkey,Singapore,Singapore,2016,1317,Female,23-26
Brazil,UAE,Abu Dhabi,2020,1049,Male,18-22
Vietnam,South Korea,Busan,2017,2433,Female,18-22
Pakistan,USA,New York,2023,5496,Female,18-22
Brazil,Spain,Madrid,2022,2487,Male,23-26
Nepal,Netherlands,Eindhoven,2018,1203,Female,18-22
Nepal,Singapore,Singapore,2021,1862,Female,23-26
Nigeria,Italy,Milan,2015,3169,Female,23-26
Nigeria,Japan,Tokyo,2024,5112,Female,18-22
India,USA,Boston,2018,15073,Male,23-26
Kenya,Netherlands,Amsterdam,2023,1943,Female,18-22
India,USA,Chicago,2023,17541,Female,23-26
Nepal,Finland,Turku,2016,524,Female,23-26
Nigeria,Australia,Melbourne,2023,6442,Female,18-22
Nepal,Sweden,Stockholm,2020,1453,Male,23-26
Vietnam,UK,Birmingham,2016,3432,Male,23-26
Brazil,Russia,Kazan,2023,2256,Female,18-22
Pakistan,Ireland,Dublin,2016,679,Male,18-22
Vietnam,USA,New York,2023,5858,Female,18-22
China,Italy,Rome,2021,4721,Male,27+
India,Australia,Sydney,2020,9546,Female,18-22
Vietnam,India,Mumbai,2016,710,Non-binary,23-26
India,South Africa,Pretoria,2015,2979,Male,18-22
Brazil,South Africa,Johannesburg,2020,1114,Male,23-26
China,Russia,Moscow,2019,4113,Male,23-26
Nepal,South Korea,Seoul,2020,2571,Female,18-22
Pakistan,Ireland,Cork,2016,839,Female,23-26
Nepal,India,Delhi,2016,1324,Female,18-22
Pakistan,UK,London,2017,4488,Male,23-26
Bangladesh,Russia,St. Petersburg,2021,2685,Female,18-22
India,India,Delhi,2022,3548,Male,18-22
Bangladesh,India,Bangalore,2017,911,Female,23-26
Turkey,Germany,Berlin,2018,2931,Non-binary,18-22
Bangladesh,USA,Los Angeles,2017,5972,Female,27+
Nepal,Netherlands,Eindhoven,2024,1935,Female,18-22
Nigeria,France,Lyon,2016,4240,Male,18-22
Bangladesh,South Korea,Seoul,2018,1925,Male,18-22
Pakistan,Japan,Kyoto,2021,2528,Female,18-22
Brazil,Japan,Kyoto,2019,2887,Male,18-22
Bangladesh,Canada,Montreal,2023,5356,Male,23-26
Kenya,France,Marseille,2020,3132,Female,18-22
Brazil,Singapore,Singapore,2015,1152,Female,18-22
Kenya,Australia,Melbourne,2020,4613,Male,18-22
Nigeria,Ireland,Dublin,2021,1509,Male,18-22
Pakistan,Singapore,Singapore,2019,1715,Female,18-22
Bangladesh,Japan,Osaka,2018,2198,Female,27+
China,Germany,Frankfurt,2018,6114,Male,23-26
Pakistan,Russia,Kazan,2024,2078,Male,18-22
Vietnam,Italy,Rome,2024,2542,Female,18-22
Turkey,Russia,Moscow,2018,1464,Male,23-26
Kenya,Canada,Montreal,2022,3459,Female,18-22
Nigeria,Spain,Valencia,2016,2637,Female,23-26
Brazil,Ireland,Galway,2015,711,Female,18-22
China,Spain,Valencia,2022,5466,Male,23-26
Turkey,Germany,Frankfurt,2019,3009,Male,18-22
China,Sweden,Gothenburg,2020,3029,Female,23-26
Turkey,Russia,St. Petersburg,2017,1782,Male,23-26
Vietnam,Singapore,Singapore,2017,2187,Female,18-22
Kenya,Spain,Madrid,2015,2358,Male,23-26
India,Russia,St. Petersburg,2015,4002,Female,27+
India,Sweden,Gothenburg,2020,3711,Female,23-26
China,Norway,Bergen,2024,3051,Non-binary,18-22
Turkey,Italy,Milan,2016,1951,Male,23-26
India,Singapore,Singapore,2016,4018,Female,23-26
Pakistan,South Africa,Pretoria,2022,1524,Female,18-22
China,Spain,Valencia,2020,4936,Male,18-22
Kenya,Australia,Melbourne,2021,4411,Female,23-26
China,Germany,Berlin,2017,5224,Female,23-26
Brazil,France,Lyon,2015,2610,Female,18-22
India,Canada,Toronto,2017,7836,Male,23-26
Kenya,South Korea,Busan,2019,2418,Female,18-22
Kenya,Australia,Melbourne,2019,3443,Female,23-26
Bangladesh,Sweden,Uppsala,2020,1269,Female,18-22
Nepal,Netherlands,Rotterdam,2018,1839,Female,18-22
Bangladesh,Norway,Oslo,2020,1512,Male,23-26
India,Germany,Berlin,2016,6047,Female,23-26
Kenya,Australia,Sydney,2015,2580,Female,18-22
Bangladesh,Japan,Osaka,2020,2717,Male,18-22
Pakistan,Spain,Barcelona,2023,3056,Female,18-22
Vietnam,France,Paris,2019,3304,Male,18-22
Vietnam,Australia,Melbourne,2015,2536,Female,18-22
Turkey,Russia,Kazan,2016,1042,Female,23-26
Pakistan,UK,Manchester,2022,4658,Male,23-26
Brazil,Netherlands,Amsterdam,2017,2086,Female,18-22
Bangladesh,UAE,Abu Dhabi,2022,1101,Male,23-26
Vietnam,Italy,Florence,2017,1883,Female,18-22
Kenya,Germany,Munich,2016,1998,Male,18-22
Nepal,South Africa,Johannesburg,2020,1801,Female,18-22
Nepal,South Korea,Daejeon,2021,3320,Male,18-22
China,Ireland,Dublin,2015,1098,Male,18-22
Vietnam,Singapore,Singapore,2018,2055,Female,23-26
Pakistan,Russia,Kazan,2020,2233,Female,18-22
India,Russia,St. Petersburg,2016,3735,Female,18-22
Turkey,Australia,Brisbane,2018,3668,Female,23-26
Pakistan,Netherlands,Amsterdam,2018,1872,Male,23-26
Nepal,South Korea,Seoul,2022,2881,Male,18-22
Pakistan,Australia,Brisbane,2022,4077,Male,18-22
China,UK,Birmingham,2015,7648,Female,18-22
Kenya,France,Lyon,2015,2782,Male,18-22
Bangladesh,Ireland,Dublin,2017,1008,Female,18-22
Brazil,Japan,Kyoto,2024,2974,Male,18-22
India,Ireland,Galway,2020,2317,Male,18-22
Kenya,South Africa,Pretoria,2022,1277,Female,23-26
India,France,Marseille,2022,8756,Male,23-26
Bangladesh,UK,Birmingham,2017,2540,Female,23-26
Brazil,Japan,Kyoto,2016,2422,Male,18-22
Vietnam,France,Marseille,2019,3574,Male,18-22
India,Finland,Turku,2019,1554,Male,18-22
China,Netherlands,Eindhoven,2016,3502,Male,27+
Kenya,Finland,Tampere,2018,320,Male,27+
Bangladesh,Canada,Vancouver,2015,2532,Female,18-22
Kenya,Netherlands,Rotterdam,2019,1586,Female,18-22
Kenya,Russia,St. Petersburg,2022,1960,Male,27+
Nepal,USA,Los Angeles,2019,6869,Female,23-26
Bangladesh,UK,London,2015,3634,Male,18-22
Bangladesh,South Africa,Pretoria,2015,1365,Male,18-22
India,Netherlands,Eindhoven,2023,5150,Male,18-22
Nepal,Australia,Sydney,2021,3882,Female,18-22
Nepal,Spain,Madrid,2015,2036,Male,18-22
Turkey,Finland,Turku,2022,848,Male,18-22
Bangladesh,Netherlands,Amsterdam,2021,1956,Male,23-26
China,Finland,Tampere,2021,1354,Female,18-22
Vietnam,South Korea,Busan,2015,1774,Female,18-22
India,South Korea,Busan,2021,7082,Male,18-22
Bangladesh,Norway,Trondheim,2019,1574,Female,18-22
Turkey,South Africa,Johannesburg,2023,1119,Female,23-26
Bangladesh,Japan,Tokyo,2017,2621,Male,18-22
Pakistan,Sweden,Stockholm,2018,1640,Female,23-26
Pakistan,South Korea,Busan,2022,3324,Male,23-26
China,Italy,Florence,2019,4374,Female,23-26
Kenya,Italy,Florence,2020,2214,Male,23-26
Nepal,Australia,Melbourne,2024,4648,Male,18-22
Pakistan,Sweden,Uppsala,2023,1946,Female,18-22
Nepal,South Korea,Seoul,2022,2997,Female,18-22
Nigeria,UAE,Dubai,2022,1702,Female,18-22
Bangladesh,Australia,Sydney,2020,4396,Female,18-22
Nepal,Russia,St. Petersburg,2015,1344,Female,18-22
Pakistan,South Africa,Pretoria,2017,1763,Female,23-26
India,France,Lyon,2023,9154,Female,27+
Turkey,Norway,Bergen,2016,1090,Male,18-22
Vietnam,South Korea,Seoul,2019,1703,Male,23-26
Nepal,Australia,Brisbane,2016,3262,Female,23-26
Bangladesh,Finland,Turku,2018,611,Female,23-26
Brazil,Sweden,Gothenburg,2024,1892,Male,18-22
Nigeria,South Korea,Busan,2022,3567,Female,18-22
Kenya,South Korea,Daejeon,2015,1337,Male,23-26
Kenya,South Korea,Busan,2017,2326,Male,18-22
Pakistan,Sweden,Gothenburg,2016,1126,Female,18-22
Brazil,India,Delhi,2018,619,Female,18-22
India,USA,Los Angeles,2022,19332,Non-binary,27+
Pakistan,South Korea,Seoul,2018,2540,Female,18-22
India,Russia,St. Petersburg,2018,3691,Male,18-22
Turkey,France,Paris,2023,4287,Male,18-22
Vietnam,Russia,St. Petersburg,2022,1558,Male,23-26
Brazil,UK,Birmingham,2022,5241,Male,18-22
Bangladesh,Netherlands,Eindhoven,2015,1445,Female,23-26
India,South Korea,Busan,2023,7111,Female,18-22
Kenya,Italy,Rome,2022,2380,Female,18-22
Nigeria,USA,Boston,2018,8438,Female,18-22
Bangladesh,Sweden,Stockholm,2020,1754,Female,18-22
Nigeria,Japan,Kyoto,2021,3756,Female,18-22
Brazil,Finland,Helsinki,2023,704,Male,18-22
Brazil,Canada,Montreal,2023,4414,Male,18-22
Vietnam,UK,Manchester,2019,3500,Male,27+
Turkey,Canada,Toronto,2024,3682,Male,18-22
Kenya,Singapore,Singapore,2018,1606,Female,23-26
Nepal,Ireland,Galway,2016,775,Male,23-26
Nigeria,France,Lyon,2020,4388,Male,23-26
Turkey,Japan,Kyoto,2020,2752,Male,18-22
Kenya,USA,New York,2018,5577,Female,27+
Bangladesh,Canada,Toronto,2016,3445,Female,23-26
Turkey,India,Bangalore,2019,1468,Male,18-22
Bangladesh,Canada,Vancouver,2021,4535,Male,23-26
Vietnam,UK,London,2021,4579,Female,18-22
Kenya,UK,Birmingham,2015,4448,Male,18-22
Turkey,Spain,Barcelona,2018,2585,Non-binary,23-26
Kenya,Australia,Sydney,2019,4296,Female,18-22
India,South Africa,Johannesburg,2016,3347,Female,18-22
Brazil,Netherlands,Rotterdam,2017,943,Female,18-22
China,Singapore,Singapore,2017,3226,Female,27+
Pakistan,Italy,Milan,2024,2472,Male,23-26
China,Singapore,Singapore,2016,3204,Male,23-26
Vietnam,Finland,Tampere,2015,739,Female,18-22
Nigeria,Italy,Rome,2019,3198,Female,18-22
China,Ireland,Galway,2022,1789,Male,18-22
Brazil,UK,Birmingham,2023,4486,Female,18-22
Turkey,India,Mumbai,2018,1139,Male,18-22
Brazil,Netherlands,Amsterdam,2023,1874,Male,23-26
Turkey,India,Mumbai,2017,1431,Female,18-22
Vietnam,Russia,St. Petersburg,2023,2057,Female,23-26
Pakistan,UK,London,2016,2460,Female,18-22
Pakistan,South Korea,Daejeon,2022,3089,Female,18-22
Nepal,South Korea,Busan,2016,2189,Female,18-22
China,UK,Manchester,2022,9261,Male,18-22
Bangladesh,UK,Manchester,2016,3355,Male,18-22
Kenya,Netherlands,Rotterdam,2018,1784,Male,23-26
Bangladesh,Netherlands,Eindhoven,2019,1313,Female,23-26
Bangladesh,Australia,Sydney,2017,2923,Female,18-22
Brazil,South Korea,Seoul,2024,3354,Male,18-22
India,Germany,Berlin,2017,6726,Female,23-26
Vietnam,Germany,Hamburg,2023,3999,Male,18-22
China,Germany,Hamburg,2023,8077,Male,23-26
Vietnam,Canada,Vancouver,2021,3907,Female,18-22
China,South Africa,Cape Town,2019,2934,Female,18-22
Kenya,Italy,Florence,2015,2171,Female,18-22
Kenya,Spain,Barcelona,2023,3214,Male,23-26
Kenya,USA,Boston,2019,4570,Male,23-26
Vietnam,Singapore,Singapore,2015,1011,Female,18-22
Pakistan,Sweden,Uppsala,2017,1624,Male,18-22
Brazil,Germany,Berlin,2018,2520,Male,23-26
Brazil,Finland,Tampere,2019,584,Male,23-26
Nepal,Singapore,Singapore,2021,1534,Male,23-26
India,Singapore,Singapore,2015,4191,Male,27+
Brazil,Netherlands,Amsterdam,2021,2027,Male,18-22
Turkey,South Korea,Daejeon,2015,2393,Male,18-22
Kenya,Russia,Moscow,2016,1197,Female,18-22
Vietnam,Australia,Brisbane,2021,3966,Female,23-26
China,Ireland,Dublin,2021,1908,Male,18-22
China,UK,London,2024,9874,Female,18-22
Vietnam,Italy,Rome,2017,1748,Female,18-22
Brazil,Ireland,Cork,2017,876,Female,18-22
Nigeria,Italy,Florence,2021,3940,Male,18-22
Nepal,UAE,Dubai,2023,907,Female,18-22
Brazil,Japan,Osaka,2024,3308,Male,23-26
Brazil,Finland,Turku,2017,641,Male,18-22
Pakistan,South Korea,Daejeon,2021,2278,Male,18-22
China,USA,Boston,2021,13410,Female,18-22
Nepal,Italy,Florence,2021,2347,Male,18-22
China,Australia,Sydney,2017,6509,Female,18-22
Nepal,Netherlands,Eindhoven,2021,1888,Male,23-26
Bangladesh,France,Paris,2022,2949,Female,18-22
Nigeria,Australia,Brisbane,2018,4980,Female,23-26
Pakistan,Russia,St. Petersburg,2021,1904,Female,18-22
China,Australia,Melbourne,2022,7658,Non-binary,18-22
India,France,Marseille,2021,9547,Male,18-22
China,Norway,Oslo,2022,3090,Female,18-22
India,Spain,Valencia,2021,7231,Male,18-22
China,Finland,Helsinki,2016,1088,Male,18-22
Kenya,Netherlands,Rotterdam,2015,1053,Female,18-22
Turkey,Italy,Rome,2018,2039,Female,18-22
China,France,Marseille,2016,5831,Male,18-22
China,India,Delhi,2022,3064,Male,27+
Nepal,Canada,Montreal,2019,4112,Male,23-26
Pakistan,USA,Boston,2023,7222,Male,27+
Bangladesh,Italy,Milan,2022,2250,Female,18-22
Vietnam,USA,New York,2019,4050,Non-binary,18-22
Vietnam,Sweden,Gothenburg,2017,1091,Female,23-26
India,Germany,Berlin,2018,6944,Female,18-22
China,Germany,Berlin,2018,5454,Female,27+
Turkey,South Korea,Seoul,2024,2160,Male,18-22
Nepal,Italy,Milan,2023,2712,Male,23-26
Nepal,Finland,Turku,2024,732,Female,27+
Vietnam,Ireland,Cork,2021,1116,Male,23-26
Bangladesh,Italy,Rome,2017,2456,Male,23-26
Kenya,Ireland,Galway,2017,734,Male,23-26
India,Sweden,Gothenburg,2024,4152,Male,18-22
Nigeria,Russia,Kazan,2018,2235,Male,18-22
Brazil,Russia,St. Petersburg,2019,2108,Female,27+
Kenya,Singapore,Singapore,2024,2636,Female,18-22
India,Germany,Frankfurt,2016,5678,Female,23-26
Pakistan,Italy,Rome,2024,2507,Female,18-22
Bangladesh,Russia,Kazan,2016,1251,Female,23-26
Nepal,Ireland,Galway,2016,605,Female,18-22
Nepal,Singapore,Singapore,2016,1712,Male,18-22
China,Italy,Rome,2023,5242,Male,18-22
India,USA,Chicago,2024,18799,Male,18-22
Nigeria,Netherlands,Rotterdam,2020,3213,Female,23-26
Vietnam,Norway,Trondheim,2022,1475,Male,18-22
Pakistan,Russia,Kazan,2016,1736,Female,23-26
China,Norway,Trondheim,2019,2592,Non-binary,18-22
Brazil,Italy,Milan,2021,2278,Male,18-22
Pakistan,India,Bangalore,2024,1394,Female,18-22
Turkey,Norway,Oslo,2018,1266,Female,18-22
Pakistan,USA,Los Angeles,2019,5046,Female,18-22
Brazil,Ireland,Galway,2016,813,Non-binary,18-22
Vietnam,South Korea,Daejeon,2022,3417,Female,18-22
Bangladesh,Ireland,Dublin,2015,560,Female,27+
Bangladesh,UAE,Abu Dhabi,2021,1068,Female,23-26
Nigeria,UAE,Sharjah,2021,1386,Female,23-26
India,Spain,Madrid,2016,5191,Female,27+
China,Italy,Rome,2023,4690,Male,18-22
India,Netherlands,Eindhoven,2024,5005,Female,23-26
Turkey,Netherlands,Eindhoven,2017,1621,Male,23-26
China,Ireland,Galway,2018,1798,Female,27+
Pakistan,Italy,Rome,2018,2207,Male,18-22
Nigeria,Ireland,Dublin,2018,1127,Female,23-26
Nigeria,Australia,Melbourne,2015,3533,Female,23-26
China,UK,London,2023,10043,Female,23-26
India,Norway,Oslo,2024,4052,Male,18-22
China,Ireland,Dublin,2022,2105,Male,23-26
China,Italy,Rome,2022,4743,Male,23-26
Nigeria,Netherlands,Rotterdam,2015,1972,Male,23-26
Bangladesh,Australia,Sydney,2019,3856,Female,18-22
Nigeria,Italy,Rome,2018,3254,Male,23-26
Turkey,Russia,Moscow,2015,1832,Male,18-22
China,France,Lyon,2019,6691,Female,18-22
Vietnam,Singapore,Singapore,2018,1852,Female,23-26
India,Netherlands,Rotterdam,2022,4985,Male,23-26
Turkey,South Korea,Busan,2017,1433,Female,23-26
India,UAE,Sharjah,2024,3003,Female,18-22
China,Australia,Sydney,2018,6274,Male,18-22
China,Italy,Rome,2018,4563,Female,18-22
Kenya,Canada,Vancouver,2021,3804,Female,23-26
Pakistan,UK,London,2019,4193,Male,23-26
Nigeria,Spain,Valencia,2015,2858,Male,18-22
Bangladesh,Singapore,Singapore,2018,1748,Female,27+
Vietnam,Italy,Florence,2024,2853,Female,23-26
Pakistan,Netherlands,Rotterdam,2020,2384,Male,23-26
China,France,Paris,2017,6507,Male,18-22
Pakistan,UK,Birmingham,2022,3289,Male,23-26
Nigeria,Norway,Bergen,2024,2061,Male,18-22
India,Spain,Madrid,2020,6619,Male,18-22
Brazil,Finland,Helsinki,2016,519,Female,23-26
India,Ireland,Cork,2016,1783,Female,18-22
Pakistan,South Korea,Daejeon,2023,2645,Female,23-26
Pakistan,Netherlands,Eindhoven,2017,1720,Female,18-22
Nigeria,India,Bangalore,2019,1798,Female,18-22
Pakistan,USA,Los Angeles,2022,7028,Female,23-26
Vietnam,France,Marseille,2015,2413,Male,18-22
Nigeria,Germany,Berlin,2015,3611,Female,23-26
Nigeria,UAE,Dubai,2021,1783,Male,18-22
Pakistan,Netherlands,Eindhoven,2015,1830,Male,23-26
Bangladesh,Singapore,Singapore,2022,1911,Female,27+
Turkey,South Africa,Cape Town,2017,1253,Female,18-22
Turkey,Netherlands,Rotterdam,2018,1463,Male,18-22
Brazil,UK,Birmingham,2024,6386,Female,18-22
Vietnam,South Korea,Daejeon,2016,2843,Male,23-26
Brazil,South Africa,Pretoria,2023,1248,Female,18-22
Kenya,Italy,Rome,2020,2294,Male,23-26
Brazil,Singapore,Singapore,2015,1447,Male,18-22
Nepal,Norway,Trondheim,2022,1809,Male,18-22
China,UAE,Abu Dhabi,2024,2146,Female,23-26
Brazil,Norway,Oslo,2018,1139,Male,18-22
Nepal,France,Marseille,2017,3601,Male,18-22
Turkey,UAE,Sharjah,2015,915,Male,18-22
India,Canada,Toronto,2020,9779,Male,23-26
Brazil,Spain,Barcelona,2016,2642,Female,23-26
Pakistan,Sweden,Uppsala,2015,1140,Male,18-22
Kenya,France,Lyon,2016,2427,Male,23-26
Kenya,UK,Birmingham,2021,5920,Male,18-22
Vietnam,Canada,Montreal,2020,4006,Male,18-22
Turkey,South Korea,Seoul,2015,2683,Male,23-26
Brazil,Sweden,Uppsala,2022,2003,Female,18-22
Nigeria,Italy,Florence,2021,3533,Male,18-22
Kenya,South Korea,Seoul,2019,2356,Male,23-26
Kenya,Germany,Hamburg,2017,2875,Male,23-26
China,Sweden,Uppsala,2022,3694,Male,18-22
Brazil,France,Marseille,2021,3986,Female,23-26
Pakistan,Singapore,Singapore,2017,1555,Female,18-22
Nigeria,USA,Chicago,2016,6472,Male,18-22
Brazil,Australia,Brisbane,2021,3798,Female,27+
Turkey,Japan,Osaka,2017,1972,Female,18-22
Kenya,USA,Boston,2015,6118,Male,27+
Turkey,Spain,Madrid,2015,1657,Male,23-26
Turkey,Finland,Tampere,2022,633,Male,18-22
Nigeria,Japan,Kyoto,2017,3554,Female,23-26
Turkey,Singapore,Singapore,2024,2651,Male,18-22
Bangladesh,Finland,Turku,2021,665,Female,27+
Turkey,Ireland,Dublin,2018,824,Female,23-26
Nepal,Norway,Oslo,2018,1298,Non-binary,23-26
Bangladesh,USA,Los Angeles,2018,7280,Male,18-22
Vietnam,Italy,Rome,2019,2447,Male,18-22
Vietnam,Finland,Helsinki,2017,660,Female,18-22
Vietnam,Canada,Vancouver,2015,3259,Female,18-22
Nigeria,UAE,Sharjah,2015,1427,Male,18-22
Nepal,Russia,St. Petersburg,2023,1981,Male,27+
Brazil,UK,Birmingham,2024,4422,Female,23-26
India,France,Lyon,2022,10221,Male,18-22
Vietnam,Germany,Hamburg,2021,3477,Male,27+
Turkey,India,Bangalore,2017,949,Female,27+
Vietnam,UAE,Sharjah,2016,814,Male,18-22
India,Netherlands,Rotterdam,2021,5196,Male,18-22
Pakistan,Finland,Tampere,2016,308,Male,18-22
Nigeria,South Korea,Seoul,2024,4487,Female,18-22
Kenya,India,Bangalore,2021,1097,Female,18-22
Nigeria,France,Marseille,2017,3565,Male,18-22
Nepal,Netherlands,Eindhoven,2020,1933,Non-binary,23-26
China,Netherlands,Amsterdam,2021,4148,Male,18-22
Bangladesh,South Africa,Cape Town,2018,1566,Male,18-22
Kenya,France,Paris,2016,2749,Female,18-22
Vietnam,Canada,Vancouver,2015,3023,Male,23-26
Nigeria,Spain,Valencia,2023,4338,Male,18-22
Brazil,Singapore,Singapore,2022,2598,Female,18-22
Kenya,Japan,Kyoto,2017,2670,Female,23-26
Nepal,Sweden,Uppsala,2020,1791,Male,18-22
Brazil,Italy,Florence,2017,2067,Female,23-26
Pakistan,Japan,Osaka,2021,2520,Male,23-26
Brazil,South Africa,Pretoria,2023,1403,Male,23-26
China,India,Delhi,2024,3607,Female,18-22
Kenya,Singapore,Singapore,2018,1756,Male,23-26
Turkey,India,Bangalore,2022,1219,Male,18-22
Kenya,Canada,Montreal,2018,3616,Male,27+
Turkey,Finland,Helsinki,2018,580,Female,18-22
Nepal,Sweden,Gothenburg,2021,1481,Male,23-26
Pakistan,Italy,Milan,2016,1648,Female,23-26
India,Australia,Brisbane,2023,9764,Male,18-22
China,UK,Birmingham,2015,7643,Female,23-26
Brazil,Sweden,Stockholm,2024,1799,Female,23-26
Bangladesh,Germany,Hamburg,2019,2364,Female,27+
Pakistan,South Korea,Busan,2015,2122,Male,23-26
China,Netherlands,Rotterdam,2017,3910,Male,23-26
Nepal,India,Delhi,2018,1268,Male,23-26
Kenya,Japan,Osaka,2020,3169,Female,23-26
Pakistan,Finland,Helsinki,2023,739,Male,18-22
Nepal,Australia,Brisbane,2024,4655,Female,18-22
Pakistan,UAE,Dubai,2015,835,Female,18-22
Nigeria,Norway,Trondheim,2016,1831,Male,23-26
India,Ireland,Dublin,2023,2610,Male,23-26
Pakistan,UK,London,2016,3498,Female,18-22
Vietnam,Italy,Florence,2015,1885,Male,18-22
Nigeria,Finland,Helsinki,2018,1069,Female,23-26
India,Singapore,Singapore,2019,4381,Female,18-22
Nepal,Italy,Rome,2018,2016,Male,23-26
Brazil,South Korea,Daejeon,2018,2065,Male,23-26
Bangladesh,Canada,Toronto,2015,3174,Male,18-22
Nepal,Norway,Bergen,2015,1088,Female,18-22
Pakistan,Ireland,Cork,2016,654,Male,23-26
Bangladesh,South Africa,Pretoria,2018,1435,Male,18-22
China,Sweden,Uppsala,2021,2837,Male,18-22
Bangladesh,Canada,Toronto,2015,2634,Male,23-26
Nepal,India,Bangalore,2022,1289,Male,23-26
India,France,Paris,2021,8098,Female,18-22
China,Italy,Florence,2022,4824,Male,27+
Nigeria,Sweden,Uppsala,2024,2692,Female,18-22
China,France,Lyon,2022,7664,Male,23-26
Turkey,India,Bangalore,2024,1712,Male,18-22
Vietnam,Ireland,Cork,2019,913,Female,18-22
Brazil,Russia,Kazan,2019,1568,Female,23-26
Vietnam,Singapore,Singapore,2023,2238,Male,18-22
India,India,Mumbai,2015,2351,Female,18-22
Vietnam,South Africa,Cape Town,2019,1750,Non-binary,23-26
Nigeria,Australia,Sydney,2017,4437,Male,23-26
Vietnam,Netherlands,Amsterdam,2019,1975,Male,18-22
Nepal,Spain,Valencia,2015,1695,Male,23-26
India,Australia,Sydney,2015,7514,Male,18-22
Vietnam,France,Paris,2017,2818,Male,18-22
Brazil,Netherlands,Amsterdam,2018,2053,Male,18-22
Bangladesh,India,Bangalore,2021,1304,Male,18-22
Brazil,Norway,Oslo,2024,1455,Female,18-22
Pakistan,Canada,Toronto,2023,3902,Female,27+
Nepal,Finland,Tampere,2023,823,Female,18-22
China,Australia,Brisbane,2019,8491,Male,18-22
Nigeria,Spain,Barcelona,2018,3411,Female,18-22
Turkey,South Africa,Pretoria,2020,1453,Female,18-22
Brazil,South Africa,Johannesburg,2024,1813,Female,18-22
Bangladesh,Russia,Kazan,2021,1932,Non-binary,18-22
Brazil,Finland,Helsinki,2019,482,Male,23-26
Turkey,Norway,Trondheim,2020,1174,Male,23-26
Nepal,Spain,Valencia,2024,3055,Female,18-22
China,Sweden,Uppsala,2019,2553,Male,23-26
Brazil,UK,Birmingham,2018,4406,Female,18-22
Turkey,South Korea,Seoul,2019,2629,Male,23-26
Nigeria,USA,Los Angeles,2017,7944,Male,18-22
Brazil,Russia,St. Petersburg,2021,1359,Male,18-22
Bangladesh,Germany,Munich,2024,3330,Male,18-22
Turkey,Finland,Turku,2019,465,Male,27+
Vietnam,India,Delhi,2019,1249,Female,18-22
Vietnam,Ireland,Galway,2018,649,Female,23-26
Pakistan,South Africa,Johannesburg,2019,1515,Male,18-22
Pakistan,Norway,Trondheim,2021,1686,Male,23-26
Nigeria,Japan,Kyoto,2017,2713,Male,23-26
Bangladesh,South Africa,Cape Town,2020,1630,Male,23-26
Pakistan,Ireland,Cork,2015,571,Male,27+
Nepal,Sweden,Gothenburg,2016,1017,Male,18-22
Pakistan,Spain,Valencia,2021,2093,Male,18-22
Vietnam,South Korea,Busan,2017,2199,Male,18-22
Pakistan,Italy,Florence,2024,2644,Male,23-26
Turkey,Ireland,Dublin,2017,575,Male,18-22
China,Germany,Hamburg,2015,5929,Male,18-22
Nepal,Netherlands,Rotterdam,2016,1432,Female,18-22
Nepal,Italy,Rome,2018,2320,Male,18-22
Nepal,Russia,St. Petersburg,2017,1468,Female,18-22
Nigeria,South Africa,Johannesburg,2020,2638,Male,23-26
Bangladesh,Singapore,Singapore,2022,2421,Male,23-26
Brazil,Sweden,Gothenburg,2018,1280,Female,18-22
Pakistan,South Africa,Pretoria,2020,1125,Female,23-26
Nigeria,UK,Manchester,2023,5938,Male,18-22
China,Singapore,Singapore,2022,4297,Male,23-26
Brazil,Singapore,Singapore,2023,2606,Female,23-26
Brazil,Australia,Melbourne,2024,3631,Male,18-22
Nigeria,India,Bangalore,2019,1844,Female,23-26
India,France,Marseille,2024,9698,Female,23-26
India,Italy,Rome,2022,6212,Male,18-22
Brazil,Norway,Trondheim,2024,1889,Female,18-22
Nigeria,Canada,Vancouver,2023,6461,Male,23-26
Bangladesh,Ireland,Galway,2021,870,Male,18-22
Vietnam,UAE,Abu Dhabi,2018,901,Female,18-22
Nigeria,Japan,Tokyo,2016,3462,Male,23-26
China,Spain,Madrid,2022,5239,Female,18-22
Kenya,South Africa,Cape Town,2024,1930,Female,27+
Kenya,Germany,Berlin,2021,2743,Female,23-26
Nepal,Spain,Barcelona,2021,2933,Male,23-26
Vietnam,UK,Birmingham,2019,4304,Non-binary,23-26
Nigeria,Singapore,Singapore,2020,2834,Male,18-22
Pakistan,South Korea,Daejeon,2017,3565,Male,18-22
Bangladesh,Singapore,Singapore,2023,1737,Male,23-26
Brazil,Italy,Milan,2021,1928,Male,27+
India,India,Mumbai,2020,3116,Female,18-22
Nigeria,South Africa,Pretoria,2018,1818,Female,18-22
Turkey,Italy,Florence,2024,2523,Male,23-26
Brazil,Norway,Bergen,2017,1611,Male,18-22
India,Finland,Helsinki,2020,1448,Female,18-22
Brazil,Germany,Munich,2023,3895,Male,23-26
India,South Africa,Pretoria,2019,3297,Male,18-22
China,UK,Birmingham,2020,8211,Non-binary,18-22
India,UAE,Abu Dhabi,2015,2259,Male,18-22
Nigeria,Singapore,Singapore,2015,2857,Male,23-26
Turkey,Sweden,Uppsala,2016,1348,Male,23-26
Pakistan,South Africa,Cape Town,2015,1010,Male,18-22
Kenya,Norway,Trondheim,2016,1039,Female,18-22
Turkey,Sweden,Stockholm,2023,1766,Female,23-26
Pakistan,Australia,Melbourne,2019,3547,Male,18-22
Turkey,Sweden,Gothenburg,2016,1211,Female,18-22
Turkey,South Korea,Seoul,2016,2952,Female,18-22
Turkey,Russia,Moscow,2018,1768,Male,18-22
Pakistan,Finland,Helsinki,2024,577,Female,23-26
China,Sweden,Stockholm,2021,3154,Female,18-22
Brazil,Italy,Rome,2024,2482,Male,18-22
India,Singapore,Singapore,2022,5330,Female,23-26
Bangladesh,Japan,Tokyo,2023,2344,Male,23-26
Brazil,Canada,Montreal,2020,4322,Female,23-26
Kenya,Germany,Hamburg,2017,3358,Male,18-22
China,Ireland,Cork,2018,1412,Male,23-26
Brazil,USA,Los Angeles,2019,5515,Female,27+
Bangladesh,South Korea,Daejeon,2024,2759,Female,18-22
Nigeria,India,Delhi,2019,1781,Female,18-22
Brazil,Ireland,Dublin,2020,834,Male,23-26
China,Ireland,Dublin,2018,1759,Male,18-22
Bangladesh,Australia,Brisbane,2020,4650,Male,27+
Turkey,Finland,Tampere,2019,665,Male,18-22
India,UAE,Abu Dhabi,2018,2062,Female,18-22
China,Finland,Tampere,2019,1253,Female,18-22
Vietnam,Japan,Osaka,2023,2492,Female,18-22
Turkey,UK,London,2019,4245,Male,23-26
Bangladesh,Germany,Frankfurt,2017,2211,Male,23-26
Kenya,Ireland,Dublin,2015,496,Male,23-26
Kenya,UAE,Abu Dhabi,2021,939,Female,18-22
Brazil,Finland,Tampere,2015,354,Female,18-22
India,Italy,Milan,2019,5701,Female,18-22
Brazil,France,Marseille,2023,4322,Male,23-26
China,Sweden,Gothenburg,2019,3186,Female,18-22
China,UK,Manchester,2024,10577,Male,23-26
Nigeria,UAE,Sharjah,2018,1359,Male,18-22
India,Germany,Munich,2015,6299,Female,18-22
Pakistan,Australia,Brisbane,2024,3812,Female,23-26
Nigeria,Ireland,Dublin,2020,1165,Male,23-26
Bangladesh,Russia,St. Petersburg,2023,2041,Male,18-22
Nepal,Spain,Barcelona,2017,2437,Female,23-26
Vietnam,UK,London,2021,5094,Male,18-22
Nepal,USA,Chicago,2015,3610,Male,23-26
Nigeria,Ireland,Dublin,2024,1496,Non-binary,23-26
Bangladesh,Ireland,Cork,2017,937,Female,23-26
Turkey,Canada,Montreal,2020,2965,Male,27+
Bangladesh,UAE,Abu Dhabi,2017,1134,Male,23-26
Turkey,Germany,Munich,2023,4957,Male,27+
Bangladesh,Norway,Trondheim,2017,1160,Male,18-22
Pakistan,UAE,Abu Dhabi,2017,888,Female,23-26
Nepal,Australia,Brisbane,2020,4178,Female,18-22
Pakistan,Singapore,Singapore,2017,1389,Male,18-22
Nigeria,Sweden,Gothenburg,2021,2912,Female,18-22
Turkey,Spain,Barcelona,2019,2796,Female,18-22
Turkey,Sweden,Uppsala,2018,1263,Female,18-22
Turkey,Australia,Brisbane,2017,2602,Female,23-26
Pakistan,Singapore,Singapore,2023,2324,Male,23-26
Nigeria,Ireland,Cork,2017,878,Male,18-22
Bangladesh,Russia,Moscow,2019,2254,Male,18-22
Kenya,Australia,Brisbane,2016,3196,Female,27+
Brazil,Australia,Sydney,2015,2595,Male,18-22
China,UK,Birmingham,2018,7391,Female,18-22
Pakistan,Italy,Milan,2018,1989,Male,23-26
Pakistan,UAE,Dubai,2015,728,Male,23-26
Nepal,Australia,Melbourne,2016,4229,Male,18-22
Brazil,Germany,Berlin,2017,3533,Female,18-22
Kenya,South Africa,Johannesburg,2021,1745,Female,18-22
Brazil,Canada,Montreal,2018,3892,Male,23-26
Brazil,Ireland,Galway,2021,883,Male,18-22
Brazil,Ireland,Cork,2019,788,Female,18-22
Bangladesh,Norway,Bergen,2015,1286,Female,27+
India,South Africa,Johannesburg,2024,4194,Male,18-22
India,UAE,Abu Dhabi,2016,2028,Male,23-26
Vietnam,South Korea,Seoul,2020,3092,Male,23-26
Nepal,Germany,Berlin,2017,2145,Male,27+
Bangladesh,Spain,Valencia,2017,2259,Male,23-26
Vietnam,Netherlands,Rotterdam,2022,1778,Female,23-26
Turkey,Netherlands,Eindhoven,2024,2276,Male,18-22
India,South Korea,Seoul,2021,6600,Female,27+
Bangladesh,Finland,Turku,2022,579,Female,27+
Pakistan,Singapore,Singapore,2024,2143,Male,23-26
India,UK,Birmingham,2024,13351,Female,23-26
Brazil,Ireland,Cork,2019,613,Male,23-26
Nepal,Italy,Milan,2020,2536,Female,23-26
Turkey,Italy,Rome,2019,2087,Male,23-26
India,India,Mumbai,2017,3067,Male,27+
Pakistan,Ireland,Cork,2019,739,Female,27+
India,Russia,St. Petersburg,2021,4769,Female,18-22
Bangladesh,Finland,Turku,2023,684,Male,18-22
Nepal,France,Marseille,2024,3594,Male,23-26
Nigeria,UK,Birmingham,2022,7459,Female,18-22
Vietnam,South Africa,Johannesburg,2023,1454,Female,23-26
China,UK,London,2023,9763,Female,18-22
Vietnam,USA,Boston,2017,5700,Female,18-22
China,South Korea,Seoul,2016,4333,Female,18-22
Vietnam,Russia,Kazan,2018,1842,Male,18-22
Nepal,Japan,Tokyo,2024,3312,Female,18-22
Turkey,Netherlands,Rotterdam,2024,1895,Female,18-22
Brazil,Australia,Sydney,2015,2804,Female,18-22
Kenya,Sweden,Stockholm,2016,1461,Female,18-22
Brazil,Finland,Turku,2020,745,Female,18-22
Nigeria,UAE,Dubai,2021,1524,Female,18-22
Nepal,France,Paris,2024,4677,Female,18-22
Nigeria,Australia,Melbourne,2018,5133,Female,23-26
Vietnam,Canada,Montreal,2016,3501,Male,23-26
Turkey,South Korea,Busan,2015,2104,Female,23-26
Brazil,Ireland,Cork,2016,806,Female,23-26
Vietnam,India,Mumbai,2017,1185,Male,18-22
China,UAE,Sharjah,2024,2227,Male,18-22
China,Australia,Brisbane,2018,8150,Male,23-26
Pakistan,Australia,Brisbane,2020,3241,Male,18-22
Nigeria,South Africa,Pretoria,2017,1724,Male,18-22
Kenya,Norway,Oslo,2018,1008,Male,23-26
Brazil,France,Lyon,2024,3559,Male,27+
Bangladesh,Australia,Sydney,2018,3487,Male,27+
India,USA,Los Angeles,2021,16688,Female,18-22
Nigeria,Sweden,Uppsala,2019,2084,Female,18-22
Brazil,Ireland,Cork,2017,772,Female,18-22
Nepal,Germany,Frankfurt,2020,2700,Female,18-22
Turkey,Germany,Frankfurt,2015,3659,Female,23-26
Turkey,Netherlands,Eindhoven,2016,1680,Female,18-22
Brazil,Canada,Vancouver,2021,3398,Male,18-22
Kenya,Germany,Berlin,2023,2989,Female,23-26
India,Russia,Kazan,2017,4149,Male,27+
India,Spain,Barcelona,2023,6881,Male,18-22
Nepal,South Korea,Seoul,2023,3051,Male,23-26
Nepal,UK,Birmingham,2016,4741,Female,18-22
Vietnam,Canada,Montreal,2022,4235,Female,18-22
China,Singapore,Singapore,2022,4516,Female,18-22
Nepal,Norway,Trondheim,2017,1140,Male,18-22
China,UAE,Sharjah,2023,2036,Male,18-22
Turkey,Australia,Sydney,2016,3022,Non-binary,18-22
Vietnam,South Korea,Busan,2016,2510,Male,23-26
Bangladesh,Canada,Toronto,2019,3707,Male,18-22
Pakistan,Australia,Sydney,2022,4521,Male,18-22
Kenya,Netherlands,Eindhoven,2022,2300,Female,18-22
Bangladesh,Australia,Melbourne,2018,3011,Male,27+
India,Ireland,Galway,2019,2079,Male,18-22
Nepal,Italy,Florence,2017,1762,Female,18-22
China,Norway,Bergen,2022,2722,Male,23-26
China,India,Delhi,2015,2394,Female,27+
Turkey,Spain,Madrid,2016,2172,Male,23-26
Nigeria,Italy,Milan,2021,4542,Female,18-22
China,Finland,Tampere,2017,958,Male,18-22
Turkey,USA,Chicago,2020,6729,Female,23-26
Bangladesh,Ireland,Cork,2024,904,Female,23-26
Brazil,UK,Manchester,2018,3810,Female,27+
Kenya,Norway,Bergen,2018,1205,Female,18-22
Nepal,USA,Boston,2017,6075,Male,18-22
Turkey,India,Mumbai,2022,1617,Female,23-26
Kenya,Australia,Sydney,2017,2787,Male,27+
Bangladesh,USA,Boston,2017,6344,Female,23-26
China,UK,London,2024,9890,Female,23-26
India,Netherlands,Amsterdam,2021,4852,Male,23-26
Turkey,India,Delhi,2017,1072,Male,23-26
Brazil,South Korea,Busan,2019,2910,Female,18-22
India,Finland,Turku,2018,1437,Male,18-22
Vietnam,Canada,Vancouver,2019,3203,Male,23-26
Bangladesh,Japan,Tokyo,2016,2744,Male,23-26
Nepal,UAE,Sharjah,2022,1059,Male,18-22
Brazil,UAE,Abu Dhabi,2021,734,Male,23-26
China,UK,Birmingham,2016,7366,Male,23-26
Nepal,Canada,Montreal,2015,4243,Female,23-26
India,UAE,Dubai,2019,1973,Male,18-22
Pakistan,Australia,Sydney,2015,3409,Male,18-22
Brazil,South Africa,Cape Town,2018,1527,Male,18-22
Vietnam,Italy,Florence,2021,2527,Male,27+
China,UK,Birmingham,2023,9580,Female,23-26
Turkey,Germany,Hamburg,2023,3072,Male,23-26
Brazil,Singapore,Singapore,2019,1882,Male,23-26
Pakistan,Japan,Kyoto,2020,2772,Female,27+
Kenya,Germany,Frankfurt,2024,3852,Male,18-22
Brazil,Spain,Valencia,2023,2568,Female,23-26
Turkey,India,Delhi,2020,1038,Male,23-26
Nepal,Norway,Bergen,2021,1627,Male,18-22
Bangladesh,South Africa,Johannesburg,2015,982,Female,23-26
Brazil,South Africa,Johannesburg,2016,1149,Male,23-26
Nepal,Germany,Berlin,2022,3394,Male,23-26
Nepal,Italy,Rome,2018,2539,Male,18-22
India,Japan,Kyoto,2020,7413,Female,27+
Nigeria,France,Lyon,2020,4634,Female,23-26
Nepal,Netherlands,Rotterdam,2021,2027,Male,23-26
Pakistan,UAE,Abu Dhabi,2017,812,Male,23-26
Nepal,UK,London,2021,6226,Male,18-22
Nigeria,Japan,Osaka,2015,3446,Female,23-26
Nigeria,Norway,Oslo,2017,1820,Female,18-22
Vietnam,Netherlands,Rotterdam,2021,1928,Female,23-26
Nepal,Singapore,Singapore,2024,2392,Female,18-22
Nigeria,Ireland,Cork,2016,1153,Non-binary,23-26
India,Italy,Rome,2016,5026,Female,23-26
China,Germany,Hamburg,2017,6011,Male,18-22
Pakistan,Netherlands,Amsterdam,2020,1722,Female,18-22
Pakistan,Ireland,Dublin,2017,751,Male,23-26
Vietnam,Sweden,Uppsala,2024,1583,Male,18-22
Pakistan,USA,Los Angeles,2015,5579,Male,23-26
Vietnam,Singapore,Singapore,2015,1933,Male,18-22
Nepal,France,Marseille,2020,3717,Male,23-26
India,Spain,Barcelona,2018,6978,Female,23-26
Nepal,South Korea,Daejeon,2015,2049,Male,18-22
Nepal,UK,Birmingham,2017,3084,Female,18-22
Turkey,Germany,Munich,2015,2730,Male,18-22
Vietnam,France,Marseille,2021,3981,Male,18-22
China,France,Marseille,2018,5808,Male,18-22
India,Germany,Frankfurt,2019,7236,Male,23-26
Bangladesh,Sweden,Gothenburg,2017,1226,Male,23-26
Vietnam,Finland,Helsinki,2020,610,Male,18-22
China,Ireland,Galway,2022,1746,Male,18-22
Brazil,India,Mumbai,2024,1742,Female,23-26
Kenya,Ireland,Cork,2024,1036,Male,23-26
Nepal,Italy,Rome,2018,2500,Female,18-22
Pakistan,UK,London,2023,4843,Female,18-22
Brazil,Russia,Moscow,2018,1246,Male,18-22
Nepal,Germany,Munich,2016,2660,Male,23-26
Nepal,France,Paris,2019,2992,Female,18-22
Nigeria,Italy,Rome,2020,2766,Female,18-22
Nigeria,Australia,Sydney,2024,6092,Female,18-22
Brazil,Spain,Valencia,2017,2128,Male,23-26
Nepal,Netherlands,Rotterdam,2019,1676,Male,23-26
Brazil,Russia,Moscow,2023,1564,Female,23-26
Nigeria,Singapore,Singapore,2022,3260,Male,18-22
Nepal,Sweden,Gothenburg,2023,1822,Male,18-22
Nepal,Singapore,Singapore,2024,2261,Male,18-22
China,Australia,Brisbane,2022,8793,Female,27+
Kenya,South Africa,Johannesburg,2016,1401,Female,18-22
Nigeria,Spain,Valencia,2017,3640,Male,23-26
Kenya,Finland,Tampere,2016,743,Female,18-22
Brazil,Canada,Vancouver,2021,4287,Male,18-22
Vietnam,Norway,Trondheim,2019,1355,Male,27+
Turkey,India,Bangalore,2017,1239,Male,18-22
Bangladesh,UK,Manchester,2017,3444,Non-binary,23-26
Nepal,Italy,Florence,2024,2647,Male,23-26
Pakistan,Norway,Oslo,2024,1370,Female,27+
Brazil,Japan,Osaka,2017,3087,Male,23-26
Vietnam,Finland,Turku,2024,692,Female,23-26
Vietnam,UK,Manchester,2022,4223,Female,18-22
Nigeria,Italy,Rome,2015,2120,Male,18-22
Nigeria,USA,Los Angeles,2024,12080,Male,18-22
Kenya,Sweden,Stockholm,2022,1928,Male,18-22
China,UK,London,2023,9200,Female,23-26
Nigeria,Ireland,Cork,2021,1338,Male,23-26
India,Norway,Trondheim,2020,3447,Female,23-26
Turkey,France,Lyon,2017,3464,Male,27+
Turkey,Germany,Frankfurt,2015,2915,Male,18-22
India,Canada,Montreal,2018,8303,Female,27+
Pakistan,Australia,Sydney,2015,2366,Female,23-26
India,Singapore,Singapore,2022,5083,Female,18-22
Bangladesh,India,Mumbai,2018,1376,Male,18-22
Nepal,Singapore,Singapore,2022,1983,Female,23-26
Pakistan,Italy,Milan,2023,2684,Female,18-22
Brazil,Canada,Montreal,2018,3056,Male,23-26
Nigeria,Finland,Turku,2019,621,Female,18-22
Bangladesh,Japan,Kyoto,2020,2405,Male,18-22
Kenya,Singapore,Singapore,2018,1823,Female,18-22
Pakistan,Japan,Tokyo,2016,2475,Female,18-22
Kenya,Norway,Oslo,2023,1579,Male,18-22
Pakistan,South Africa,Pretoria,2022,1251,Female,23-26
Bangladesh,Australia,Melbourne,2020,4775,Female,18-22
Nepal,Ireland,Dublin,2020,693,Male,18-22
Turkey,India,Mumbai,2023,998,Female,27+
Nigeria,Netherlands,Eindhoven,2022,2761,Male,18-22
Vietnam,Australia,Brisbane,2018,3847,Female,18-22
Kenya,Netherlands,Rotterdam,2016,1832,Female,23-26
Brazil,Norway,Oslo,2015,1194,Male,18-22
Nigeria,Singapore,Singapore,2023,3050,Female,18-22
Pakistan,France,Paris,2017,3134,Male,18-22
Bangladesh,India,Mumbai,2022,1145,Male,27+
Nepal,Italy,Milan,2015,1800,Female,23-26
Brazil,France,Marseille,2015,2717,Male,27+
China,Sweden,Uppsala,2021,3070,Male,18-22
Vietnam,South Korea,Seoul,2024,2747,Male,18-22
Kenya,Singapore,Singapore,2022,2813,Female,18-22
India,Ireland,Cork,2018,1940,Male,23-26
India,Japan,Osaka,2019,7133,Male,18-22
Turkey,Sweden,Uppsala,2020,1551,Female,23-26
Pakistan,Singapore,Singapore,2016,1933,Female,18-22
Bangladesh,Russia,Kazan,2024,2179,Male,23-26
India,Japan,Tokyo,2018,5350,Male,18-22
Kenya,Singapore,Singapore,2015,1950,Male,18-22
Turkey,Spain,Valencia,2024,3077,Male,18-22
Nepal,Japan,Tokyo,2023,2653,Female,23-26
Nepal,Singapore,Singapore,2016,1520,Male,18-22
Brazil,Spain,Valencia,2019,1783,Male,18-22
Turkey,India,Bangalore,2023,1516,Female,23-26
India,Finland,Turku,2017,1369,Female,18-22
China,Singapore,Singapore,2019,3682,Female,23-26
Brazil,South Africa,Cape Town,2019,1161,Female,18-22
Bangladesh,South Korea,Busan,2023,2873,Male,27+
China,Norway,Oslo,2024,3212,Male,18-22
India,France,Marseille,2023,9422,Female,23-26
Turkey,Canada,Toronto,2020,3805,Male,18-22
Nigeria,South Korea,Seoul,2018,3576,Male,18-22
Pakistan,Italy,Rome,2021,3104,Male,18-22
China,Italy,Florence,2018,4481,Male,27+
Vietnam,Japan,Kyoto,2022,2571,Male,23-26
Brazil,Ireland,Dublin,2017,749,Male,23-26
Bangladesh,Finland,Helsinki,2017,413,Female,23-26
Kenya,Italy,Rome,2023,2517,Male,23-26
Kenya,Australia,Brisbane,2015,2097,Male,18-22
Vietnam,Singapore,Singapore,2022,2566,Male,18-22
Bangladesh,Sweden,Stockholm,2016,1462,Male,23-26
China,Italy,Milan,2016,3235,Male,27+
Vietnam,Sweden,Uppsala,2023,1583,Female,23-26
Brazil,South Africa,Pretoria,2023,1688,Female,27+
Bangladesh,Sweden,Gothenburg,2015,1499,Female,23-26
Pakistan,Australia,Brisbane,2021,3657,Female,23-26
Vietnam,Japan,Tokyo,2023,3327,Male,18-22
Bangladesh,South Korea,Daejeon,2016,2298,Female,18-22
India,Spain,Madrid,2022,7982,Female,23-26
Nigeria,Canada,Montreal,2019,6492,Male,18-22
Nigeria,Italy,Milan,2023,3729,Female,18-22
Nigeria,Italy,Milan,2022,3681,Male,18-22
Brazil,UAE,Sharjah,2018,800,Female,18-22
Pakistan,Germany,Frankfurt,2019,3419,Non-binary,27+
China,Australia,Sydney,2024,7943,Female,18-22
India,UK,Manchester,2020,9828,Male,18-22
India,Singapore,Singapore,2020,4620,Female,18-22
India,Russia,St. Petersburg,2019,4339,Female,18-22
Brazil,Australia,Sydney,2022,4354,Male,23-26
Pakistan,Spain,Valencia,2022,3565,Female,18-22
Vietnam,Netherlands,Eindhoven,2017,1629,Male,27+
Bangladesh,Canada,Montreal,2017,3372,Male,18-22
Turkey,France,Paris,2021,3607,Female,23-26
China,Italy,Florence,2015,3105,Female,18-22
Brazil,Italy,Florence,2024,3130,Female,23-26
Vietnam,USA,Chicago,2017,5283,Male,18-22
China,USA,Los Angeles,2024,12378,Male,18-22
Vietnam,Ireland,Cork,2023,864,Male,18-22
Brazil,Italy,Milan,2018,1576,Male,23-26
China,Ireland,Cork,2024,1969,Male,18-22
Vietnam,South Africa,Cape Town,2015,653,Male,18-22
Nigeria,Australia,Brisbane,2022,5086,Female,18-22
Nigeria,Italy,Rome,2024,3987,Male,23-26
Kenya,Italy,Milan,2020,1572,Male,18-22
China,Russia,Kazan,2021,4256,Male,18-22
Kenya,Norway,Oslo,2020,1445,Male,18-22
Pakistan,Australia,Brisbane,2017,3396,Male,18-22
Turkey,Japan,Osaka,2017,2059,Male,18-22
Nigeria,Australia,Melbourne,2016,4944,Female,18-22
Nepal,South Korea,Seoul,2019,2389,Female,23-26
Pakistan,South Africa,Johannesburg,2018,940,Male,18-22
Brazil,Spain,Barcelona,2023,2932,Male,23-26
Nigeria,UAE,Abu Dhabi,2021,1374,Female,18-22
China,Canada,Vancouver,2018,7130,Male,18-22
Nigeria,Japan,Kyoto,2019,4045,Female,18-22
Nigeria,Australia,Sydney,2018,5278,Male,23-26
Nigeria,Canada,Vancouver,2020,5416,Male,23-26
Vietnam,Spain,Valencia,2017,2658,Female,23-26
India,UAE,Dubai,2016,2154,Male,18-22
Nepal,India,Bangalore,2016,1273,Male,23-26
China,France,Marseille,2020,5988,Female,18-22
Kenya,Finland,Helsinki,2017,730,Male,18-22
China,Netherlands,Amsterdam,2021,3613,Female,23-26
Kenya,Sweden,Gothenburg,2024,2076,Female,23-26
Nepal,Finland,Tampere,2023,732,Male,18-22
Turkey,UK,London,2024,6413,Female,18-22
India,USA,Chicago,2017,13302,Male,18-22
India,South Korea,Daejeon,2020,6468,Female,18-22
Nigeria,Finland,Turku,2015,682,Female,27+
Turkey,Russia,Kazan,2018,1585,Male,18-22
Kenya,Australia,Melbourne,2021,3543,Female,18-22
Bangladesh,South Africa,Johannesburg,2021,1427,Male,27+
Nigeria,UAE,Sharjah,2017,1237,Male,23-26
Kenya,South Korea,Seoul,2022,2540,Male,18-22
Brazil,Canada,Montreal,2016,3526,Male,23-26
Brazil,Australia,Sydney,2016,3061,Female,18-22
Brazil,Italy,Rome,2022,2345,Female,18-22
Bangladesh,Netherlands,Eindhoven,2020,2218,Male,23-26
Vietnam,Netherlands,Rotterdam,2021,1861,Female,27+
Kenya,Italy,Florence,2021,2195,Female,27+
Nigeria,Canada,Toronto,2017,5680,Male,23-26
Bangladesh,Ireland,Dublin,2020,790,Male,18-22
Nepal,USA,Chicago,2023,6000,Female,18-22
Nigeria,Netherlands,Amsterdam,2024,3492,Female,18-22
Nigeria,Ireland,Dublin,2019,1074,Female,18-22
Nigeria,Germany,Berlin,2020,3925,Female,23-26
Bangladesh,India,Mumbai,2017,1562,Male,18-22
Nepal,South Africa,Pretoria,2018,1708,Male,18-22
Nigeria,USA,New York,2020,10152,Female,18-22
Bangladesh,Australia,Brisbane,2019,5145,Female,27+
Brazil,UK,London,2024,5115,Male,18-22
Nigeria,India,Mumbai,2017,1371,Non-binary,27+
Pakistan,Germany,Hamburg,2023,3267,Male,18-22
India,South Africa,Johannesburg,2024,4330,Male,27+
Vietnam,UK,Manchester,2022,4267,Male,27+
Turkey,USA,New York,2019,7713,Female,23-26
Nepal,UAE,Dubai,2024,974,Female,18-22
Bangladesh,Netherlands,Amsterdam,2023,2381,Female,27+
Nepal,Ireland,Cork,2019,617,Female,18-22
Vietnam,Ireland,Galway,2015,910,Male,27+
Turkey,Sweden,Uppsala,2017,1289,Male,18-22
Nigeria,Spain,Madrid,2018,3659,Male,23-26
Bangladesh,India,Bangalore,2024,1477,Female,23-26
Turkey,Singapore,Singapore,2015,1973,Female,18-22
Pakistan,Japan,Tokyo,2021,2469,Male,23-26
India,Ireland,Dublin,2018,2021,Female,18-22
Nepal,Spain,Valencia,2017,2361,Female,23-26
Nepal,UAE,Sharjah,2020,996,Female,23-26
Nigeria,Sweden,Gothenburg,2018,1984,Male,18-22
Nepal,Australia,Sydney,2020,3627,Male,23-26
Bangladesh,Italy,Florence,2020,2405,Male,18-22
Vietnam,UAE,Sharjah,2023,1288,Female,18-22
Vietnam,Spain,Barcelona,2023,3224,Male,23-26
Vietnam,Singapore,Singapore,2018,2112,Female,18-22
Bangladesh,France,Lyon,2024,3814,Male,18-22
China,Sweden,Uppsala,2021,3332,Female,18-22
Bangladesh,France,Lyon,2018,3298,Female,23-26
Nepal,Finland,Turku,2015,485,Male,23-26
China,UAE,Dubai,2023,2146,Male,23-26
Nepal,Singapore,Singapore,2017,2259,Male,27+
Pakistan,Finland,Helsinki,2017,567,Female,23-26
Turkey,Russia,Kazan,2018,2013,Male,23-26
Turkey,Finland,Helsinki,2019,593,Male,27+
Nigeria,India,Bangalore,2019,1715,Non-binary,18-22
Bangladesh,UK,Manchester,2022,4703,Male,18-22
Pakistan,Sweden,Gothenburg,2023,1502,Female,18-22
Brazil,Norway,Trondheim,2024,1776,Male,23-26
Vietnam,Canada,Toronto,2021,3323,Male,18-22
Nigeria,Italy,Florence,2024,4146,Male,18-22
Turkey,France,Lyon,2020,2625,Female,23-26
Nigeria,USA,Chicago,2016,6027,Male,18-22
China,UAE,Dubai,2021,2088,Female,23-26
Vietnam,Sweden,Uppsala,2016,1366,Male,27+
China,Australia,Sydney,2023,8484,Female,23-26
Nigeria,Netherlands,Amsterdam,2020,2636,Female,27+
Brazil,South Korea,Busan,2022,2622,Female,27+
Vietnam,Russia,Kazan,2021,2452,Female,18-22
Bangladesh,France,Paris,2018,2548,Male,18-22
Pakistan,Netherlands,Eindhoven,2023,2383,Male,23-26
India,South Korea,Busan,2017,5136,Female,18-22
India,Japan,Osaka,2018,5983,Female,18-22
Nigeria,Sweden,Stockholm,2015,1854,Female,18-22
Bangladesh,Australia,Sydney,2015,2872,Female,18-22
Nigeria,Finland,Turku,2018,878,Male,23-26
Nepal,Russia,St. Petersburg,2016,1728,Female,18-22
Turkey,Japan,Osaka,2017,2982,Female,23-26
Turkey,Singapore,Singapore,2024,2369,Female,23-26
China,Singapore,Singapore,2016,2531,Female,23-26
India,Italy,Milan,2023,5939,Male,23-26
Bangladesh,Netherlands,Eindhoven,2023,2051,Female,18-22
India,South Korea,Busan,2015,4679,Male,27+
Brazil,Germany,Hamburg,2018,3388,Female,23-26
Nepal,South Korea,Daejeon,2018,2809,Male,18-22
India,Spain,Madrid,2016,5296,Female,23-26
China,UAE,Dubai,2019,1522,Male,23-26
Pakistan,Japan,Kyoto,2017,2417,Male,23-26
Brazil,UK,Birmingham,2017,3857,Female,27+
Vietnam,Spain,Valencia,2022,2790,Female,18-22
Turkey,Australia,Sydney,2017,3792,Male,18-22
China,South Africa,Pretoria,2016,2486,Non-binary,23-26
Turkey,South Africa,Pretoria,2023,1330,Female,18-22
Nigeria,Japan,Osaka,2017,2929,Female,23-26
Kenya,Russia,Moscow,2022,1879,Female,18-22
Turkey,Sweden,Gothenburg,2020,1720,Female,18-22
China,Netherlands,Eindhoven,2017,3492,Female,18-22
Vietnam,Germany,Berlin,2018,2861,Female,18-22
Nigeria,UK,Birmingham,2021,6162,Male,18-22
Turkey,Norway,Oslo,2015,1188,Male,18-22
Nepal,South Korea,Daejeon,2021,2451,Female,18-22
Kenya,Sweden,Stockholm,2024,1816,Male,23-26
Bangladesh,Italy,Milan,2017,2245,Female,23-26
Kenya,Russia,Kazan,2022,1968,Male,23-26
Nigeria,Sweden,Gothenburg,2015,1609,Male,23-26
Bangladesh,Germany,Frankfurt,2019,2958,Male,23-26
Pakistan,Germany,Berlin,2020,3536,Female,23-26
Bangladesh,Finland,Turku,2022,709,Female,18-22
China,Canada,Vancouver,2023,8347,Female,18-22
Nigeria,Canada,Vancouver,2021,5482,Male,18-22
Kenya,Canada,Toronto,2024,4866,Female,18-22
India,UAE,Dubai,2015,2227,Male,23-26
Nepal,Singapore,Singapore,2017,2213,Male,23-26
India,Canada,Toronto,2019,9494,Non-binary,18-22
India,South Africa,Johannesburg,2023,4269,Male,27+
India,South Africa,Pretoria,2020,3866,Male,18-22
Pakistan,Singapore,Singapore,2017,1362,Male,27+
Brazil,Australia,Brisbane,2017,3725,Female,23-26
Brazil,Sweden,Gothenburg,2017,1680,Male,18-22
Nigeria,South Africa,Cape Town,2020,2586,Female,18-22
Turkey,Japan,Osaka,2016,2981,Female,18-22
Brazil,South Africa,Cape Town,2017,1656,Female,18-22
China,France,Lyon,2016,5555,Female,18-22
Vietnam,South Africa,Cape Town,2016,1297,Female,27+
Turkey,South Africa,Cape Town,2015,1114,Female,18-22
Pakistan,UAE,Dubai,2022,929,Female,18-22
Nepal,Norway,Oslo,2022,1444,Male,27+
Brazil,Canada,Vancouver,2018,3358,Male,18-22
Vietnam,Germany,Hamburg,2017,2243,Male,23-26
Turkey,UK,London,2024,4524,Female,23-26
China,Norway,Bergen,2016,2252,Male,18-22
Vietnam,Netherlands,Amsterdam,2020,1609,Male,23-26
China,Russia,Kazan,2017,3484,Non-binary,23-26
Brazil,Sweden,Stockholm,2018,1091,Male,23-26
India,Australia,Melbourne,2018,8068,Male,23-26
Bangladesh,Italy,Florence,2017,1627,Male,23-26
Bangladesh,Australia,Sydney,2023,4810,Female,27+
Nepal,Germany,Frankfurt,2019,2774,Female,18-22
Bangladesh,Canada,Toronto,2018,4100,Female,23-26
Bangladesh,Netherlands,Eindhoven,2020,1655,Female,23-26
Bangladesh,Germany,Frankfurt,2024,3747,Female,23-26
Brazil,India,Mumbai,2019,1051,Male,18-22
Brazil,Spain,Valencia,2018,2873,Female,18-22
Brazil,Netherlands,Rotterdam,2016,1585,Female,23-26
Vietnam,Japan,Kyoto,2016,2363,Male,27+
Kenya,South Africa,Johannesburg,2020,1559,Male,18-22
Bangladesh,Finland,Tampere,2024,649,Male,18-22
Kenya,Germany,Hamburg,2024,3763,Male,23-26
Nigeria,Norway,Trondheim,2017,1338,Female,18-22
Vietnam,South Korea,Busan,2024,3963,Female,27+
Bangladesh,Ireland,Dublin,2022,1199,Male,18-22
China,Sweden,Stockholm,2018,2795,Male,27+
China,Singapore,Singapore,2022,4219,Female,18-22
Brazil,Germany,Hamburg,2024,3928,Non-binary,27+
Kenya,Japan,Osaka,2024,3552,Female,18-22
India,USA,Chicago,2021,15852,Female,18-22
Nigeria,Netherlands,Rotterdam,2015,2299,Male,18-22
Turkey,Sweden,Gothenburg,2022,2004,Female,27+
Vietnam,Italy,Florence,2021,2729,Male,23-26
Nigeria,Italy,Rome,2015,2968,Male,23-26
Nepal,Netherlands,Amsterdam,2018,1878,Male,23-26
India,Germany,Hamburg,2024,8987,Female,23-26
Turkey,Russia,Kazan,2023,1512,Male,18-22
Turkey,Netherlands,Amsterdam,2015,1846,Female,23-26
Pakistan,Japan,Osaka,2015,2239,Male,23-26
Brazil,Russia,Kazan,2022,2187,Female,18-22
India,Australia,Sydney,2023,10970,Male,27+
Bangladesh,South Korea,Seoul,2018,2625,Female,23-26
Kenya,USA,Chicago,2015,5588,Female,23-26
Nepal,Finland,Helsinki,2015,528,Female,18-22
India,UK,Birmingham,2022,10775,Male,18-22
India,Japan,Kyoto,2020,7598,Female,18-22
Bangladesh,UK,Manchester,2015,3533,Female,18-22
Vietnam,Sweden,Gothenburg,2016,1474,Female,27+
India,Sweden,Gothenburg,2017,3574,Male,18-22
Nepal,Finland,Turku,2016,480,Male,18-22
Pakistan,Australia,Brisbane,2020,3289,Male,18-22
China,Japan,Kyoto,2018,5478,Female,23-26
Nepal,Canada,Montreal,2022,3961,Female,23-26
Pakistan,Finland,Turku,2021,657,Male,23-26
Turkey,Finland,Tampere,2018,688,Male,18-22
India,Spain,Valencia,2020,6511,Male,18-22
India,Australia,Brisbane,2024,11276,Female,18-22
India,Australia,Brisbane,2023,11895,Male,23-26
Kenya,Singapore,Singapore,2018,2189,Male,18-22
China,South Korea,Daejeon,2018,4608,Male,23-26
Nepal,Italy,Milan,2016,2246,Female,27+
Kenya,France,Lyon,2021,4051,Male,23-26
Vietnam,Norway,Bergen,2024,1864,Female,23-26
China,Canada,Toronto,2017,6429,Female,23-26
Nepal,USA,Boston,2016,5608,Female,27+
India,UAE,Sharjah,2023,2752,Male,18-22
Kenya,South Africa,Johannesburg,2024,1567,Male,18-22
Kenya,Sweden,Uppsala,2024,1533,Male,23-26
Brazil,Japan,Osaka,2023,2675,Male,23-26
India,South Korea,Daejeon,2018,5445,Female,23-26
Nepal,South Africa,Cape Town,2022,1375,Male,23-26
Pakistan,USA,Los Angeles,2024,6710,Male,18-22
Vietnam,USA,New York,2021,7285,Female,23-26
Bangladesh,Sweden,Gothenburg,2016,1576,Female,23-26
Pakistan,Australia,Melbourne,2017,4815,Female,18-22
Bangladesh,Russia,Kazan,2016,1639,Male,23-26
Nigeria,Spain,Valencia,2023,4106,Female,18-22
Bangladesh,France,Lyon,2022,3096,Male,23-26
China,Sweden,Stockholm,2017,2636,Male,23-26
Turkey,Spain,Madrid,2020,2369,Female,23-26
Turkey,Japan,Kyoto,2021,2757,Male,18-22
Bangladesh,France,Marseille,2016,2056,Male,18-22
Nepal,Netherlands,Eindhoven,2019,1813,Male,23-26
India,India,Bangalore,2016,2691,Male,18-22
Turkey,South Africa,Pretoria,2018,988,Female,23-26
India,Japan,Osaka,2019,6980,Female,23-26
Nepal,Spain,Valencia,2018,2617,Male,18-22
Vietnam,Spain,Madrid,2021,2764,Female,18-22
Nepal,Australia,Sydney,2017,2901,Female,23-26
Kenya,Italy,Florence,2019,2224,Female,23-26
Bangladesh,UAE,Sharjah,2017,965,Female,23-26
Brazil,Netherlands,Rotterdam,2020,1623,Female,23-26
China,India,Mumbai,2022,2594,Male,27+
Bangladesh,Ireland,Cork,2020,786,Non-binary,18-22
Kenya,Russia,Moscow,2019,1532,Female,18-22
Pakistan,Norway,Oslo,2023,1721,Male,23-26
China,USA,Boston,2022,14975,Female,18-22
Pakistan,South Korea,Busan,2024,3161,Female,18-22
Turkey,Norway,Oslo,2024,1255,Female,18-22
Kenya,South Korea,Busan,2018,2010,Female,18-22
Kenya,India,Delhi,2015,1348,Female,18-22
Pakistan,South Korea,Seoul,2015,2043,Male,27+
Vietnam,Netherlands,Amsterdam,2021,2056,Male,18-22
Pakistan,Spain,Madrid,2018,2269,Male,23-26
Brazil,Sweden,Gothenburg,2019,1433,Male,18-22
Pakistan,UK,Manchester,2020,4773,Male,18-22
Nigeria,Norway,Trondheim,2021,2175,Male,18-22
Turkey,UK,Manchester,2024,5052,Female,18-22
Pakistan,France,Marseille,2018,2902,Female,23-26
Turkey,Italy,Milan,2015,2031,Female,27+
Nigeria,South Korea,Daejeon,2024,5000,Male,18-22
Kenya,UK,Birmingham,2023,5073,Female,18-22
Nigeria,Finland,Tampere,2015,897,Male,23-26
Bangladesh,Norway,Oslo,2024,1829,Non-binary,23-26
Nepal,Sweden,Uppsala,2017,1429,Male,18-22
Vietnam,UK,Manchester,2023,5257,Male,23-26
Bangladesh,Netherlands,Amsterdam,2021,2153,Male,18-22
Bangladesh,Norway,Bergen,2018,1052,Male,18-22
Brazil,USA,Los Angeles,2024,7439,Female,18-22
Bangladesh,Australia,Brisbane,2017,2888,Male,23-26
Turkey,Norway,Bergen,2016,1549,Female,18-22
Vietnam,UK,London,2020,4768,Female,18-22
Bangladesh,Italy,Milan,2016,1450,Male,27+
Nepal,UK,Birmingham,2016,2850,Male,18-22
Kenya,Germany,Berlin,2016,2161,Female,23-26
Kenya,UAE,Dubai,2017,809,Male,18-22
Bangladesh,Canada,Vancouver,2021,4088,Male,23-26
Kenya,Japan,Osaka,2022,3351,Male,18-22
Bangladesh,India,Mumbai,2019,1281,Female,18-22
China,UAE,Dubai,2019,1755,Male,23-26
Pakistan,South Africa,Pretoria,2021,1949,Female,23-26
Turkey,South Korea,Seoul,2023,2655,Female,18-22
Bangladesh,USA,New York,2017,4950,Male,23-26
Pakistan,Ireland,Cork,2023,1235,Female,23-26
Nigeria,India,Delhi,2022,1997,Male,23-26
Bangladesh,Germany,Munich,2015,2489,Female,18-22
Brazil,South Korea,Seoul,2018,2482,Female,27+
Nepal,Canada,Vancouver,2024,5097,Female,18-22
Bangladesh,UK,London,2022,4423,Female,23-26
Nigeria,UK,Manchester,2016,5297,Male,18-22
Nigeria,Finland,Helsinki,2019,1058,Female,18-22
Nepal,Singapore,Singapore,2016,1819,Female,18-22
Nepal,Norway,Bergen,2022,1577,Male,18-22
Nepal,Canada,Montreal,2022,4341,Male,23-26
Bangladesh,Netherlands,Amsterdam,2019,1937,Male,18-22
China,South Africa,Johannesburg,2017,2452,Male,18-22
Turkey,Singapore,Singapore,2019,1597,Female,27+
Nepal,Canada,Toronto,2024,3817,Female,18-22
Turkey,USA,Los Angeles,2015,6327,Female,18-22
Brazil,South Korea,Daejeon,2015,1893,Female,18-22
Kenya,Australia,Brisbane,2022,4852,Male,18-22
Vietnam,South Africa,Cape Town,2015,1516,Female,27+
Nepal,USA,Chicago,2017,4172,Female,18-22
Bangladesh,Australia,Sydney,2024,4268,Female,18-22
Turkey,Netherlands,Eindhoven,2018,1707,Male,18-22
China,Sweden,Uppsala,2019,2668,Female,27+
Nepal,Spain,Valencia,2019,3034,Female,18-22
China,South Korea,Seoul,2024,5151,Male,18-22
Nigeria,Singapore,Singapore,2016,2605,Female,23-26
Nigeria,Finland,Turku,2023,1030,Male,27+
Nigeria,Australia,Melbourne,2020,5213,Female,23-26
Nigeria,South Korea,Seoul,2024,4861,Male,18-22
Nepal,Norway,Oslo,2016,1200,Female,23-26
Kenya,France,Lyon,2016,3219,Male,23-26
Pakistan,Germany,Frankfurt,2015,3063,Female,18-22
Pakistan,Spain,Valencia,2015,2155,Male,23-26
Kenya,Germany,Munich,2018,2951,Male,18-22
Turkey,Ireland,Cork,2024,1022,Female,23-26
India,Norway,Bergen,2021,3452,Female,23-26
Kenya,Italy,Florence,2019,2305,Female,18-22
Nepal,Finland,Tampere,2022,781,Female,18-22
China,Sweden,Gothenburg,2019,2760,Female,18-22
Bangladesh,UAE,Dubai,2018,1068,Female,18-22
Nigeria,France,Paris,2020,5450,Female,23-26
China,Spain,Valencia,2023,5359,Female,27+
Pakistan,Russia,St. Petersburg,2024,2163,Female,18-22
Pakistan,Finland,Turku,2021,602,Male,23-26
Kenya,Netherlands,Rotterdam,2019,1854,Male,18-22
Bangladesh,France,Lyon,2017,3175,Male,23-26
Pakistan,Germany,Frankfurt,2023,3787,Male,18-22
China,Australia,Melbourne,2024,8999,Female,18-22
India,USA,Los Angeles,2020,15679,Male,18-22
Nigeria,Germany,Frankfurt,2015,4205,Male,18-22
Vietnam,Finland,Helsinki,2018,681,Female,18-22
Brazil,Spain,Madrid,2020,2711,Female,23-26
Brazil,South Africa,Pretoria,2020,1752,Male,18-22
Nigeria,Japan,Osaka,2017,3689,Female,18-22
China,USA,New York,2017,11372,Non-binary,23-26
Bangladesh,France,Marseille,2018,3741,Female,18-22
Pakistan,Italy,Rome,2020,1925,Female,27+
Vietnam,UAE,Dubai,2015,1218,Female,18-22
Turkey,Australia,Brisbane,2019,5010,Male,18-22
Kenya,Canada,Vancouver,2015,2781,Male,18-22
China,Netherlands,Rotterdam,2015,2264,Female,18-22
China,USA,New York,2024,16264,Female,23-26
Bangladesh,Netherlands,Rotterdam,2017,1564,Male,18-22
Pakistan,Russia,St. Petersburg,2015,1723,Male,18-22
China,Sweden,Stockholm,2021,3064,Female,27+
Nigeria,South Africa,Pretoria,2019,2098,Male,23-26
Pakistan,Finland,Helsinki,2024,716,Male,23-26
Nigeria,UAE,Abu Dhabi,2016,1480,Female,18-22
Vietnam,Singapore,Singapore,2023,2039,Male,23-26
Kenya,Germany,Berlin,2022,3327,Female,23-26
Turkey,Netherlands,Eindhoven,2019,1972,Male,18-22
Bangladesh,UK,Birmingham,2020,5374,Female,23-26
Nepal,Russia,Kazan,2024,2157,Male,18-22
Nigeria,Netherlands,Rotterdam,2024,3716,Male,18-22
Kenya,France,Lyon,2020,2516,Male,23-26
Brazil,USA,Boston,2016,4093,Male,18-22
Vietnam,Finland,Tampere,2022,611,Female,23-26
Kenya,Sweden,Gothenburg,2015,1377,Male,23-26
Nigeria,France,Lyon,2017,4920,Male,18-22
China,UAE,Abu Dhabi,2021,2243,Male,18-22
Brazil,Russia,Moscow,2020,2049,Male,18-22
India,Netherlands,Rotterdam,2019,4719,Female,18-22
Bangladesh,Sweden,Gothenburg,2017,1131,Female,23-26
Brazil,Norway,Oslo,2024,1849,Male,18-22
Turkey,Netherlands,Eindhoven,2018,1694,Female,23-26
Vietnam,Finland,Turku,2016,315,Female,23-26
Turkey,France,Paris,2022,3796,Male,18-22
Nigeria,Japan,Tokyo,2018,3555,Female,23-26
Nigeria,France,Marseille,2020,5808,Male,23-26
Nepal,USA,Los Angeles,2015,5787,Male,27+
Vietnam,UAE,Dubai,2019,957,Male,23-26
China,Sweden,Stockholm,2019,2752,Male,23-26
Nepal,USA,Los Angeles,2023,6892,Female,27+
Pakistan,South Korea,Daejeon,2017,2355,Male,18-22
Vietnam,Ireland,Dublin,2020,738,Male,18-22
Nepal,South Korea,Busan,2016,1569,Female,18-22
Kenya,Japan,Tokyo,2023,3438,Female,23-26
Nigeria,Australia,Sydney,2023,5933,Female,18-22
Nepal,India,Mumbai,2016,996,Female,18-22
Bangladesh,Italy,Florence,2024,2396,Male,27+
Bangladesh,Russia,St. Petersburg,2018,1643,Male,18-22
Kenya,India,Bangalore,2023,1602,Male,23-26
Brazil,Finland,Turku,2023,648,Female,27+
China,Canada,Toronto,2022,8313,Female,18-22
Nepal,Germany,Frankfurt,2023,4869,Male,23-26
Nigeria,Italy,Rome,2023,4041,Male,27+
Brazil,South Africa,Johannesburg,2018,1501,Male,18-22
Nepal,Netherlands,Amsterdam,2020,2156,Female,18-22
Vietnam,India,Mumbai,2021,1482,Male,18-22
Nepal,South Africa,Johannesburg,2017,1025,Female,18-22
Brazil,Australia,Brisbane,2020,3244,Male,18-22
Nepal,Russia,Moscow,2020,1946,Male,18-22
China,Germany,Berlin,2018,4580,Female,23-26
Nigeria,UAE,Dubai,2021,1515,Male,18-22
Bangladesh,UK,Manchester,2017,3471,Male,18-22
China,Australia,Sydney,2020,8424,Male,18-22
Pakistan,Japan,Tokyo,2024,3567,Non-binary,18-22
India,UK,London,2016,10217,Male,27+
China,Australia,Melbourne,2023,7240,Male,23-26
Turkey,India,Bangalore,2015,997,Male,18-22
Kenya,South Korea,Daejeon,2016,2641,Female,18-22
Nepal,Norway,Oslo,2018,1277,Female,23-26
Turkey,Singapore,Singapore,2023,2423,Male,18-22
China,Singapore,Singapore,2020,4128,Non-binary,23-26
Nepal,Russia,Kazan,2015,1496,Female,23-26
Pakistan,Germany,Frankfurt,2024,3494,Male,27+
Vietnam,France,Lyon,2020,4007,Female,23-26
Brazil,Canada,Toronto,2021,4810,Female,23-26
Nigeria,Canada,Vancouver,2017,5132,Female,23-26
Turkey,Australia,Melbourne,2015,3464,Male,27+
Nepal,South Africa,Cape Town,2023,2482,Female,23-26
Vietnam,USA,Boston,2019,5314,Male,23-26
Nigeria,Australia,Sydney,2020,5046,Male,23-26
Pakistan,Japan,Tokyo,2021,2520,Female,18-22
Nigeria,Netherlands,Rotterdam,2019,2704,Male,18-22
Kenya,USA,Boston,2020,6940,Female,27+
Nepal,Italy,Milan,2018,1846,Female,18-22
Kenya,USA,New York,2019,4901,Male,27+
Nigeria,Japan,Osaka,2022,4432,Male,18-22
Bangladesh,Australia,Sydney,2016,3410,Female,18-22
Brazil,Norway,Trondheim,2017,1004,Male,23-26
Vietnam,India,Delhi,2021,1280,Male,18-22
Turkey,Netherlands,Rotterdam,2024,2345,Male,18-22
Pakistan,Ireland,Galway,2020,721,Male,27+
Brazil,Sweden,Uppsala,2022,1488,Male,18-22
Vietnam,South Africa,Johannesburg,2019,1417,Male,23-26
India,USA,Boston,2020,16574,Male,27+
Brazil,Netherlands,Rotterdam,2016,1687,Male,18-22
Bangladesh,Spain,Valencia,2021,2509,Female,18-22
Turkey,Sweden,Uppsala,2017,1084,Female,23-26
Nepal,Japan,Tokyo,2019,1818,Female,18-22
Vietnam,Netherlands,Amsterdam,2021,2009,Male,18-22
Nepal,Finland,Helsinki,2016,428,Male,18-22
Nepal,South Africa,Pretoria,2021,1078,Male,23-26
Nigeria,Spain,Barcelona,2018,3314,Male,18-22
Bangladesh,India,Bangalore,2024,1393,Female,18-22
Brazil,South Korea,Seoul,2017,1739,Female,23-26
Vietnam,Germany,Frankfurt,2022,3001,Male,23-26
Vietnam,South Africa,Johannesburg,2015,1059,Female,23-26
Nepal,Russia,Moscow,2015,1426,Female,18-22
India,Canada,Montreal,2020,9612,Male,18-22
Brazil,Ireland,Dublin,2017,877,Female,23-26
China,India,Mumbai,2019,2213,Female,18-22
China,Russia,St. Petersburg,2017,3509,Female,23-26
Nepal,Finland,Tampere,2015,727,Male,18-22
China,South Korea,Seoul,2024,4806,Male,18-22
China,Ireland,Cork,2019,1886,Female,23-26
Kenya,Japan,Tokyo,2022,2705,Male,18-22
Kenya,South Korea,Busan,2019,2363,Male,18-22
Brazil,USA,New York,2021,6969,Male,18-22
Kenya,India,Mumbai,2023,1852,Male,23-26
Nepal,India,Mumbai,2020,1453,Male,18-22
Nigeria,Germany,Munich,2021,4411,Male,18-22
Nepal,Germany,Munich,2020,2881,Female,23-26
Brazil,South Africa,Johannesburg,2023,2020,Male,18-22
Nepal,Australia,Brisbane,2018,3585,Female,27+
Nepal,UK,London,2024,4388,Male,18-22
Brazil,Germany,Hamburg,2019,2512,Male,18-22
Kenya,India,Delhi,2018,1270,Female,23-26
Bangladesh,Finland,Turku,2019,646,Male,27+
China,Russia,Moscow,2016,2884,Female,23-26
Nigeria,Australia,Brisbane,2021,7186,Male,18-22
Bangladesh,Norway,Oslo,2018,1556,Male,18-22
Bangladesh,France,Lyon,2022,3009,Male,23-26
Pakistan,Ireland,Galway,2022,903,Female,18-22
Brazil,India,Delhi,2023,1380,Female,18-22
Kenya,UAE,Abu Dhabi,2024,1062,Male,27+
Turkey,India,Bangalore,2015,742,Male,18-22
Brazil,India,Mumbai,2024,1503,Male,18-22
Nigeria,USA,Boston,2018,9857,Male,27+
Brazil,Canada,Vancouver,2020,3696,Female,27+
Nepal,Canada,Toronto,2022,4761,Male,18-22
Bangladesh,Russia,Kazan,2021,1463,Non-binary,18-22
Bangladesh,France,Paris,2019,3792,Female,18-22
Brazil,Norway,Bergen,2017,1002,Male,23-26
Nepal,USA,Los Angeles,2024,8010,Female,18-22
India,Germany,Hamburg,2023,8873,Male,18-22
Vietnam,Italy,Milan,2024,2292,Male,23-26
Turkey,UK,Manchester,2024,5391,Female,23-26
India,Singapore,Singapore,2018,4691,Male,23-26
Nepal,Japan,Kyoto,2018,2618,Female,18-22
China,UK,Birmingham,2021,10103,Female,23-26
India,Spain,Barcelona,2021,6283,Female,23-26
China,Spain,Valencia,2020,5383,Female,18-22
India,Sweden,Gothenburg,2021,3816,Male,18-22
Vietnam,India,Bangalore,2015,1218,Female,18-22
Bangladesh,Canada,Vancouver,2020,4355,Male,27+
India,India,Mumbai,2016,2319,Female,23-26
Nigeria,India,Bangalore,2016,1416,Male,18-22
Bangladesh,UK,Birmingham,2022,5058,Male,23-26
Kenya,South Africa,Pretoria,2017,1596,Male,18-22
Kenya,Finland,Turku,2024,690,Male,18-22
Nepal,UK,Birmingham,2023,4794,Female,23-26
China,Ireland,Dublin,2024,1844,Female,18-22
Bangladesh,Japan,Tokyo,2015,2000,Non-binary,18-22
Nepal,Canada,Montreal,2015,2740,Male,18-22
Bangladesh,Singapore,Singapore,2024,2647,Female,18-22
Nigeria,Spain,Valencia,2022,3954,Male,18-22
India,Spain,Valencia,2016,5425,Male,23-26
Turkey,Canada,Montreal,2021,3501,Male,18-22
Pakistan,Spain,Madrid,2023,2266,Female,23-26
Vietnam,Ireland,Dublin,2021,784,Male,23-26
China,South Africa,Pretoria,2018,2986,Male,23-26
Bangladesh,Finland,Helsinki,2024,762,Male,18-22
Brazil,South Africa,Pretoria,2017,1928,Female,27+
Kenya,Sweden,Uppsala,2018,1327,Female,23-26
Pakistan,South Korea,Daejeon,2024,2928,Male,27+
Turkey,Spain,Valencia,2015,1399,Female,18-22
Kenya,Canada,Vancouver,2016,4872,Male,18-22
Brazil,South Korea,Daejeon,2018,1837,Female,23-26
Bangladesh,Norway,Oslo,2017,818,Female,18-22
Kenya,UAE,Dubai,2023,886,Male,23-26
Brazil,South Africa,Johannesburg,2022,1791,Male,18-22
Brazil,South Korea,Seoul,2024,3578,Female,18-22
Pakistan,South Africa,Cape Town,2015,966,Female,18-22
Nigeria,Canada,Vancouver,2019,4866,Female,18-22
Turkey,Sweden,Uppsala,2020,2366,Male,23-26
Pakistan,Canada,Montreal,2018,3911,Female,18-22
Brazil,Italy,Rome,2019,1915,Male,23-26
Vietnam,UK,Birmingham,2022,4851,Male,23-26
Bangladesh,France,Lyon,2019,2871,Male,18-22
Bangladesh,Ireland,Galway,2019,740,Female,23-26
Nepal,Spain,Valencia,2023,2959,Male,18-22
Brazil,Singapore,Singapore,2023,2314,Male,27+
India,Italy,Rome,2017,4629,Male,18-22
Nigeria,Ireland,Cork,2020,1342,Male,18-22
India,Sweden,Stockholm,2019,4316,Male,18-22
China,Spain,Valencia,2018,4057,Male,23-26
China,UK,Manchester,2021,9012,Male,18-22
Pakistan,Sweden,Stockholm,2021,1692,Male,18-22
Bangladesh,South Korea,Busan,2021,2620,Male,27+
China,Singapore,Singapore,2015,3468,Female,18-22
Vietnam,France,Paris,2022,3146,Female,18-22
Nepal,Spain,Valencia,2024,3037,Male,18-22
China,Canada,Toronto,2015,5557,Male,27+
Nigeria,USA,Boston,2017,7447,Male,18-22
Turkey,Singapore,Singapore,2022,2536,Female,18-22
Brazil,Netherlands,Rotterdam,2019,1603,Female,18-22
Kenya,UAE,Dubai,2018,844,Female,18-22
Bangladesh,Norway,Bergen,2015,571,Male,27+
India,Singapore,Singapore,2023,5522,Male,18-22
Bangladesh,Norway,Bergen,2017,732,Male,27+
Kenya,Russia,St. Petersburg,2020,2356,Male,23-26
Kenya,UK,Birmingham,2020,5037,Male,18-22
China,Japan,Osaka,2024,6678,Male,18-22
Bangladesh,UAE,Dubai,2019,644,Female,23-26
Nigeria,South Korea,Seoul,2018,3185,Male,18-22
Brazil,South Korea,Busan,2024,2578,Male,27+
Nigeria,Japan,Tokyo,2020,4012,Female,18-22
Nepal,South Africa,Pretoria,2019,1511,Female,18-22
India,Ireland,Dublin,2024,2398,Male,23-26
China,UK,Manchester,2024,10161,Male,23-26
Brazil,Netherlands,Rotterdam,2023,2359,Male,23-26
Turkey,Italy,Rome,2017,2470,Male,23-26
India,South Africa,Johannesburg,2019,3859,Male,23-26
Nepal,Italy,Rome,2016,1337,Male,23-26
Turkey,UK,London,2019,5324,Male,23-26
Brazil,Finland,Tampere,2022,673,Male,18-22
Nigeria,South Korea,Seoul,2023,4130,Female,18-22
Nigeria,Singapore,Singapore,2021,3348,Male,18-22
India,USA,Boston,2020,13625,Male,23-26
Nepal,Canada,Toronto,2015,3420,Female,27+
India,Sweden,Stockholm,2019,3944,Male,18-22
India,Australia,Melbourne,2021,9331,Male,27+
Nepal,France,Lyon,2022,3280,Male,18-22
Turkey,Finland,Helsinki,2016,580,Male,18-22
Brazil,India,Bangalore,2024,1337,Male,23-26
Kenya,USA,Chicago,2019,7942,Female,18-22
India,Japan,Osaka,2023,7632,Male,27+
Turkey,India,Mumbai,2015,651,Male,27+
Vietnam,Canada,Montreal,2015,2875,Male,23-26
Pakistan,Canada,Montreal,2015,3029,Male,18-22
Pakistan,Italy,Florence,2018,1921,Female,18-22
Nigeria,South Africa,Cape Town,2022,2434,Female,23-26
India,Australia,Melbourne,2017,6969,Female,18-22
Bangladesh,Norway,Oslo,2017,1217,Female,18-22
Brazil,Germany,Munich,2015,3304,Male,18-22
Kenya,Russia,Moscow,2022,2427,Female,27+
Kenya,Japan,Kyoto,2016,2939,Female,18-22
Nepal,Singapore,Singapore,2022,2153,Male,23-26
Vietnam,Canada,Vancouver,2021,3511,Female,23-26
Nigeria,France,Lyon,2020,5615,Female,18-22
Brazil,Netherlands,Rotterdam,2023,2217,Female,27+
Vietnam,Ireland,Cork,2016,867,Male,18-22
Kenya,Sweden,Stockholm,2019,1972,Female,18-22
Nigeria,UAE,Abu Dhabi,2017,1165,Female,27+
Brazil,Russia,St. Petersburg,2019,2030,Male,18-22
Vietnam,Canada,Toronto,2024,4263,Female,23-26
China,UAE,Sharjah,2018,1639,Female,23-26
Vietnam,Italy,Milan,2021,2720,Female,23-26
Turkey,Spain,Valencia,2015,2374,Female,18-22
Kenya,UAE,Abu Dhabi,2017,974,Female,23-26
Brazil,Australia,Melbourne,2019,3039,Male,23-26
Kenya,Russia,Moscow,2023,2230,Female,18-22
Nepal,Germany,Munich,2019,3225,Female,18-22
Pakistan,South Africa,Johannesburg,2021,1622,Male,18-22
Kenya,UK,Birmingham,2019,3244,Female,23-26
Nepal,UK,Birmingham,2021,4771,Female,18-22
Bangladesh,Netherlands,Eindhoven,2018,1663,Male,23-26
India,France,Marseille,2015,5783,Male,27+
Kenya,Singapore,Singapore,2023,2576,Male,27+
Pakistan,Germany,Munich,2020,3707,Female,18-22
India,Spain,Madrid,2017,5960,Male,18-22
Vietnam,Japan,Tokyo,2024,2396,Male,18-22
Vietnam,Spain,Madrid,2020,2560,Female,18-22
Brazil,Canada,Montreal,2019,4310,Male,18-22
Kenya,Netherlands,Eindhoven,2024,2673,Male,23-26
Bangladesh,Finland,Helsinki,2017,560,Male,18-22
Bangladesh,France,Lyon,2015,3176,Non-binary,23-26
Kenya,USA,Chicago,2021,6866,Male,18-22
Turkey,South Korea,Busan,2022,2730,Female,18-22
Pakistan,Sweden,Stockholm,2019,1394,Female,23-26
China,Finland,Helsinki,2015,1187,Female,18-22
India,Singapore,Singapore,2021,5143,Male,18-22
Nigeria,Germany,Frankfurt,2023,4485,Male,27+
Bangladesh,Norway,Oslo,2024,1592,Male,18-22
Kenya,Russia,Kazan,2017,1724,Female,18-22
Pakistan,Norway,Trondheim,2016,1390,Male,18-22
Nigeria,India,Bangalore,2019,1865,Female,18-22
Kenya,Italy,Milan,2017,1690,Male,23-26
Kenya,Norway,Trondheim,2021,1419,Male,18-22
Bangladesh,Australia,Brisbane,2017,2234,Male,18-22
Turkey,USA,New York,2019,4946,Male,18-22
Pakistan,South Africa,Johannesburg,2020,1470,Male,23-26
India,Germany,Frankfurt,2017,7372,Female,23-26
Bangladesh,Australia,Brisbane,2016,3695,Male,18-22
Vietnam,Canada,Montreal,2019,4117,Female,18-22
India,UK,Birmingham,2020,10739,Female,18-22
China,Japan,Tokyo,2024,6350,Female,18-22
Turkey,Canada,Montreal,2019,3788,Male,18-22
Nepal,Spain,Madrid,2020,2523,Female,18-22
Nepal,USA,Chicago,2016,5605,Female,23-26
Brazil,Spain,Madrid,2015,2354,Male,18-22
Turkey,Russia,Kazan,2018,1712,Female,27+
Brazil,Japan,Tokyo,2022,3356,Female,18-22
Turkey,Germany,Hamburg,2017,2063,Female,18-22
Bangladesh,USA,Los Angeles,2021,6139,Non-binary,27+
China,Finland,Tampere,2022,1209,Male,23-26
Bangladesh,Japan,Tokyo,2021,2730,Female,18-22
Vietnam,Singapore,Singapore,2018,1487,Female,23-26
India,France,Marseille,2017,7940,Female,18-22
China,Netherlands,Eindhoven,2015,2780,Male,18-22
Pakistan,Japan,Kyoto,2017,2912,Female,23-26
Nigeria,Finland,Helsinki,2015,752,Female,18-22
Bangladesh,Norway,Bergen,2018,1070,Female,23-26
India,Germany,Frankfurt,2015,6118,Male,18-22
Brazil,USA,Los Angeles,2015,6726,Female,18-22
India,Germany,Munich,2023,9191,Female,18-22
Nigeria,Spain,Valencia,2018,3592,Male,18-22
Turkey,UAE,Dubai,2022,860,Female,18-22
Vietnam,France,Marseille,2023,3848,Female,18-22
Vietnam,Netherlands,Amsterdam,2018,1706,Male,18-22
Nigeria,Singapore,Singapore,2024,2956,Male,27+
China,Germany,Berlin,2023,6438,Male,18-22
China,South Korea,Seoul,2024,6482,Male,18-22
China,Japan,Osaka,2019,5448,Male,18-22
Nigeria,India,Delhi,2024,2527,Female,18-22
Vietnam,India,Mumbai,2017,1095,Female,18-22
Bangladesh,South Korea,Daejeon,2019,2011,Male,23-26
Brazil,Netherlands,Eindhoven,2020,1889,Female,18-22
Nigeria,Singapore,Singapore,2017,2229,Female,18-22
Nepal,South Korea,Seoul,2015,2329,Male,23-26
Pakistan,South Africa,Pretoria,2021,1547,Male,18-22
China,Finland,Helsinki,2020,1300,Female,18-22
Bangladesh,Russia,St. Petersburg,2022,1874,Male,23-26
Brazil,South Korea,Seoul,2019,2955,Female,18-22
Nigeria,France,Marseille,2015,4353,Female,18-22
Pakistan,France,Marseille,2017,3212,Male,23-26
Vietnam,Finland,Helsinki,2017,607,Male,18-22
Pakistan,Spain,Madrid,2022,2321,Male,23-26
Nigeria,South Africa,Cape Town,2017,1775,Male,23-26
Nepal,UAE,Sharjah,2019,882,Female,23-26
China,Australia,Brisbane,2018,7496,Male,18-22
Kenya,Ireland,Cork,2021,1013,Male,18-22
India,UK,London,2020,12250,Male,18-22
Bangladesh,France,Lyon,2020,3226,Female,23-26
Turkey,Russia,St. Petersburg,2024,2440,Female,23-26
Brazil,South Africa,Johannesburg,2023,1610,Male,23-26
Brazil,South Korea,Daejeon,2017,2203,Male,18-22
India,France,Paris,2016,7323,Male,18-22
Vietnam,Ireland,Cork,2015,592,Male,18-22
Nigeria,Japan,Kyoto,2019,3671,Male,18-22
Brazil,France,Marseille,2018,1762,Female,27+
India,UAE,Dubai,2018,2281,Male,23-26
India,Spain,Madrid,2020,6556,Male,23-26
Vietnam,Australia,Brisbane,2023,3667,Male,23-26
India,Norway,Oslo,2022,3456,Female,18-22
Kenya,India,Delhi,2015,1134,Male,18-22
China,Australia,Brisbane,2016,5935,Female,23-26
Brazil,India,Delhi,2015,1113,Female,23-26
Brazil,Singapore,Singapore,2015,1131,Male,18-22
Turkey,Netherlands,Rotterdam,2015,1337,Male,18-22
Bangladesh,Russia,Kazan,2023,2836,Male,18-22
India,Netherlands,Eindhoven,2016,3673,Female,18-22
Bangladesh,Ireland,Cork,2020,959,Female,18-22
India,Australia,Brisbane,2019,8224,Female,23-26
China,India,Mumbai,2016,2050,Male,23-26
China,South Korea,Seoul,2019,4431,Male,18-22
Vietnam,Spain,Madrid,2018,2932,Male,23-26
China,Ireland,Dublin,2017,1592,Male,23-26
Pakistan,Singapore,Singapore,2018,1877,Male,18-22
Nigeria,Ireland,Galway,2017,1024,Male,23-26
Nepal,UAE,Dubai,2022,1238,Male,18-22
China,UK,Manchester,2022,8555,Female,27+
Pakistan,Italy,Milan,2020,2050,Female,18-22
Nepal,Netherlands,Eindhoven,2018,1253,Female,23-26
India,Italy,Florence,2020,4997,Female,18-22
Turkey,Spain,Madrid,2021,2477,Female,23-26
Bangladesh,Ireland,Dublin,2022,798,Male,18-22
Bangladesh,India,Mumbai,2023,1758,Female,18-22
Brazil,Australia,Brisbane,2021,3389,Male,18-22
Nepal,South Africa,Cape Town,2021,1075,Male,23-26
Turkey,Germany,Munich,2019,2570,Female,18-22
Kenya,India,Delhi,2023,1220,Female,18-22
Vietnam,Russia,St. Petersburg,2015,1496,Female,18-22
Pakistan,Italy,Milan,2019,2044,Male,18-22
Nigeria,Australia,Brisbane,2022,6283,Male,23-26
Bangladesh,Germany,Munich,2016,2746,Female,23-26
Brazil,UAE,Sharjah,2021,1037,Female,27+
India,Ireland,Cork,2019,2061,Female,18-22
Nepal,Italy,Florence,2015,1756,Female,18-22
Brazil,France,Marseille,2023,4261,Male,18-22
Pakistan,Germany,Hamburg,2021,3372,Female,18-22
India,India,Delhi,2023,3351,Male,23-26
Turkey,Netherlands,Amsterdam,2015,1507,Male,23-26
Brazil,Netherlands,Eindhoven,2018,1643,Female,27+
Turkey,South Korea,Busan,2023,2659,Male,23-26
Vietnam,Canada,Montreal,2024,4712,Male,18-22
Pakistan,South Africa,Pretoria,2017,1714,Female,23-26
Brazil,South Africa,Pretoria,2021,1765,Female,23-26
Vietnam,Italy,Rome,2015,1852,Male,18-22
Bangladesh,Russia,St. Petersburg,2022,1827,Male,23-26
China,UAE,Abu Dhabi,2015,1717,Female,18-22
Brazil,Finland,Turku,2021,712,Female,27+
Kenya,South Korea,Daejeon,2015,940,Female,23-26
Bangladesh,Canada,Montreal,2017,2794,Female,18-22
Vietnam,USA,Los Angeles,2016,4627,Male,23-26
Vietnam,Canada,Toronto,2023,3746,Male,27+
Bangladesh,Singapore,Singapore,2019,2080,Female,23-26
Pakistan,Ireland,Galway,2024,1094,Female,23-26
Nigeria,Australia,Melbourne,2015,5841,Male,18-22
Kenya,South Korea,Seoul,2023,2428,Male,18-22
Kenya,Italy,Florence,2018,1886,Female,18-22
Kenya,Germany,Munich,2015,2652,Female,23-26
Vietnam,UK,London,2017,3882,Female,18-22
Bangladesh,UK,Manchester,2023,5195,Female,18-22
China,Spain,Barcelona,2016,4942,Female,18-22
China,Spain,Barcelona,2016,4054,Male,27+
Vietnam,USA,Boston,2017,7018,Female,23-26
Pakistan,Ireland,Galway,2016,737,Male,23-26
India,Sweden,Stockholm,2019,4266,Female,27+
Nepal,France,Lyon,2019,3386,Male,23-26
India,Singapore,Singapore,2019,5158,Male,23-26
Turkey,India,Mumbai,2017,1576,Female,23-26
Nigeria,Singapore,Singapore,2020,2563,Female,18-22
Brazil,UAE,Abu Dhabi,2019,860,Male,23-26
Nigeria,Finland,Turku,2021,1123,Male,18-22
Bangladesh,Russia,Moscow,2023,2033,Male,18-22
Brazil,South Korea,Seoul,2024,2201,Male,18-22
China,Singapore,Singapore,2023,5108,Female,18-22
India,UK,Manchester,2016,9455,Male,23-26
China,Finland,Turku,2015,1011,Male,23-26
India,Spain,Madrid,2023,6903,Male,18-22
India,Singapore,Singapore,2020,4735,Male,18-22
Bangladesh,Finland,Helsinki,2017,510,Female,27+
Turkey,Sweden,Stockholm,2019,1715,Male,23-26
Turkey,Spain,Valencia,2020,2583,Male,23-26
Kenya,Ireland,Galway,2024,922,Female,23-26
Bangladesh,Finland,Helsinki,2016,476,Female,18-22
Nepal,Netherlands,Eindhoven,2019,1833,Male,27+
China,Singapore,Singapore,2024,5264,Male,23-26
Brazil,Singapore,Singapore,2021,2276,Female,23-26
Vietnam,Japan,Osaka,2023,3126,Male,18-22
India,Norway,Trondheim,2018,2964,Female,23-26
Kenya,Sweden,Gothenburg,2019,1601,Female,23-26
Nepal,Japan,Kyoto,2018,3063,Female,18-22
Bangladesh,Russia,Kazan,2020,2022,Male,23-26
Nepal,UK,Birmingham,2019,5308,Male,18-22
Nepal,Sweden,Uppsala,2020,1716,Male,18-22
Brazil,Finland,Helsinki,2022,858,Female,18-22
China,Russia,Kazan,2017,3377,Female,23-26
Bangladesh,Ireland,Cork,2020,949,Male,23-26
Brazil,Japan,Osaka,2015,2021,Male,18-22
Turkey,USA,Chicago,2018,6226,Male,18-22
Kenya,USA,Los Angeles,2020,6561,Female,23-26
Nepal,Germany,Munich,2018,2946,Female,18-22
Vietnam,Norway,Bergen,2019,1257,Male,23-26
Brazil,South Korea,Daejeon,2022,3331,Female,18-22
Brazil,South Korea,Seoul,2022,2260,Female,18-22
Nepal,Norway,Oslo,2023,1511,Female,18-22
Nepal,France,Marseille,2022,3227,Female,23-26
Turkey,UAE,Sharjah,2024,1027,Male,18-22
Nepal,Canada,Vancouver,2022,4834,Male,18-22
China,Netherlands,Rotterdam,2023,4217,Female,18-22
Nepal,Australia,Sydney,2015,3193,Male,18-22
Vietnam,Sweden,Gothenburg,2022,1464,Male,18-22
Nepal,South Africa,Pretoria,2017,1686,Female,18-22
Brazil,Ireland,Cork,2019,926,Female,27+
Kenya,USA,Boston,2020,5136,Male,18-22
Pakistan,Canada,Toronto,2022,4571,Male,18-22
Turkey,South Korea,Busan,2021,2249,Male,18-22
Nigeria,Japan,Osaka,2021,4378,Female,27+
Brazil,Canada,Vancouver,2015,2433,Male,23-26
Brazil,France,Lyon,2015,2778,Non-binary,18-22
Kenya,Sweden,Stockholm,2019,1281,Female,18-22
Pakistan,Norway,Bergen,2022,1355,Male,18-22
Nepal,Singapore,Singapore,2018,1593,Male,23-26
Turkey,Sweden,Stockholm,2022,1686,Male,18-22
Bangladesh,Canada,Montreal,2019,4702,Female,18-22
Nepal,Canada,Montreal,2015,3834,Female,18-22
Nepal,Spain,Madrid,2022,2286,Female,27+
Pakistan,UK,Manchester,2015,3470,Male,18-22
India,Canada,Montreal,2022,9436,Male,23-26
Bangladesh,Japan,Tokyo,2023,2301,Male,18-22
India,France,Marseille,2023,8646,Female,18-22
Nepal,South Korea,Seoul,2017,2458,Female,23-26
India,Sweden,Uppsala,2019,4008,Male,18-22
Pakistan,Italy,Milan,2016,1863,Male,27+
China,Germany,Hamburg,2020,5895,Male,18-22
Bangladesh,France,Paris,2018,2401,Male,23-26
Pakistan,Norway,Oslo,2019,1420,Male,23-26
Bangladesh,Sweden,Uppsala,2022,1541,Female,18-22
Vietnam,USA,Chicago,2018,6208,Female,18-22
Vietnam,Sweden,Stockholm,2016,1493,Male,18-22
China,UAE,Abu Dhabi,2024,2272,Male,18-22
Turkey,USA,Boston,2016,4100,Female,27+
Vietnam,UAE,Sharjah,2020,992,Female,23-26
Turkey,Finland,Turku,2019,540,Male,18-22
Vietnam,Singapore,Singapore,2017,1417,Female,18-22
Turkey,Norway,Trondheim,2019,1119,Female,18-22
Vietnam,UK,London,2021,4143,Female,23-26
Pakistan,Italy,Florence,2015,2337,Female,18-22
Nigeria,South Africa,Cape Town,2024,2471,Female,18-22
Kenya,France,Lyon,2021,3124,Female,23-26
Nepal,Netherlands,Rotterdam,2019,1569,Male,23-26
Turkey,Spain,Valencia,2023,2712,Female,27+
Nepal,USA,Los Angeles,2016,5324,Female,23-26
Vietnam,Ireland,Galway,2022,932,Female,23-26
Vietnam,Singapore,Singapore,2022,2269,Male,18-22
Brazil,UK,Birmingham,2019,4768,Female,18-22
Pakistan,USA,Chicago,2018,6740,Male,23-26
Vietnam,UAE,Abu Dhabi,2020,997,Female,18-22
Brazil,South Korea,Busan,2019,2671,Male,23-26
India,Italy,Milan,2017,4217,Female,18-22
Vietnam,Japan,Osaka,2016,1917,Male,23-26
Kenya,Finland,Turku,2024,873,Female,23-26
China,Singapore,Singapore,2018,3683,Female,18-22
Bangladesh,Singapore,Singapore,2019,1964,Female,18-22
India,UAE,Abu Dhabi,2017,2337,Female,23-26
Bangladesh,Germany,Berlin,2016,2953,Male,18-22
India,Netherlands,Amsterdam,2018,4143,Male,18-22
India,Canada,Vancouver,2022,10265,Male,18-22
Kenya,Finland,Tampere,2018,516,Female,23-26
Kenya,Australia,Melbourne,2020,4125,Female,18-22
Nepal,Netherlands,Rotterdam,2019,1945,Male,23-26
India,Ireland,Cork,2019,1938,Female,18-22
India,Ireland,Cork,2016,1807,Female,23-26
Pakistan,Ireland,Cork,2022,809,Male,18-22
Nepal,Netherlands,Amsterdam,2015,1422,Male,27+
India,Finland,Tampere,2024,1732,Male,23-26
Brazil,Japan,Osaka,2023,3754,Male,27+
Nepal,UK,Manchester,2017,4476,Male,18-22
Nigeria,UK,London,2019,5493,Female,23-26
Kenya,Spain,Madrid,2020,2713,Male,23-26
India,Singapore,Singapore,2019,4505,Male,23-26
Bangladesh,Italy,Rome,2024,2871,Female,23-26
China,France,Paris,2021,7835,Male,23-26
Nigeria,India,Bangalore,2023,2310,Female,23-26
Bangladesh,Japan,Osaka,2023,2100,Female,18-22
Nepal,USA,New York,2018,4855,Female,23-26
India,Russia,St. Petersburg,2015,3868,Female,18-22
Vietnam,UK,Birmingham,2017,4008,Male,18-22
Brazil,Sweden,Gothenburg,2017,746,Male,23-26
Bangladesh,Ireland,Cork,2016,641,Female,18-22
Brazil,Germany,Frankfurt,2021,3655,Female,23-26
Bangladesh,Norway,Oslo,2024,1559,Male,27+
Brazil,Germany,Berlin,2016,3053,Female,18-22
Pakistan,Sweden,Stockholm,2015,842,Male,27+
Bangladesh,Norway,Trondheim,2016,1039,Male,23-26
Turkey,South Korea,Daejeon,2016,2263,Female,18-22
Turkey,Russia,Kazan,2023,2555,Male,23-26
Brazil,India,Mumbai,2024,1215,Female,18-22
Nigeria,Singapore,Singapore,2022,3260,Female,18-22
Pakistan,Germany,Hamburg,2021,2590,Female,18-22
Kenya,Russia,St. Petersburg,2018,1932,Female,23-26
Nigeria,Canada,Vancouver,2015,4697,Male,23-26
India,Germany,Frankfurt,2022,8227,Female,18-22
Kenya,Ireland,Galway,2023,970,Male,18-22
Pakistan,India,Bangalore,2016,1223,Female,18-22
Brazil,Norway,Oslo,2015,1011,Male,18-22
Turkey,France,Lyon,2018,3392,Female,18-22
Brazil,Sweden,Uppsala,2023,1765,Male,18-22
Nigeria,Japan,Osaka,2017,4093,Female,23-26
Nepal,Japan,Tokyo,2023,2271,Female,18-22
Nepal,UAE,Abu Dhabi,2020,1324,Female,23-26
China,Sweden,Stockholm,2015,2114,Female,18-22
Vietnam,Spain,Madrid,2015,2115,Female,27+
Nigeria,Spain,Madrid,2023,4046,Female,18-22
Pakistan,India,Mumbai,2023,1050,Male,18-22
Vietnam,Spain,Madrid,2015,1824,Female,18-22
China,Australia,Brisbane,2016,6065,Male,23-26
Nepal,Netherlands,Amsterdam,2021,1687,Female,23-26
Pakistan,Netherlands,Amsterdam,2021,1765,Male,23-26
Kenya,South Africa,Johannesburg,2022,1373,Female,18-22
Nepal,France,Marseille,2022,4210,Male,18-22
Nigeria,Norway,Trondheim,2024,2030,Female,18-22
Turkey,Norway,Trondheim,2019,1293,Female,23-26
Turkey,Spain,Madrid,2022,2959,Male,27+
Pakistan,USA,New York,2020,8233,Female,23-26
Nigeria,Italy,Florence,2017,2573,Female,18-22
Vietnam,Norway,Oslo,2022,1314,Female,18-22
Vietnam,UAE,Dubai,2016,986,Male,18-22
Vietnam,Canada,Montreal,2021,4280,Male,18-22
Nepal,Italy,Rome,2019,1793,Non-binary,18-22
Nigeria,Sweden,Uppsala,2015,2404,Male,18-22
Nepal,Russia,Moscow,2022,1600,Male,18-22
China,India,Bangalore,2020,2483,Female,27+
Nigeria,France,Marseille,2015,4287,Male,23-26
Kenya,Germany,Frankfurt,2024,3675,Male,23-26
Vietnam,Finland,Helsinki,2022,537,Female,18-22
China,UK,Manchester,2020,7865,Female,23-26
Kenya,UAE,Sharjah,2022,1134,Female,18-22
Nigeria,France,Paris,2023,5985,Male,18-22
Vietnam,Japan,Tokyo,2023,2479,Male,23-26
Nigeria,Sweden,Gothenburg,2021,2889,Male,18-22
India,Sweden,Gothenburg,2015,3144,Male,23-26
Vietnam,Australia,Brisbane,2020,3598,Female,18-22
China,India,Mumbai,2016,1757,Female,18-22
Turkey,Italy,Rome,2021,2172,Female,18-22
Turkey,Ireland,Galway,2023,944,Female,18-22
Vietnam,Germany,Berlin,2018,3896,Female,18-22
Nepal,Australia,Brisbane,2024,3563,Female,23-26
Nepal,Sweden,Stockholm,2019,1231,Male,27+
Bangladesh,Germany,Munich,2022,3458,Male,23-26
Turkey,Japan,Tokyo,2022,2705,Male,18-22
Bangladesh,India,Delhi,2023,1342,Male,18-22
Turkey,Russia,St. Petersburg,2015,1436,Female,23-26
Nepal,Canada,Montreal,2016,3557,Female,23-26
Bangladesh,Japan,Kyoto,2021,2449,Female,18-22
Kenya,Italy,Rome,2016,1220,Female,18-22
Vietnam,Australia,Melbourne,2022,3564,Male,23-26
Bangladesh,Sweden,Stockholm,2021,1375,Female,23-26
Pakistan,Canada,Vancouver,2022,3674,Female,27+
India,UAE,Abu Dhabi,2021,2512,Male,23-26
India,South Africa,Cape Town,2022,3973,Male,18-22
Pakistan,UK,Birmingham,2020,4524,Male,23-26
Nepal,Ireland,Cork,2022,1073,Female,23-26
Bangladesh,Japan,Osaka,2024,3234,Male,27+
Pakistan,Finland,Turku,2024,712,Male,18-22
Turkey,Sweden,Stockholm,2018,2314,Male,18-22
Nepal,Germany,Frankfurt,2022,2965,Male,18-22
India,Ireland,Cork,2015,1752,Female,23-26
China,South Korea,Daejeon,2016,3883,Female,18-22
China,Germany,Munich,2018,6981,Female,23-26
Bangladesh,Norway,Oslo,2018,1345,Female,23-26
Turkey,Sweden,Stockholm,2018,1144,Female,23-26
Pakistan,Italy,Florence,2015,2326,Male,23-26
Bangladesh,France,Paris,2021,3342,Female,23-26
Turkey,USA,Chicago,2015,5301,Female,23-26
Bangladesh,Norway,Oslo,2022,1572,Male,23-26
China,Finland,Turku,2022,1397,Female,23-26
China,Russia,St. Petersburg,2018,3419,Male,18-22
Pakistan,Singapore,Singapore,2015,1307,Female,27+
Brazil,USA,New York,2020,6185,Female,23-26
Bangladesh,Russia,Kazan,2024,2102,Female,23-26
Vietnam,UK,Manchester,2018,4420,Male,18-22
China,USA,New York,2016,10255,Female,27+
Brazil,USA,New York,2023,6290,Male,18-22
Kenya,Japan,Kyoto,2024,3058,Female,27+
Brazil,Sweden,Uppsala,2023,2001,Male,18-22
China,Norway,Bergen,2022,2903,Female,23-26
Nigeria,Italy,Rome,2022,3901,Female,23-26
China,India,Delhi,2023,2589,Male,27+
India,Italy,Rome,2021,5371,Female,18-22
Turkey,USA,New York,2016,5576,Male,23-26
China,Russia,Kazan,2022,4304,Male,23-26
Nigeria,Netherlands,Amsterdam,2018,2827,Male,27+
Pakistan,Japan,Tokyo,2018,2945,Male,18-22
China,Ireland,Galway,2021,1855,Male,23-26
India,Spain,Barcelona,2015,4994,Female,23-26
Pakistan,Australia,Melbourne,2019,3761,Female,18-22
Vietnam,South Africa,Pretoria,2023,1196,Male,18-22
Nepal,Australia,Brisbane,2015,3019,Female,18-22
Kenya,Germany,Hamburg,2023,3459,Female,18-22
Turkey,Sweden,Uppsala,2024,2178,Male,18-22
Turkey,South Korea,Seoul,2020,3163,Female,23-26
Nigeria,Singapore,Singapore,2021,3467,Non-binary,27+
Turkey,South Korea,Seoul,2022,2609,Male,18-22
Nigeria,USA,New York,2019,8689,Male,18-22
Nepal,Netherlands,Rotterdam,2019,1846,Female,18-22
Pakistan,Germany,Frankfurt,2024,2299,Male,18-22
Nigeria,Canada,Toronto,2018,5534,Female,18-22
Nepal,France,Paris,2023,3484,Female,18-22
China,UAE,Abu Dhabi,2024,2259,Male,18-22
India,Germany,Frankfurt,2016,6325,Female,18-22
China,Italy,Rome,2016,4269,Male,18-22
Nepal,Sweden,Stockholm,2018,1253,Female,18-22
India,Russia,Moscow,2024,5195,Female,18-22
Kenya,Australia,Brisbane,2020,3911,Female,23-26
Brazil,Singapore,Singapore,2021,2342,Female,18-22
China,Netherlands,Eindhoven,2017,2916,Female,23-26
Turkey,India,Delhi,2021,1324,Male,23-26
Bangladesh,Germany,Frankfurt,2017,3416,Female,23-26
Kenya,South Africa,Pretoria,2024,2058,Male,18-22
China,Italy,Milan,2018,4309,Female,23-26
Vietnam,Canada,Montreal,2015,2375,Male,23-26
Pakistan,Australia,Melbourne,2016,4002,Male,23-26
Brazil,Germany,Hamburg,2019,3506,Male,18-22
India,USA,Chicago,2021,16980,Female,18-22
Pakistan,Netherlands,Amsterdam,2023,2038,Female,23-26
Vietnam,Spain,Madrid,2021,2208,Female,18-22
Vietnam,Russia,Kazan,2021,2160,Male,27+
Pakistan,Norway,Bergen,2023,1569,Male,23-26
Kenya,USA,Chicago,2023,5884,Male,18-22
Turkey,India,Delhi,2016,838,Female,23-26
Bangladesh,UAE,Dubai,2022,1052,Male,18-22
Bangladesh,Finland,Helsinki,2019,560,Male,23-26
Brazil,Australia,Melbourne,2015,2789,Male,27+
Nepal,South Africa,Cape Town,2021,1850,Female,18-22
India,USA,Boston,2017,13827,Male,23-26
Brazil,Netherlands,Eindhoven,2024,2260,Male,27+
Brazil,India,Bangalore,2022,1542,Female,18-22
India,Spain,Barcelona,2018,5307,Female,18-22
Bangladesh,USA,Boston,2015,4822,Female,18-22
Bangladesh,Singapore,Singapore,2019,1884,Male,18-22
Brazil,South Africa,Johannesburg,2020,1406,Female,18-22
Brazil,UAE,Dubai,2021,1170,Female,18-22
Bangladesh,South Korea,Seoul,2019,2407,Male,18-22
China,Singapore,Singapore,2021,4100,Female,18-22
Bangladesh,Finland,Tampere,2021,612,Male,18-22
Nepal,France,Marseille,2022,3204,Female,18-22
Kenya,UAE,Abu Dhabi,2021,993,Male,23-26
Nepal,Ireland,Galway,2020,894,Male,23-26
Nepal,Norway,Bergen,2017,1094,Female,18-22
Kenya,Russia,Kazan,2015,1709,Female,23-26
Bangladesh,Spain,Madrid,2022,3181,Male,23-26
China,USA,Chicago,2017,9421,Female,23-26
Vietnam,Netherlands,Rotterdam,2020,2039,Female,23-26
Pakistan,Spain,Valencia,2017,2717,Male,18-22
Brazil,Japan,Tokyo,2015,2514,Non-binary,18-22
Brazil,UAE,Abu Dhabi,2015,655,Male,18-22
Vietnam,Sweden,Stockholm,2022,1487,Female,18-22
Kenya,South Africa,Pretoria,2015,680,Female,23-26
Pakistan,Russia,St. Petersburg,2017,1827,Male,23-26
India,Australia,Sydney,2018,8359,Female,23-26
Nigeria,USA,New York,2017,8777,Male,18-22
China,Netherlands,Rotterdam,2018,3088,Male,18-22
China,Germany,Frankfurt,2023,6913,Female,27+
Vietnam,Netherlands,Amsterdam,2023,2210,Female,18-22
Pakistan,France,Lyon,2022,3568,Male,18-22
Nepal,Australia,Brisbane,2018,3672,Female,18-22
Bangladesh,Netherlands,Amsterdam,2017,1662,Female,18-22
Nigeria,France,Lyon,2021,5245,Female,23-26
Brazil,Japan,Tokyo,2020,3533,Male,18-22
India,UAE,Abu Dhabi,2022,2563,Male,18-22
Turkey,USA,Los Angeles,2022,6572,Female,27+
Brazil,Germany,Frankfurt,2020,2382,Male,23-26
India,France,Paris,2023,9609,Male,23-26
Vietnam,Sweden,Stockholm,2016,1660,Female,18-22
Brazil,France,Marseille,2015,2747,Female,27+
Bangladesh,Canada,Toronto,2019,3235,Female,23-26
Kenya,Sweden,Stockholm,2023,1790,Female,18-22
Nigeria,India,Bangalore,2019,1756,Male,23-26
India,UK,Birmingham,2021,11176,Female,18-22
China,Norway,Bergen,2021,3152,Female,23-26
Brazil,Finland,Helsinki,2017,556,Male,27+
Bangladesh,UK,Manchester,2015,2621,Male,18-22
China,Russia,Kazan,2015,3565,Male,18-22
India,India,Mumbai,2018,3118,Male,18-22
Vietnam,Canada,Vancouver,2015,2864,Male,23-26
Vietnam,Japan,Osaka,2019,2989,Male,23-26
India,Netherlands,Eindhoven,2018,3990,Male,18-22
Kenya,Russia,Moscow,2021,2069,Female,18-22
Kenya,Canada,Montreal,2015,4744,Male,23-26
Nepal,South Africa,Cape Town,2017,1256,Female,18-22
Brazil,South Korea,Seoul,2017,2729,Male,18-22
Nigeria,Japan,Tokyo,2023,4776,Female,18-22
India,Singapore,Singapore,2023,5684,Male,18-22
Bangladesh,USA,Los Angeles,2016,6980,Male,18-22
Pakistan,Norway,Oslo,2019,1311,Female,23-26
Vietnam,Sweden,Uppsala,2024,2297,Male,23-26
Bangladesh,Australia,Melbourne,2018,3659,Male,23-26
Pakistan,USA,Chicago,2019,6665,Female,18-22
Brazil,France,Lyon,2021,3556,Male,18-22
China,Netherlands,Rotterdam,2020,3944,Female,23-26
Nigeria,Japan,Osaka,2022,4575,Female,18-22
Brazil,Italy,Florence,2018,2349,Female,18-22
Nepal,Japan,Tokyo,2020,2621,Female,18-22
India,Germany,Hamburg,2017,7467,Male,18-22
China,Norway,Oslo,2018,2474,Male,23-26
Vietnam,India,Bangalore,2019,1494,Female,18-22
Turkey,Sweden,Stockholm,2021,2170,Male,18-22
Nigeria,Netherlands,Amsterdam,2018,2775,Female,18-22
Vietnam,Netherlands,Eindhoven,2024,1883,Male,18-22
Pakistan,Germany,Munich,2019,2256,Male,18-22
Pakistan,UAE,Abu Dhabi,2018,878,Female,18-22
Brazil,UK,Birmingham,2015,3432,Male,18-22
Nigeria,Japan,Osaka,2022,4523,Male,23-26
Brazil,Italy,Florence,2022,2052,Female,18-22
India,Germany,Berlin,2024,9605,Female,18-22
Pakistan,Norway,Oslo,2015,718,Female,23-26
Nigeria,Sweden,Stockholm,2016,1897,Male,23-26
Pakistan,Japan,Osaka,2019,2998,Female,23-26
Turkey,UK,London,2024,5056,Male,18-22
Kenya,India,Delhi,2016,1217,Male,18-22
Bangladesh,France,Marseille,2015,3451,Male,23-26
Bangladesh,USA,Boston,2023,5952,Female,18-22
Brazil,UK,Birmingham,2021,4680,Male,18-22
Brazil,Australia,Sydney,2016,2838,Male,18-22
Nepal,Germany,Hamburg,2018,3172,Female,23-26
Kenya,USA,Boston,2016,5560,Female,23-26
Pakistan,UAE,Sharjah,2016,929,Female,27+
China,Japan,Tokyo,2017,4631,Male,18-22
China,Spain,Barcelona,2021,5576,Male,23-26
India,Japan,Osaka,2018,5530,Male,18-22
India,Norway,Bergen,2016,2833,Female,23-26
Brazil,USA,Boston,2018,7395,Male,23-26
Brazil,Sweden,Stockholm,2018,942,Male,18-22
China,Japan,Osaka,2023,5797,Female,23-26
Pakistan,Japan,Kyoto,2021,3271,Female,23-26
Nigeria,Finland,Helsinki,2017,823,Female,18-22
Brazil,Russia,Kazan,2017,1953,Male,27+
Nepal,Russia,Moscow,2016,1200,Male,27+
Brazil,Netherlands,Amsterdam,2020,2185,Male,27+
India,Norway,Bergen,2020,3206,Female,18-22
Turkey,Singapore,Singapore,2019,2442,Female,23-26
Turkey,Norway,Trondheim,2022,1200,Female,23-26
Kenya,South Africa,Pretoria,2022,1478,Female,27+
Kenya,Finland,Turku,2017,452,Male,23-26
Pakistan,Germany,Munich,2021,2705,Male,18-22
Vietnam,Spain,Barcelona,2017,2368,Female,18-22
Vietnam,UK,London,2018,4153,Female,18-22
Nigeria,Finland,Helsinki,2024,1001,Female,23-26
India,Australia,Sydney,2021,10159,Male,18-22
Pakistan,Italy,Rome,2015,1833,Female,18-22
Nigeria,South Africa,Pretoria,2023,2215,Male,23-26
China,Canada,Toronto,2021,8227,Male,23-26
India,Finland,Turku,2019,1557,Male,18-22
Vietnam,Sweden,Uppsala,2020,1827,Male,18-22
Pakistan,Spain,Barcelona,2024,2948,Male,23-26
Vietnam,France,Lyon,2017,3463,Female,23-26
China,Norway,Trondheim,2020,2639,Female,23-26
Brazil,Italy,Rome,2021,2122,Female,23-26
China,France,Paris,2019,6747,Female,23-26
Kenya,France,Marseille,2016,2809,Female,18-22
Kenya,Germany,Hamburg,2024,3146,Female,27+
India,USA,Los Angeles,2019,16086,Female,23-26
Nigeria,Sweden,Uppsala,2018,2128,Female,23-26
Turkey,Finland,Tampere,2021,592,Female,23-26
Bangladesh,Netherlands,Eindhoven,2019,1524,Male,23-26
India,India,Bangalore,2024,3897,Male,18-22
Nigeria,UAE,Abu Dhabi,2020,1243,Male,23-26
Nigeria,Singapore,Singapore,2023,3358,Female,23-26
China,Norway,Bergen,2018,2501,Female,18-22
Kenya,Japan,Osaka,2022,2807,Male,18-22
Vietnam,Australia,Sydney,2022,5997,Female,23-26
Turkey,Spain,Madrid,2022,2667,Male,23-26
Vietnam,USA,New York,2017,5416,Female,27+
Nigeria,Netherlands,Eindhoven,2018,1863,Female,18-22
Kenya,Canada,Montreal,2016,3730,Female,23-26
Bangladesh,India,Delhi,2024,1499,Male,23-26
Turkey,UAE,Abu Dhabi,2019,695,Male,18-22
Bangladesh,USA,Los Angeles,2016,4762,Female,27+
Nigeria,Japan,Tokyo,2024,4775,Male,23-26
Nigeria,Japan,Tokyo,2018,3121,Female,18-22
Kenya,Sweden,Stockholm,2017,1701,Male,18-22
China,Ireland,Galway,2015,1635,Female,23-26
Pakistan,India,Bangalore,2015,909,Female,23-26
Nigeria,Canada,Montreal,2024,7582,Female,23-26
Turkey,UK,London,2017,5262,Male,23-26
Nigeria,UAE,Abu Dhabi,2015,1331,Female,18-22
China,South Korea,Busan,2024,6155,Male,18-22
Bangladesh,UK,Birmingham,2018,4362,Female,18-22
India,Japan,Osaka,2020,5709,Female,23-26
Kenya,Russia,St. Petersburg,2016,1780,Female,18-22
Kenya,India,Delhi,2021,1287,Female,27+
Brazil,Netherlands,Eindhoven,2017,1606,Male,18-22
Kenya,Finland,Tampere,2023,715,Male,23-26
Vietnam,Ireland,Dublin,2021,861,Female,18-22
Nigeria,Singapore,Singapore,2018,2844,Male,27+
Pakistan,Germany,Hamburg,2016,2621,Female,27+
Pakistan,Germany,Frankfurt,2021,3490,Female,18-22
Bangladesh,Australia,Sydney,2019,3951,Female,18-22
Nepal,Russia,Kazan,2017,1844,Female,18-22
Nigeria,Canada,Montreal,2020,4347,Female,23-26
Nigeria,Italy,Milan,2022,3306,Male,23-26
India,South Africa,Cape Town,2022,3913,Male,23-26
Bangladesh,UAE,Dubai,2021,799,Non-binary,23-26
Kenya,Russia,St. Petersburg,2020,2025,Male,23-26
Turkey,South Africa,Johannesburg,2017,1045,Female,23-26
China,South Africa,Johannesburg,2022,3614,Male,23-26
China,UAE,Dubai,2019,1725,Male,18-22
China,Spain,Madrid,2019,5307,Female,23-26
India,Russia,Moscow,2018,4074,Male,18-22
Brazil,Russia,Kazan,2021,2274,Male,23-26
Turkey,South Korea,Seoul,2022,2313,Male,18-22
Nigeria,Italy,Milan,2015,1893,Male,18-22
China,Germany,Hamburg,2017,5387,Female,18-22
Turkey,Germany,Munich,2018,1961,Female,18-22
Bangladesh,Singapore,Singapore,2016,1863,Male,23-26
Pakistan,USA,New York,2019,5196,Female,18-22
Bangladesh,Finland,Turku,2016,512,Female,23-26
India,Japan,Osaka,2023,7294,Male,18-22
Brazil,Australia,Sydney,2021,3948,Female,18-22
Pakistan,Italy,Milan,2017,2046,Female,23-26
Bangladesh,Netherlands,Amsterdam,2020,1835,Female,23-26
Nigeria,India,Bangalore,2021,1953,Female,18-22
Bangladesh,South Africa,Pretoria,2024,1739,Female,18-22
Pakistan,Singapore,Singapore,2023,2119,Male,23-26
Brazil,Spain,Madrid,2021,2825,Female,18-22
Turkey,Singapore,Singapore,2019,2093,Male,27+
Kenya,Russia,Moscow,2017,1707,Female,23-26
Brazil,Finland,Helsinki,2016,411,Male,18-22
Turkey,Australia,Brisbane,2021,4495,Female,23-26
Brazil,Singapore,Singapore,2016,1371,Female,18-22
Bangladesh,Ireland,Cork,2024,1052,Male,18-22
Turkey,Canada,Toronto,2018,3571,Non-binary,18-22
Turkey,France,Paris,2019,3018,Male,18-22
Kenya,Canada,Montreal,2017,3628,Male,27+
India,Canada,Vancouver,2018,9251,Male,18-22
Nepal,USA,Boston,2018,4826,Male,18-22
Vietnam,Australia,Brisbane,2015,2649,Male,18-22
China,Japan,Tokyo,2016,4217,Male,18-22
Pakistan,Canada,Toronto,2017,3346,Female,18-22
China,Russia,St. Petersburg,2021,3846,Female,23-26
Turkey,India,Delhi,2024,1404,Female,18-22
Bangladesh,Australia,Melbourne,2023,4241,Female,27+
India,Netherlands,Eindhoven,2018,3906,Male,18-22
Brazil,Spain,Madrid,2022,2691,Male,18-22
India,South Africa,Pretoria,2018,3170,Male,18-22
Turkey,Germany,Hamburg,2023,4273,Female,18-22
Nigeria,South Korea,Daejeon,2019,3746,Female,18-22
Pakistan,Sweden,Gothenburg,2022,1916,Female,23-26
Vietnam,Singapore,Singapore,2023,1977,Female,18-22
Bangladesh,Japan,Tokyo,2023,3403,Female,18-22
Brazil,Spain,Valencia,2019,2184,Female,18-22
India,Ireland,Galway,2016,1778,Female,23-26
Nigeria,Norway,Trondheim,2023,1998,Male,23-26
Turkey,Italy,Milan,2022,2366,Female,18-22
Bangladesh,Australia,Brisbane,2022,4264,Female,18-22
Turkey,Finland,Turku,2015,608,Female,18-22
Nigeria,France,Paris,2020,4299,Male,18-22
Kenya,USA,Chicago,2022,8120,Female,18-22
Brazil,South Africa,Pretoria,2024,2015,Female,23-26
Nepal,Norway,Oslo,2017,1137,Female,18-22
Nepal,Singapore,Singapore,2017,1276,Male,23-26
Brazil,Canada,Vancouver,2016,2902,Male,23-26
Nepal,Japan,Kyoto,2023,2846,Male,27+
Bangladesh,USA,Chicago,2022,7104,Male,18-22
Nepal,France,Marseille,2022,3511,Female,23-26
Turkey,Germany,Hamburg,2020,3221,Male,23-26
Vietnam,Sweden,Gothenburg,2015,1217,Male,23-26
Pakistan,Ireland,Galway,2019,884,Female,23-26
Vietnam,India,Delhi,2023,1525,Male,23-26
Nepal,Russia,St. Petersburg,2024,2205,Male,23-26
Kenya,Netherlands,Rotterdam,2023,2664,Female,18-22
Bangladesh,Norway,Bergen,2015,1121,Male,18-22
Pakistan,UAE,Sharjah,2021,1132,Male,23-26
Turkey,France,Lyon,2023,4640,Female,18-22
Kenya,Spain,Madrid,2015,1955,Female,23-26
Brazil,UK,Manchester,2022,4690,Female,18-22
China,Italy,Florence,2016,3650,Female,18-22
Pakistan,Singapore,Singapore,2022,2165,Male,23-26
Brazil,USA,Boston,2016,5649,Female,18-22
Kenya,Germany,Berlin,2016,2681,Male,18-22
Bangladesh,Norway,Oslo,2017,1370,Male,18-22
Vietnam,South Korea,Seoul,2020,1902,Male,23-26
Pakistan,UAE,Abu Dhabi,2023,974,Non-binary,18-22
China,Sweden,Stockholm,2017,2843,Female,18-22
Nigeria,South Korea,Busan,2022,4908,Male,27+
Vietnam,France,Marseille,2017,2935,Male,18-22
China,Norway,Bergen,2018,2772,Female,18-22
China,UAE,Abu Dhabi,2021,2219,Female,18-22
China,Netherlands,Amsterdam,2015,2916,Male,23-26
Kenya,Singapore,Singapore,2018,1607,Male,27+
Turkey,Ireland,Cork,2018,801,Male,23-26
Kenya,Germany,Berlin,2016,2583,Male,18-22
Pakistan,Finland,Helsinki,2020,614,Female,23-26
India,India,Mumbai,2017,2884,Female,18-22
Kenya,South Africa,Johannesburg,2019,1549,Male,18-22
Vietnam,UAE,Sharjah,2019,963,Male,18-22
Pakistan,Australia,Sydney,2024,4221,Male,18-22
Nigeria,Italy,Florence,2024,4231,Male,23-26
Pakistan,Sweden,Gothenburg,2016,954,Female,18-22
Bangladesh,Italy,Milan,2017,2011,Male,18-22
Bangladesh,Sweden,Uppsala,2020,1235,Female,18-22
India,UAE,Sharjah,2017,2468,Male,18-22
Vietnam,Sweden,Gothenburg,2017,1577,Male,18-22
Brazil,UK,London,2020,5141,Female,18-22
Nigeria,UK,London,2015,4688,Male,18-22
Nigeria,Australia,Brisbane,2017,3719,Male,18-22
India,Italy,Rome,2018,5413,Male,18-22
Nigeria,Canada,Montreal,2023,6434,Male,23-26
Turkey,Italy,Florence,2023,2849,Male,18-22
Pakistan,Australia,Brisbane,2016,3155,Female,23-26
Nigeria,UAE,Sharjah,2023,1440,Male,18-22
China,South Africa,Johannesburg,2021,3172,Male,18-22
Vietnam,Japan,Osaka,2021,2821,Female,27+
Vietnam,Finland,Turku,2019,579,Male,27+
Brazil,Germany,Munich,2020,3955,Female,23-26
Vietnam,Ireland,Cork,2021,835,Male,18-22
China,India,Mumbai,2015,1989,Female,27+
China,India,Bangalore,2022,2793,Male,23-26
Turkey,Japan,Tokyo,2022,2888,Female,23-26
Vietnam,France,Marseille,2017,2601,Male,23-26
India,Russia,Moscow,2019,4695,Male,18-22
Kenya,Spain,Madrid,2022,2312,Male,18-22
Kenya,Spain,Madrid,2019,2348,Male,23-26
Brazil,Russia,Moscow,2016,1686,Male,18-22
Turkey,Spain,Barcelona,2020,2316,Male,23-26
Bangladesh,South Korea,Seoul,2022,2346,Female,23-26
Nepal,Finland,Turku,2016,544,Male,18-22
Bangladesh,USA,New York,2024,6016,Female,23-26
Brazil,Germany,Berlin,2023,3775,Male,18-22
Brazil,Sweden,Gothenburg,2016,1733,Male,23-26
Turkey,USA,Chicago,2017,4670,Non-binary,18-22
Nigeria,Italy,Florence,2024,2857,Male,23-26
Brazil,South Korea,Daejeon,2024,2887,Male,27+
China,Sweden,Gothenburg,2022,3581,Male,18-22
Bangladesh,UK,Birmingham,2022,5469,Male,23-26
Nigeria,Sweden,Gothenburg,2015,2258,Female,18-22
Kenya,Spain,Barcelona,2019,2286,Male,18-22
Bangladesh,Italy,Rome,2017,2020,Male,23-26
Pakistan,Sweden,Stockholm,2017,1033,Male,18-22
Bangladesh,Australia,Melbourne,2016,4099,Male,18-22
Kenya,Spain,Valencia,2015,1580,Male,23-26
Turkey,Australia,Sydney,2023,3654,Female,27+
Kenya,France,Lyon,2019,2079,Female,18-22
Turkey,Spain,Madrid,2020,3149,Male,18-22
India,South Korea,Busan,2019,5506,Female,23-26
Nepal,France,Marseille,2020,2986,Male,18-22
China,Russia,Kazan,2018,3509,Male,18-22
Bangladesh,Norway,Oslo,2016,1292,Female,18-22
Nigeria,Russia,Kazan,2016,2893,Female,27+
Brazil,Norway,Oslo,2015,1149,Female,18-22
China,Norway,Bergen,2015,2340,Male,23-26
Vietnam,Ireland,Dublin,2019,871,Male,18-22
China,Sweden,Gothenburg,2016,3043,Male,18-22
Nigeria,South Korea,Seoul,2016,2506,Male,18-22
Vietnam,Spain,Madrid,2016,2041,Female,23-26
Bangladesh,Germany,Berlin,2016,1942,Female,18-22
Kenya,France,Lyon,2015,2162,Male,18-22
China,Sweden,Uppsala,2020,3032,Male,27+
Kenya,France,Marseille,2024,3537,Male,18-22
India,Canada,Montreal,2024,9722,Male,23-26
Nepal,UAE,Abu Dhabi,2022,940,Female,18-22
Turkey,Sweden,Gothenburg,2018,1393,Female,18-22
Brazil,India,Mumbai,2018,977,Female,18-22
China,India,Delhi,2022,2827,Female,27+
Vietnam,Ireland,Cork,2024,1182,Male,18-22
China,South Korea,Busan,2018,5025,Female,23-26
Turkey,Norway,Bergen,2016,988,Female,18-22
India,Germany,Frankfurt,2020,8145,Female,18-22
Brazil,Norway,Bergen,2021,1415,Male,23-26
Vietnam,UAE,Sharjah,2022,947,Male,27+
China,France,Paris,2021,6487,Male,18-22
Nigeria,France,Paris,2016,4603,Female,18-22
Nigeria,Spain,Barcelona,2022,5214,Male,18-22
Vietnam,UK,Birmingham,2023,5169,Male,18-22
Kenya,Spain,Madrid,2024,2368,Female,18-22
Nepal,Spain,Valencia,2019,1756,Male,18-22
India,Norway,Trondheim,2016,2815,Female,18-22
Bangladesh,Norway,Bergen,2021,1203,Male,23-26
Turkey,UK,Manchester,2018,4033,Male,18-22
Nigeria,Australia,Brisbane,2017,6139,Male,18-22
China,UK,Birmingham,2023,10498,Male,18-22
Nepal,Italy,Florence,2020,1967,Female,23-26
China,Netherlands,Amsterdam,2017,3158,Male,18-22
India,Singapore,Singapore,2017,3977,Female,23-26
Turkey,France,Paris,2019,3904,Male,18-22
Kenya,Singapore,Singapore,2023,2296,Female,18-22
India,France,Paris,2022,9266,Female,23-26
Vietnam,Netherlands,Amsterdam,2019,1665,Male,27+
Kenya,Japan,Kyoto,2020,2163,Male,18-22
Nigeria,Sweden,Stockholm,2020,2033,Male,23-26
Kenya,Ireland,Galway,2019,929,Male,23-26
Turkey,Singapore,Singapore,2024,2441,Female,23-26
Bangladesh,Russia,Kazan,2020,2368,Male,23-26
China,Singapore,Singapore,2019,3839,Non-binary,23-26
Turkey,Netherlands,Rotterdam,2017,1986,Male,23-26
Turkey,India,Bangalore,2017,919,Male,23-26
Kenya,Russia,Moscow,2019,1478,Male,23-26
China,Ireland,Cork,2023,1827,Female,27+
China,Germany,Hamburg,2024,6565,Female,23-26
Kenya,Germany,Munich,2016,3702,Non-binary,23-26
Nigeria,UK,Birmingham,2018,6815,Male,18-22
Turkey,Sweden,Uppsala,2015,1445,Female,27+
Brazil,Germany,Hamburg,2016,2851,Female,27+
Nigeria,South Korea,Daejeon,2021,4042,Female,18-22
Bangladesh,Finland,Tampere,2017,461,Female,23-26
Pakistan,Russia,Moscow,2017,1994,Male,23-26
Nepal,Norway,Oslo,2024,1612,Male,18-22
Brazil,Finland,Tampere,2022,593,Female,18-22
India,Norway,Oslo,2020,3613,Male,18-22
Turkey,Germany,Hamburg,2018,2807,Male,18-22
Turkey,Australia,Sydney,2023,3358,Female,18-22
Brazil,Australia,Melbourne,2019,3695,Female,18-22
China,Canada,Vancouver,2019,7619,Male,23-26
Turkey,USA,Chicago,2023,6997,Male,23-26
Turkey,Ireland,Dublin,2024,1014,Male,18-22
Nepal,Ireland,Cork,2024,1000,Male,23-26
Nigeria,Norway,Oslo,2016,1575,Male,18-22
Pakistan,France,Lyon,2016,2205,Male,23-26
Pakistan,Sweden,Stockholm,2023,2028,Female,23-26
Nigeria,Spain,Valencia,2015,2925,Female,23-26
Vietnam,Italy,Milan,2016,2150,Female,18-22
Nepal,Sweden,Gothenburg,2019,1290,Male,18-22
Nepal,Finland,Helsinki,2024,591,Female,18-22
Nepal,USA,New York,2018,7154,Female,18-22
India,Ireland,Galway,2015,1739,Female,18-22
Bangladesh,South Africa,Pretoria,2022,1657,Female,18-22
Brazil,Italy,Rome,2018,1983,Male,18-22
China,Singapore,Singapore,2015,3239,Non-binary,18-22
Kenya,Sweden,Stockholm,2017,1574,Male,18-22
Kenya,Spain,Madrid,2024,2859,Male,18-22
India,France,Lyon,2022,9472,Female,18-22
Bangladesh,Australia,Melbourne,2020,4247,Female,18-22
China,France,Lyon,2024,6552,Female,23-26
Bangladesh,Norway,Bergen,2024,1373,Female,18-22
Kenya,Singapore,Singapore,2016,1627,Female,23-26
Bangladesh,Singapore,Singapore,2015,1544,Male,23-26
India,Singapore,Singapore,2020,4978,Female,18-22
China,South Korea,Busan,2018,4601,Male,23-26
India,Sweden,Stockholm,2015,3476,Male,18-22
Vietnam,Japan,Tokyo,2022,3851,Female,18-22
Bangladesh,USA,New York,2022,7231,Female,18-22
India,South Korea,Seoul,2021,6045,Male,23-26
Bangladesh,Singapore,Singapore,2018,1458,Male,18-22
Nepal,Finland,Turku,2022,745,Male,18-22
Nepal,USA,Boston,2020,5003,Female,18-22
Turkey,Canada,Toronto,2015,4115,Male,18-22
Kenya,Norway,Oslo,2020,975,Male,23-26
Nigeria,USA,Los Angeles,2022,11581,Male,23-26
Nigeria,Italy,Florence,2020,3296,Female,23-26
China,South Korea,Daejeon,2017,4862,Male,27+
Kenya,Norway,Trondheim,2018,1213,Male,18-22
Nepal,Singapore,Singapore,2020,2053,Female,23-26
Vietnam,India,Delhi,2018,972,Female,23-26
Pakistan,Australia,Sydney,2016,3625,Male,18-22
China,France,Paris,2017,5544,Male,18-22
Vietnam,Singapore,Singapore,2024,2221,Male,23-26
Bangladesh,Sweden,Gothenburg,2021,1809,Female,18-22
Brazil,Finland,Tampere,2022,755,Male,23-26
Vietnam,Russia,St. Petersburg,2023,1671,Male,23-26
India,Sweden,Uppsala,2023,4743,Male,27+
Turkey,Ireland,Galway,2023,626,Female,18-22
Bangladesh,Singapore,Singapore,2023,2108,Female,18-22
Bangladesh,Russia,St. Petersburg,2023,1936,Female,18-22
Bangladesh,Spain,Valencia,2019,2282,Female,23-26
Turkey,UAE,Sharjah,2023,1078,Non-binary,23-26
Bangladesh,Japan,Tokyo,2018,2485,Female,23-26
Vietnam,Russia,Kazan,2019,2030,Male,18-22
Kenya,Netherlands,Amsterdam,2015,1334,Male,18-22
Nepal,Australia,Brisbane,2018,2172,Female,18-22
China,South Korea,Busan,2019,4924,Male,18-22
Vietnam,Russia,Moscow,2022,1959,Male,18-22
India,Canada,Toronto,2023,10520,Male,18-22
Bangladesh,Sweden,Gothenburg,2023,1885,Female,27+
Kenya,Norway,Bergen,2024,1634,Male,27+
Kenya,USA,Boston,2016,4109,Male,23-26
India,Finland,Tampere,2024,1872,Female,23-26
Nigeria,Norway,Trondheim,2021,1909,Male,23-26
Vietnam,Germany,Frankfurt,2018,2744,Male,23-26
Vietnam,UK,Birmingham,2016,4225,Male,18-22
Vietnam,Singapore,Singapore,2018,1384,Female,23-26
Bangladesh,South Africa,Johannesburg,2017,1097,Male,18-22
Nigeria,Australia,Brisbane,2024,6639,Female,18-22
Kenya,Canada,Montreal,2019,3741,Male,27+
Pakistan,Netherlands,Amsterdam,2020,2091,Female,18-22
Pakistan,Singapore,Singapore,2015,2081,Male,18-22
Turkey,Sweden,Uppsala,2017,1374,Male,18-22
Pakistan,USA,Boston,2018,5295,Male,23-26
Kenya,Russia,St. Petersburg,2024,2352,Male,18-22
Nepal,Canada,Montreal,2021,3746,Female,23-26
Nigeria,UAE,Dubai,2015,1188,Male,23-26
Vietnam,Australia,Melbourne,2017,4433,Male,18-22
Pakistan,Canada,Toronto,2022,3764,Female,23-26
Turkey,Ireland,Galway,2016,717,Male,23-26
India,Singapore,Singapore,2020,4631,Male,18-22
Brazil,UK,London,2018,3802,Male,18-22
Brazil,UK,Manchester,2019,3796,Female,18-22
China,Australia,Sydney,2022,7895,Female,18-22
Pakistan,Finland,Helsinki,2024,532,Female,18-22
Brazil,Finland,Helsinki,2019,631,Non-binary,18-22
China,Canada,Vancouver,2017,7145,Non-binary,18-22
Brazil,Spain,Barcelona,2016,1893,Female,18-22
China,Norway,Trondheim,2019,2668,Female,18-22
Turkey,Singapore,Singapore,2016,1397,Female,18-22
Brazil,India,Bangalore,2022,1456,Female,18-22
Brazil,Canada,Toronto,2019,4602,Male,23-26
India,Canada,Montreal,2016,7780,Female,18-22
China,Singapore,Singapore,2023,4607,Male,23-26
Bangladesh,Spain,Barcelona,2017,1560,Male,23-26
Bangladesh,Finland,Helsinki,2021,524,Female,23-26
Turkey,Canada,Toronto,2017,2869,Female,18-22
Brazil,Italy,Milan,2018,2449,Male,18-22
Nigeria,Germany,Munich,2023,5422,Female,27+
China,Finland,Turku,2015,981,Female,18-22
Pakistan,South Africa,Cape Town,2017,1389,Male,18-22
Brazil,Singapore,Singapore,2016,1696,Female,23-26
India,USA,Los Angeles,2024,18058,Female,18-22
Brazil,Germany,Berlin,2015,1110,Male,18-22
Bangladesh,USA,Chicago,2023,6401,Female,18-22
China,India,Delhi,2024,2974,Female,18-22
Nigeria,Singapore,Singapore,2024,3197,Male,18-22
India,Japan,Osaka,2016,5504,Male,18-22
Vietnam,Canada,Vancouver,2022,3414,Female,23-26
Pakistan,South Korea,Busan,2018,2346,Female,18-22
Nigeria,Italy,Rome,2017,3255,Female,23-26
Turkey,UK,London,2017,3790,Female,23-26
Bangladesh,UAE,Sharjah,2018,807,Female,23-26
China,Germany,Munich,2015,5627,Male,27+
Nepal,Spain,Barcelona,2022,2651,Female,18-22
Brazil,Japan,Osaka,2024,2069,Female,18-22
Bangladesh,USA,Boston,2017,6562,Male,23-26
India,Australia,Brisbane,2018,8978,Female,18-22
Bangladesh,Germany,Hamburg,2019,3691,Male,27+
Kenya,South Africa,Pretoria,2019,1197,Male,18-22
Nepal,France,Marseille,2018,3069,Female,18-22
Bangladesh,Italy,Florence,2022,1890,Male,23-26
Pakistan,Norway,Bergen,2023,1610,Male,23-26
Bangladesh,Norway,Trondheim,2023,1623,Male,18-22
Pakistan,France,Lyon,2021,2954,Male,18-22
China,South Africa,Cape Town,2019,2638,Male,23-26
Pakistan,Italy,Rome,2024,2560,Female,23-26
Nigeria,Australia,Sydney,2024,7563,Male,18-22
Bangladesh,Norway,Bergen,2017,720,Female,23-26
India,South Korea,Seoul,2018,5984,Female,23-26
Turkey,USA,New York,2018,3025,Male,23-26
Pakistan,Italy,Milan,2022,2081,Male,18-22
Nepal,France,Marseille,2020,3680,Female,18-22
Bangladesh,Ireland,Galway,2024,1074,Male,18-22
Kenya,Canada,Montreal,2016,3443,Non-binary,18-22
Vietnam,Australia,Brisbane,2022,4047,Male,18-22
India,UAE,Abu Dhabi,2021,2650,Male,18-22
Vietnam,Italy,Florence,2019,2438,Male,27+
Pakistan,USA,Chicago,2017,3705,Female,23-26
India,USA,Los Angeles,2023,18224,Male,27+
China,Canada,Montreal,2023,8206,Female,18-22
Nepal,Canada,Vancouver,2018,3343,Female,23-26
China,Canada,Montreal,2020,7404,Female,23-26
Turkey,UK,Manchester,2019,3536,Female,18-22
Nepal,Norway,Oslo,2021,1303,Male,18-22
Bangladesh,Finland,Tampere,2024,675,Female,18-22
Brazil,Germany,Frankfurt,2022,3683,Female,18-22
Bangladesh,Canada,Vancouver,2020,3623,Female,27+
Bangladesh,Netherlands,Rotterdam,2021,1753,Female,18-22
Turkey,USA,Chicago,2015,3295,Female,18-22
Turkey,South Africa,Johannesburg,2016,1006,Female,23-26
Pakistan,Netherlands,Eindhoven,2019,2127,Male,27+
India,Russia,Moscow,2017,4390,Male,23-26
Turkey,Canada,Montreal,2015,3027,Female,18-22
Kenya,Norway,Trondheim,2020,1168,Female,18-22
Pakistan,UAE,Sharjah,2020,969,Female,18-22
Nigeria,Japan,Kyoto,2020,3525,Male,23-26
Vietnam,India,Delhi,2017,773,Male,23-26
Kenya,Finland,Helsinki,2016,521,Male,18-22
China,UAE,Sharjah,2017,1639,Female,18-22
China,Norway,Trondheim,2018,2303,Non-binary,23-26
Nigeria,Canada,Montreal,2019,5179,Female,23-26
Vietnam,Spain,Madrid,2022,3194,Male,18-22
Bangladesh,France,Marseille,2020,3955,Male,18-22
Turkey,UAE,Dubai,2024,1322,Male,23-26
Kenya,Italy,Milan,2015,1361,Female,18-22
Vietnam,Ireland,Cork,2020,907,Female,23-26
Bangladesh,USA,New York,2015,5277,Male,18-22
Brazil,Ireland,Galway,2023,1191,Male,23-26
Vietnam,UAE,Sharjah,2017,723,Female,18-22
Brazil,Germany,Hamburg,2018,2595,Female,23-26
Brazil,Finland,Turku,2023,775,Male,18-22
Vietnam,Canada,Vancouver,2022,3978,Male,18-22
Bangladesh,USA,New York,2024,6660,Female,18-22
Turkey,Netherlands,Amsterdam,2019,1255,Male,23-26
India,Netherlands,Eindhoven,2019,4909,Male,18-22
Pakistan,Japan,Kyoto,2021,2306,Male,23-26
Pakistan,India,Bangalore,2016,1136,Male,23-26
Bangladesh,South Korea,Busan,2021,1882,Male,23-26
Pakistan,India,Delhi,2015,508,Male,27+
Vietnam,South Korea,Seoul,2020,2358,Male,23-26
China,UAE,Abu Dhabi,2015,1818,Male,18-22
Brazil,Australia,Melbourne,2023,4206,Female,27+
Nigeria,UK,Birmingham,2015,4936,Male,18-22
China,UK,London,2018,8311,Female,23-26
Nepal,Australia,Sydney,2020,2773,Male,23-26
Bangladesh,Canada,Toronto,2017,3919,Male,27+
Turkey,USA,Boston,2019,5099,Male,23-26
Vietnam,Canada,Toronto,2022,3495,Male,23-26
Nepal,France,Paris,2023,3309,Male,23-26
China,Ireland,Cork,2016,1581,Male,18-22
Nigeria,Japan,Osaka,2024,4277,Male,18-22
Nepal,Japan,Tokyo,2015,1972,Male,18-22
China,Spain,Valencia,2019,5342,Female,18-22
Kenya,Singapore,Singapore,2021,2545,Female,18-22
Vietnam,UK,Manchester,2023,5245,Male,18-22
Brazil,Japan,Tokyo,2021,2633,Male,23-26
Turkey,Sweden,Stockholm,2024,1965,Male,23-26
Kenya,Russia,Moscow,2020,2030,Male,18-22
Nigeria,France,Marseille,2022,5248,Male,18-22
Bangladesh,Finland,Helsinki,2017,568,Female,18-22
Bangladesh,Netherlands,Eindhoven,2019,1350,Male,27+
Nepal,Italy,Milan,2024,2694,Female,27+
India,Germany,Munich,2017,6827,Male,18-22
Bangladesh,Germany,Berlin,2015,2483,Non-binary,23-26
Kenya,Singapore,Singapore,2020,2240,Female,18-22
Turkey,South Korea,Seoul,2020,2900,Male,18-22
Turkey,Canada,Vancouver,2024,4311,Male,18-22
Nepal,UK,Manchester,2015,3827,Male,18-22
Nepal,Netherlands,Amsterdam,2023,2497,Male,18-22
Pakistan,USA,New York,2022,9237,Female,18-22
Kenya,France,Lyon,2021,4156,Female,18-22
India,Sweden,Stockholm,2015,3749,Male,23-26
Bangladesh,India,Mumbai,2017,922,Female,23-26
Pakistan,Germany,Hamburg,2017,3015,Male,18-22
Turkey,Netherlands,Eindhoven,2016,1698,Male,18-22
Brazil,Spain,Barcelona,2018,2942,Female,18-22
Kenya,France,Paris,2022,3701,Female,18-22
Nepal,India,Bangalore,2015,738,Female,23-26
Brazil,Norway,Trondheim,2019,1434,Female,18-22
Pakistan,Canada,Toronto,2015,2806,Male,18-22
Brazil,Singapore,Singapore,2024,1877,Female,23-26
Nepal,Sweden,Uppsala,2023,1772,Non-binary,27+
Pakistan,Finland,Turku,2021,659,Male,18-22
Turkey,Singapore,Singapore,2022,1822,Male,18-22
Bangladesh,Canada,Montreal,2017,3369,Female,18-22
Vietnam,Spain,Barcelona,2016,1938,Female,23-26
Kenya,Canada,Montreal,2023,4221,Female,23-26
Pakistan,Australia,Brisbane,2016,3554,Female,18-22
Brazil,Italy,Milan,2018,2366,Female,18-22
India,Australia,Melbourne,2021,10691,Male,18-22
Turkey,France,Paris,2023,4200,Female,18-22
Vietnam,UK,London,2024,5880,Male,18-22
Pakistan,Singapore,Singapore,2022,1706,Male,27+
Vietnam,Russia,St. Petersburg,2015,2048,Female,23-26
Bangladesh,South Korea,Seoul,2023,3394,Non-binary,18-22
Bangladesh,Italy,Florence,2016,1423,Female,18-22
Pakistan,Japan,Tokyo,2023,2245,Male,18-22
Bangladesh,UAE,Sharjah,2020,872,Male,18-22
China,France,Paris,2015,4354,Non-binary,18-22
Turkey,Finland,Turku,2023,840,Female,18-22
Vietnam,Japan,Osaka,2018,2583,Female,18-22
Turkey,UAE,Abu Dhabi,2020,1111,Male,27+
Brazil,Italy,Rome,2019,1879,Male,18-22
Pakistan,Canada,Montreal,2023,3898,Female,23-26
Pakistan,Sweden,Uppsala,2015,1443,Male,27+
Pakistan,Italy,Florence,2021,2332,Female,18-22
China,Canada,Vancouver,2022,8071,Female,23-26
Turkey,France,Lyon,2024,3868,Male,18-22
Nigeria,Russia,Moscow,2024,3087,Male,18-22
Turkey,South Korea,Seoul,2024,2970,Female,18-22
Brazil,Canada,Toronto,2017,2432,Female,18-22
Bangladesh,Germany,Munich,2019,2392,Female,23-26
Turkey,Canada,Vancouver,2023,4650,Male,23-26
Nepal,Finland,Tampere,2015,514,Female,23-26
Brazil,UK,Birmingham,2018,2961,Female,18-22
Brazil,South Africa,Cape Town,2015,1193,Male,18-22
Nigeria,Singapore,Singapore,2021,3065,Female,23-26
Pakistan,South Korea,Daejeon,2018,2245,Male,23-26
Nepal,USA,Boston,2022,7672,Male,18-22
Bangladesh,UAE,Abu Dhabi,2016,990,Male,18-22
Kenya,Norway,Bergen,2021,1674,Female,18-22
Nepal,South Africa,Johannesburg,2020,1611,Male,18-22
Nepal,South Africa,Johannesburg,2019,2004,Female,18-22
Turkey,Japan,Osaka,2023,2976,Female,18-22
Kenya,Singapore,Singapore,2016,1499,Male,27+
Brazil,Singapore,Singapore,2020,2179,Female,18-22
India,Australia,Melbourne,2023,11357,Male,18-22
Pakistan,Canada,Montreal,2021,3487,Female,18-22
Turkey,Germany,Berlin,2018,3083,Female,23-26
Nepal,UAE,Dubai,2019,938,Male,23-26
India,Netherlands,Eindhoven,2015,3310,Female,23-26
India,South Africa,Pretoria,2022,4068,Female,18-22
Bangladesh,UK,Manchester,2021,5032,Male,18-22
India,Russia,St. Petersburg,2017,4310,Female,18-22
India,South Africa,Johannesburg,2015,2964,Female,18-22
Nigeria,India,Bangalore,2023,1869,Male,27+
Nigeria,Canada,Toronto,2020,5377,Male,18-22
China,India,Mumbai,2018,2285,Male,18-22
Nepal,Sweden,Uppsala,2016,1417,Female,18-22
Kenya,Sweden,Gothenburg,2017,1389,Male,18-22
Brazil,Australia,Melbourne,2020,4299,Male,18-22
Brazil,Italy,Florence,2021,2302,Female,18-22
Turkey,Finland,Helsinki,2020,659,Male,18-22
China,UAE,Sharjah,2015,1597,Female,18-22
Pakistan,Norway,Trondheim,2023,1405,Female,23-26
Pakistan,Sweden,Gothenburg,2020,1518,Male,27+
Nigeria,Norway,Bergen,2015,1894,Female,23-26
Turkey,South Korea,Busan,2019,2243,Male,18-22
India,Singapore,Singapore,2020,4823,Female,23-26
India,Russia,St. Petersburg,2019,4585,Male,18-22
India,South Korea,Seoul,2020,6349,Female,18-22
Vietnam,Germany,Munich,2024,3848,Male,18-22
India,France,Lyon,2017,6726,Male,18-22
Turkey,UAE,Abu Dhabi,2019,784,Female,18-22
India,Italy,Rome,2024,6350,Female,23-26
Bangladesh,Canada,Vancouver,2018,3865,Female,18-22
Nigeria,Spain,Madrid,2017,3361,Female,23-26
Nepal,Norway,Oslo,2019,1527,Female,23-26
Pakistan,Finland,Tampere,2024,601,Male,18-22
China,Germany,Hamburg,2019,6029,Male,23-26
Turkey,Canada,Toronto,2024,4474,Male,23-26
India,USA,Chicago,2020,16336,Male,18-22
Nigeria,UAE,Dubai,2022,1460,Female,18-22
Nepal,Russia,St. Petersburg,2020,1239,Female,23-26
Turkey,Spain,Valencia,2024,3339,Female,18-22
China,UAE,Dubai,2021,2064,Male,18-22
Kenya,Ireland,Dublin,2024,981,Female,18-22
Bangladesh,UAE,Dubai,2017,489,Male,27+
Brazil,Ireland,Galway,2019,636,Female,18-22
Vietnam,France,Marseille,2021,3684,Male,18-22
Pakistan,Spain,Barcelona,2015,2408,Male,18-22
Pakistan,Netherlands,Rotterdam,2019,1993,Female,23-26
Brazil,Australia,Melbourne,2018,4343,Non-binary,23-26
Nigeria,Netherlands,Rotterdam,2015,2183,Female,18-22
Turkey,Canada,Montreal,2019,3596,Male,18-22
Brazil,South Africa,Pretoria,2020,1097,Male,18-22
Kenya,Italy,Florence,2015,1581,Female,18-22
Pakistan,Russia,Moscow,2015,1543,Female,18-22
Nepal,France,Paris,2024,3706,Male,18-22
Kenya,Finland,Helsinki,2017,488,Non-binary,18-22
Bangladesh,Australia,Sydney,2022,4421,Male,18-22
Kenya,Italy,Florence,2022,2145,Female,23-26
India,UAE,Dubai,2016,2247,Male,23-26
Turkey,Netherlands,Amsterdam,2019,1618,Female,18-22
Turkey,South Korea,Seoul,2021,2096,Male,23-26
India,Japan,Osaka,2021,7030,Male,18-22
Nigeria,USA,New York,2023,9761,Female,23-26
Brazil,Netherlands,Amsterdam,2022,2189,Female,23-26
Kenya,Russia,St. Petersburg,2023,2114,Male,18-22
Nigeria,UAE,Dubai,2023,1653,Female,18-22
Vietnam,Finland,Helsinki,2021,731,Male,23-26
Kenya,Germany,Frankfurt,2015,3210,Female,23-26
India,Sweden,Uppsala,2018,3990,Female,23-26
Turkey,Canada,Vancouver,2021,3614,Female,18-22
Turkey,Singapore,Singapore,2023,2311,Male,18-22
Brazil,Australia,Melbourne,2017,3171,Female,18-22
Nigeria,Russia,Moscow,2023,3766,Female,27+
India,Russia,Kazan,2020,4143,Female,18-22
India,Spain,Barcelona,2020,5807,Female,18-22
Nigeria,USA,Los Angeles,2015,7343,Male,18-22
Vietnam,USA,Chicago,2016,3728,Female,18-22
China,South Africa,Pretoria,2024,3464,Female,18-22
Brazil,Finland,Helsinki,2024,745,Male,18-22
Turkey,Russia,St. Petersburg,2019,1593,Male,18-22
China,Canada,Toronto,2017,7692,Male,18-22
Vietnam,Finland,Helsinki,2017,401,Male,18-22
India,Finland,Tampere,2021,1795,Female,23-26
Kenya,India,Delhi,2020,698,Male,23-26
Kenya,Canada,Montreal,2016,3315,Male,23-26
Kenya,Germany,Frankfurt,2016,3054,Male,23-26
India,Ireland,Cork,2020,2365,Male,18-22
Nepal,Canada,Montreal,2020,3448,Male,23-26
Kenya,USA,New York,2022,6671,Female,23-26
China,Australia,Sydney,2022,8648,Male,23-26
Bangladesh,India,Mumbai,2022,1359,Male,23-26
China,South Africa,Johannesburg,2018,2872,Female,18-22
China,UAE,Abu Dhabi,2021,2308,Female,23-26
Nepal,Germany,Berlin,2017,2712,Male,23-26
Nigeria,Canada,Vancouver,2023,6478,Male,23-26
Vietnam,Sweden,Uppsala,2016,1139,Non-binary,18-22
Pakistan,UAE,Abu Dhabi,2023,1161,Female,23-26
Bangladesh,Russia,St. Petersburg,2020,1373,Female,23-26
Nepal,Finland,Tampere,2019,340,Male,23-26
Brazil,Singapore,Singapore,2021,1569,Female,27+
Bangladesh,India,Delhi,2020,1069,Female,23-26
Bangladesh,UAE,Dubai,2015,823,Female,18-22
Nigeria,Singapore,Singapore,2018,2818,Male,23-26
Turkey,South Korea,Busan,2018,1980,Female,18-22
India,UAE,Abu Dhabi,2022,2499,Female,18-22
China,Spain,Madrid,2021,5406,Female,18-22
Pakistan,Sweden,Uppsala,2022,1963,Female,18-22
Nepal,USA,Los Angeles,2016,6323,Male,23-26
China,Spain,Barcelona,2019,4525,Female,18-22
Nepal,Italy,Milan,2023,1926,Female,23-26
Nigeria,France,Marseille,2020,4803,Female,18-22
China,Canada,Toronto,2022,7968,Female,18-22
Kenya,UAE,Abu Dhabi,2017,1044,Male,18-22
Turkey,Canada,Vancouver,2018,3422,Female,23-26
Turkey,Italy,Florence,2021,2734,Female,18-22
Vietnam,Finland,Turku,2021,783,Male,18-22
Vietnam,Germany,Berlin,2023,3814,Male,23-26
India,Sweden,Stockholm,2019,3277,Male,27+
Kenya,Germany,Munich,2022,3559,Female,23-26
China,India,Delhi,2018,2101,Female,18-22
Brazil,South Africa,Pretoria,2022,1878,Female,18-22
India,Finland,Turku,2020,1463,Male,23-26
Nigeria,UK,London,2020,6142,Female,18-22
Kenya,South Africa,Johannesburg,2018,1266,Female,18-22
Nigeria,Spain,Valencia,2022,3990,Female,18-22
Turkey,Canada,Toronto,2017,3200,Male,23-26
Bangladesh,UAE,Sharjah,2017,967,Male,23-26
China,Spain,Madrid,2024,6380,Non-binary,18-22
Vietnam,South Korea,Busan,2017,2971,Female,18-22
Pakistan,Finland,Helsinki,2023,654,Female,18-22
Bangladesh,Finland,Helsinki,2017,455,Female,18-22
Nigeria,UAE,Dubai,2023,1771,Male,18-22
Brazil,Germany,Frankfurt,2022,2274,Female,18-22
Turkey,Canada,Vancouver,2018,2558,Male,23-26
Nepal,Spain,Barcelona,2020,2913,Female,18-22
Brazil,UAE,Sharjah,2017,851,Female,23-26
Kenya,Australia,Melbourne,2015,2312,Male,18-22
Vietnam,Italy,Florence,2021,2161,Male,18-22
Nigeria,Singapore,Singapore,2019,2686,Male,18-22
China,France,Marseille,2019,7060,Female,18-22
Nigeria,South Korea,Busan,2017,3628,Female,18-22
Nepal,Japan,Kyoto,2023,3544,Male,23-26
Turkey,USA,Boston,2017,4487,Male,18-22
China,Netherlands,Eindhoven,2022,4087,Male,23-26
Nepal,Canada,Vancouver,2020,3446,Female,23-26
Pakistan,Canada,Vancouver,2015,2316,Female,18-22
Kenya,South Africa,Pretoria,2015,1171,Male,23-26
Pakistan,Singapore,Singapore,2018,1707,Female,23-26
Bangladesh,Italy,Milan,2024,2385,Male,27+
Nepal,Australia,Sydney,2024,3653,Male,23-26
Turkey,Italy,Rome,2015,1442,Male,23-26
Brazil,Ireland,Galway,2021,824,Female,23-26
Vietnam,Russia,St. Petersburg,2024,2311,Female,18-22
Nigeria,South Korea,Daejeon,2015,2874,Male,18-22
Kenya,France,Paris,2018,2978,Female,23-26
India,UAE,Sharjah,2023,2867,Female,23-26
India,Ireland,Cork,2018,2200,Female,18-22
Kenya,Spain,Valencia,2021,2755,Male,27+
Brazil,Finland,Tampere,2020,615,Male,23-26
Bangladesh,Canada,Vancouver,2015,2741,Female,23-26
Brazil,Canada,Toronto,2019,2662,Female,18-22
Turkey,Finland,Turku,2021,607,Male,18-22
Nepal,Finland,Turku,2021,759,Female,18-22
Bangladesh,Norway,Oslo,2023,1294,Female,18-22
China,Singapore,Singapore,2019,4229,Female,18-22
Bangladesh,UAE,Dubai,2022,978,Male,23-26
Nigeria,Norway,Oslo,2018,2033,Male,18-22
India,Sweden,Gothenburg,2015,2968,Female,18-22
Nepal,Japan,Osaka,2023,3776,Female,23-26
Nigeria,Italy,Florence,2017,2465,Female,27+
India,South Korea,Seoul,2021,6484,Male,27+
Nigeria,UK,Manchester,2018,4945,Male,18-22
Vietnam,India,Bangalore,2020,855,Female,18-22
Vietnam,Finland,Tampere,2023,781,Male,18-22
India,Italy,Rome,2020,5572,Male,18-22
Nepal,Norway,Trondheim,2023,1323,Male,18-22
Kenya,South Africa,Johannesburg,2016,1663,Female,23-26
Vietnam,Germany,Berlin,2021,2739,Male,27+
Turkey,Finland,Helsinki,2017,698,Female,18-22
Turkey,India,Bangalore,2023,1033,Male,27+
Nigeria,Spain,Valencia,2016,3008,Female,27+
Nepal,Italy,Florence,2016,1998,Male,18-22
India,Japan,Kyoto,2018,6292,Male,18-22
Turkey,Russia,Kazan,2022,1841,Male,18-22
Kenya,South Africa,Cape Town,2023,1438,Male,18-22
Nigeria,Japan,Tokyo,2015,2028,Female,27+
Nigeria,Finland,Tampere,2021,861,Male,23-26
Turkey,Ireland,Galway,2023,1009,Male,23-26
Vietnam,Norway,Bergen,2018,880,Male,18-22
Nepal,Germany,Frankfurt,2019,3368,Male,18-22
Nepal,Russia,St. Petersburg,2018,1805,Male,23-26
Kenya,Russia,St. Petersburg,2017,1643,Male,18-22
Vietnam,USA,New York,2017,4141,Male,23-26
China,Germany,Frankfurt,2024,7028,Male,23-26
India,UK,Birmingham,2015,9607,Male,18-22
China,Russia,Moscow,2021,3970,Non-binary,18-22
India,Germany,Hamburg,2017,6162,Female,27+
Kenya,UK,Birmingham,2017,3617,Female,18-22
India,France,Lyon,2019,8323,Male,18-22
Vietnam,Germany,Munich,2017,1814,Female,18-22
Nigeria,Ireland,Dublin,2023,1594,Male,18-22
India,Australia,Brisbane,2016,7328,Female,18-22
Nigeria,South Korea,Daejeon,2015,3330,Female,18-22
Brazil,Spain,Valencia,2021,2284,Female,18-22
Vietnam,Japan,Osaka,2019,2069,Male,23-26
Kenya,India,Mumbai,2015,854,Male,23-26
Vietnam,UAE,Abu Dhabi,2015,1015,Male,18-22
Pakistan,South Africa,Cape Town,2020,1695,Male,23-26
Turkey,USA,Chicago,2024,6695,Male,23-26
Bangladesh,Ireland,Dublin,2015,701,Male,18-22
Nepal,USA,New York,2019,6232,Female,23-26
Turkey,India,Mumbai,2022,1376,Female,18-22
Nepal,South Africa,Cape Town,2022,1537,Female,18-22
Turkey,USA,Chicago,2017,4287,Male,23-26
Pakistan,South Korea,Daejeon,2021,3197,Male,18-22
Kenya,Finland,Turku,2016,657,Female,23-26
Bangladesh,South Korea,Busan,2019,1728,Male,18-22
Bangladesh,South Africa,Cape Town,2019,1416,Male,23-26
Nepal,Finland,Tampere,2021,545,Female,23-26
Brazil,UK,Birmingham,2024,4763,Female,18-22
Bangladesh,India,Bangalore,2023,1224,Female,27+
Brazil,UK,London,2023,4508,Female,18-22
India,UK,London,2015,8428,Non-binary,18-22
Nepal,Norway,Oslo,2023,1410,Female,27+
China,Ireland,Galway,2016,1464,Male,27+
Pakistan,UAE,Dubai,2021,1079,Female,18-22
China,Canada,Vancouver,2024,8994,Male,18-22
Pakistan,USA,Boston,2018,6641,Male,18-22
Vietnam,Italy,Rome,2024,2932,Male,18-22
Kenya,UAE,Sharjah,2018,908,Male,18-22
Nepal,Russia,Moscow,2018,1589,Female,27+
Bangladesh,Australia,Melbourne,2021,3565,Male,18-22
Brazil,Finland,Helsinki,2021,741,Female,18-22
Bangladesh,Italy,Rome,2016,1178,Female,23-26
India,Finland,Turku,2019,1535,Female,27+
Turkey,Finland,Turku,2019,686,Male,23-26
Nigeria,Japan,Kyoto,2020,4168,Female,18-22
Pakistan,South Africa,Johannesburg,2019,1174,Male,18-22
India,Finland,Tampere,2016,1352,Female,27+
Nigeria,USA,New York,2017,7938,Male,23-26
China,Ireland,Dublin,2017,1382,Female,27+
Vietnam,Ireland,Dublin,2023,1040,Male,18-22
Pakistan,Norway,Oslo,2015,1128,Female,23-26
Nepal,Netherlands,Amsterdam,2020,1427,Male,18-22
Nigeria,Ireland,Galway,2023,1584,Male,18-22
India,Canada,Vancouver,2022,10791,Female,18-22
Vietnam,UAE,Sharjah,2015,641,Female,23-26
Pakistan,Japan,Kyoto,2023,3098,Female,23-26
Brazil,France,Marseille,2019,2524,Male,18-22
Pakistan,Germany,Berlin,2022,3076,Female,18-22
Nepal,Russia,St. Petersburg,2022,2006,Non-binary,18-22
Brazil,Japan,Osaka,2017,3117,Female,23-26
Nepal,India,Bangalore,2022,1735,Female,23-26
Brazil,Canada,Toronto,2020,4864,Male,18-22
Vietnam,Canada,Toronto,2015,2183,Male,23-26
Bangladesh,USA,New York,2021,6186,Female,23-26
Bangladesh,India,Bangalore,2024,1657,Female,18-22
Vietnam,Ireland,Cork,2016,691,Female,18-22
India,Singapore,Singapore,2023,5292,Female,27+
Nepal,Australia,Melbourne,2022,2863,Female,18-22
China,Finland,Turku,2019,1288,Female,23-26
Pakistan,Spain,Barcelona,2020,2681,Male,23-26
Turkey,France,Lyon,2020,2664,Male,18-22
Kenya,Canada,Toronto,2022,4214,Male,23-26
Nepal,Russia,St. Petersburg,2021,2007,Female,23-26
Pakistan,South Africa,Cape Town,2022,1389,Male,18-22
China,Canada,Toronto,2016,5313,Female,18-22
Nigeria,Sweden,Stockholm,2021,2689,Female,18-22
Nigeria,Russia,St. Petersburg,2015,2415,Male,18-22
India,Norway,Oslo,2017,3250,Female,23-26
India,Germany,Hamburg,2017,7346,Male,23-26
Brazil,Russia,Moscow,2018,1941,Male,23-26
Brazil,UAE,Dubai,2019,1295,Male,18-22
Kenya,South Korea,Seoul,2024,3041,Female,23-26
Brazil,France,Lyon,2019,3096,Female,23-26
China,South Korea,Seoul,2023,5701,Non-binary,18-22
Vietnam,UK,Manchester,2019,3529,Female,18-22
Vietnam,Spain,Barcelona,2022,2818,Male,23-26
Pakistan,France,Marseille,2017,3438,Female,18-22
Turkey,UAE,Sharjah,2023,1077,Male,18-22
Kenya,Canada,Toronto,2015,2226,Female,18-22
Nigeria,Norway,Oslo,2019,1997,Male,23-26
Pakistan,Russia,Kazan,2023,2082,Male,23-26
India,Canada,Toronto,2017,7551,Male,18-22
Vietnam,South Korea,Daejeon,2017,1571,Female,18-22
Bangladesh,Canada,Montreal,2022,4508,Female,18-22
India,USA,Los Angeles,2021,15890,Male,23-26
Bangladesh,South Africa,Pretoria,2022,1217,Female,18-22
Nepal,South Africa,Johannesburg,2018,1429,Male,23-26
Kenya,UK,Manchester,2015,3406,Female,23-26
Vietnam,France,Marseille,2022,3528,Male,18-22
China,Ireland,Cork,2015,1237,Male,23-26
Turkey,Germany,Frankfurt,2024,3793,Male,18-22
Vietnam,South Korea,Busan,2024,3466,Female,18-22
Turkey,USA,Boston,2021,4504,Male,18-22
Nepal,Australia,Melbourne,2020,4180,Male,27+
Turkey,Germany,Frankfurt,2016,1508,Female,23-26
Brazil,Spain,Valencia,2017,2162,Male,23-26
Bangladesh,South Korea,Daejeon,2023,2947,Male,18-22
Brazil,Ireland,Dublin,2016,671,Female,18-22
Bangladesh,Sweden,Gothenburg,2021,1152,Male,18-22
Nigeria,France,Lyon,2018,4610,Male,18-22
Vietnam,Finland,Tampere,2019,445,Male,18-22
Turkey,UAE,Sharjah,2024,1170,Male,27+
Brazil,Singapore,Singapore,2015,1817,Female,27+
Kenya,South Africa,Cape Town,2017,1078,Male,23-26
Nigeria,Norway,Oslo,2016,1656,Male,23-26
China,Germany,Berlin,2016,3773,Female,23-26
China,Canada,Toronto,2016,5912,Female,27+
Brazil,Germany,Hamburg,2020,4197,Male,18-22
China,Netherlands,Rotterdam,2015,3164,Male,18-22
Brazil,Australia,Sydney,2016,3179,Male,23-26
China,Finland,Tampere,2021,1182,Male,18-22
Nigeria,Finland,Tampere,2017,824,Male,23-26
Turkey,South Africa,Pretoria,2020,1370,Non-binary,18-22
Vietnam,Russia,St. Petersburg,2019,2133,Female,27+
Brazil,Germany,Berlin,2022,2847,Male,27+
Vietnam,Australia,Brisbane,2019,3140,Male,23-26
Nigeria,Russia,St. Petersburg,2020,2902,Female,27+
Pakistan,Finland,Helsinki,2022,805,Female,18-22
Pakistan,Norway,Oslo,2018,1057,Female,18-22
Turkey,Singapore,Singapore,2018,1417,Female,23-26
Pakistan,Japan,Tokyo,2020,2261,Female,18-22
Nepal,Australia,Sydney,2024,4234,Female,23-26
Nepal,UK,Birmingham,2019,4318,Male,18-22
Brazil,Singapore,Singapore,2021,2395,Female,18-22
Pakistan,South Korea,Daejeon,2020,2288,Female,18-22
Kenya,UAE,Sharjah,2024,1168,Male,23-26
Pakistan,India,Mumbai,2022,1143,Male,18-22
Vietnam,Sweden,Stockholm,2021,2038,Female,27+
China,Australia,Melbourne,2017,6912,Male,23-26
Bangladesh,Italy,Rome,2017,1926,Male,23-26
China,Singapore,Singapore,2017,3878,Male,18-22
Vietnam,Finland,Turku,2017,399,Male,18-22
Nigeria,Norway,Trondheim,2020,2113,Non-binary,18-22
Bangladesh,India,Bangalore,2017,1471,Male,18-22
China,UK,Manchester,2016,7863,Female,23-26
Kenya,India,Delhi,2015,1021,Female,23-26
China,Japan,Kyoto,2022,5803,Female,23-26
India,UK,Birmingham,2024,12862,Male,18-22
Kenya,Sweden,Gothenburg,2016,1434,Male,18-22
Nigeria,Germany,Frankfurt,2021,3589,Male,18-22
Kenya,Ireland,Galway,2015,660,Male,18-22
India,Germany,Hamburg,2024,9480,Male,18-22
Kenya,Finland,Turku,2017,487,Female,23-26
India,Japan,Osaka,2016,5575,Female,27+
Brazil,Singapore,Singapore,2024,2313,Female,18-22
Nepal,Canada,Montreal,2020,4358,Male,18-22
Nigeria,UK,Birmingham,2016,5552,Non-binary,18-22
Turkey,USA,New York,2016,6168,Female,18-22
Brazil,Sweden,Gothenburg,2017,1268,Female,18-22
Nepal,Norway,Oslo,2016,1230,Male,23-26
Nigeria,Sweden,Uppsala,2016,2539,Female,18-22
Turkey,South Africa,Johannesburg,2024,1802,Female,27+
Nepal,France,Lyon,2017,3883,Non-binary,18-22
Nigeria,Japan,Osaka,2022,4718,Female,18-22
Nepal,USA,Boston,2023,7564,Male,18-22
Kenya,UAE,Sharjah,2019,760,Female,27+
China,Australia,Melbourne,2018,7778,Male,18-22
Nigeria,Italy,Florence,2022,3820,Male,18-22
Turkey,Germany,Munich,2023,2724,Male,18-22
Bangladesh,UAE,Abu Dhabi,2023,1001,Male,18-22
Vietnam,Netherlands,Rotterdam,2015,1589,Male,23-26
Nepal,South Africa,Cape Town,2019,1426,Female,23-26
Turkey,Canada,Montreal,2024,3876,Female,18-22
Nepal,South Africa,Pretoria,2022,1706,Male,18-22
Nigeria,Singapore,Singapore,2019,2884,Male,23-26
Vietnam,Norway,Trondheim,2023,1669,Female,23-26
Bangladesh,Finland,Helsinki,2018,728,Female,27+
Nepal,France,Lyon,2019,3269,Male,27+
Bangladesh,Spain,Barcelona,2021,2896,Male,18-22
Vietnam,Netherlands,Eindhoven,2016,1237,Male,23-26
Kenya,Canada,Toronto,2019,4328,Female,18-22
Turkey,Norway,Trondheim,2024,1329,Male,18-22
China,India,Delhi,2019,2280,Male,23-26
Nigeria,Netherlands,Rotterdam,2018,3064,Female,18-22
Nepal,Canada,Montreal,2022,4081,Male,23-26
Nigeria,Australia,Sydney,2021,5483,Female,23-26
Pakistan,India,Delhi,2023,1788,Male,18-22
Turkey,India,Mumbai,2015,1051,Male,27+
Pakistan,Sweden,Stockholm,2017,1803,Female,18-22
Pakistan,Canada,Toronto,2018,3270,Male,23-26
India,Singapore,Singapore,2016,3692,Non-binary,18-22
Vietnam,Sweden,Uppsala,2021,1478,Male,18-22
Bangladesh,France,Paris,2022,3580,Female,18-22
Bangladesh,Spain,Valencia,2019,2464,Female,27+
Turkey,India,Delhi,2017,1219,Female,18-22
Brazil,Italy,Rome,2022,2346,Male,23-26
Nepal,South Africa,Cape Town,2015,1424,Non-binary,18-22
Brazil,Australia,Melbourne,2016,1667,Male,18-22
China,France,Lyon,2023,7788,Male,23-26
India,France,Lyon,2018,8139,Male,23-26
Vietnam,South Korea,Busan,2015,2035,Female,23-26
Turkey,Australia,Melbourne,2020,3363,Female,18-22
Turkey,UAE,Abu Dhabi,2021,1238,Male,18-22
China,South Africa,Pretoria,2020,3104,Female,27+
India,UAE,Sharjah,2022,2610,Male,23-26
Nigeria,South Korea,Busan,2015,3420,Female,23-26
China,South Africa,Pretoria,2023,3005,Female,18-22
Turkey,Netherlands,Rotterdam,2022,2008,Male,23-26
Nepal,UAE,Abu Dhabi,2023,1131,Female,23-26
Bangladesh,Spain,Madrid,2022,3079,Female,27+
Pakistan,South Korea,Busan,2018,1792,Male,23-26
Pakistan,South Africa,Johannesburg,2017,1451,Male,23-26
China,Canada,Vancouver,2024,9984,Male,18-22
Pakistan,Finland,Tampere,2016,521,Female,27+
Pakistan,Singapore,Singapore,2021,2135,Male,23-26
Vietnam,Finland,Helsinki,2018,639,Male,18-22
India,Australia,Brisbane,2021,9195,Female,23-26
Vietnam,Spain,Valencia,2016,2155,Female,18-22
Turkey,Sweden,Uppsala,2015,1807,Male,18-22
Nepal,Italy,Milan,2018,2805,Female,18-22
India,Italy,Florence,2018,5546,Female,18-22
Pakistan,Netherlands,Amsterdam,2024,1863,Female,23-26
China,UK,Birmingham,2024,8729,Male,18-22
Brazil,South Africa,Johannesburg,2023,1498,Male,18-22
Pakistan,South Africa,Johannesburg,2016,1352,Female,18-22
Vietnam,Ireland,Cork,2017,794,Female,23-26
Nigeria,Japan,Tokyo,2016,3390,Male,27+
Vietnam,South Korea,Seoul,2017,2112,Male,23-26
Bangladesh,Singapore,Singapore,2015,1743,Male,23-26
Vietnam,Australia,Melbourne,2015,3192,Male,23-26
Bangladesh,Spain,Madrid,2023,2554,Female,27+
Nigeria,Australia,Sydney,2021,5262,Female,27+
Pakistan,Ireland,Galway,2017,539,Male,18-22
Nepal,UAE,Sharjah,2023,1287,Female,23-26
Pakistan,UK,Manchester,2024,5647,Male,18-22
Turkey,USA,Boston,2016,4982,Male,23-26
Turkey,Australia,Brisbane,2021,4853,Male,23-26
Nepal,Japan,Tokyo,2015,2214,Female,23-26
China,Japan,Osaka,2017,5306,Male,23-26
Nepal,Ireland,Cork,2023,956,Female,18-22
Kenya,India,Bangalore,2024,1289,Male,18-22
China,Netherlands,Amsterdam,2022,3696,Female,18-22
Turkey,South Africa,Johannesburg,2018,1566,Female,18-22
Vietnam,UK,Birmingham,2016,4510,Male,23-26
Vietnam,Sweden,Gothenburg,2016,1481,Non-binary,27+
Pakistan,Germany,Munich,2021,2877,Female,18-22
Nigeria,UAE,Dubai,2023,1908,Female,18-22
India,Finland,Tampere,2018,1401,Female,18-22
Vietnam,Spain,Valencia,2021,2872,Female,18-22
India,Ireland,Cork,2021,2171,Male,18-22
China,Spain,Madrid,2024,5943,Female,18-22
Pakistan,Sweden,Gothenburg,2017,1592,Female,23-26
Nepal,Russia,St. Petersburg,2018,1520,Male,18-22
Bangladesh,South Africa,Pretoria,2018,1615,Male,23-26
China,South Korea,Busan,2016,3641,Female,23-26
Nigeria,Canada,Montreal,2021,5611,Female,18-22
Pakistan,Norway,Trondheim,2022,1375,Male,23-26
Brazil,Spain,Madrid,2018,2557,Male,23-26
Bangladesh,Singapore,Singapore,2019,2274,Male,23-26
Pakistan,Singapore,Singapore,2019,1735,Female,23-26
Brazil,Singapore,Singapore,2020,2044,Male,23-26
Kenya,UK,Manchester,2017,2650,Female,18-22
Pakistan,Germany,Hamburg,2020,2884,Male,23-26
Kenya,India,Mumbai,2016,988,Male,18-22
Brazil,Germany,Frankfurt,2020,2043,Male,18-22
Pakistan,UAE,Abu Dhabi,2022,1056,Male,27+
Pakistan,Italy,Florence,2022,1988,Male,18-22
Nepal,Norway,Oslo,2020,1436,Female,23-26
Nigeria,Germany,Frankfurt,2022,5442,Female,18-22
Brazil,South Africa,Pretoria,2020,1271,Female,18-22
Brazil,Italy,Milan,2015,1824,Female,18-22
Brazil,South Korea,Daejeon,2022,2514,Male,18-22
Vietnam,Russia,St. Petersburg,2022,1542,Male,23-26
Nigeria,Canada,Montreal,2015,3683,Non-binary,18-22
India,India,Mumbai,2023,3465,Female,23-26
Nepal,Germany,Berlin,2016,1958,Male,18-22
Kenya,France,Lyon,2022,4492,Male,18-22
Kenya,Canada,Vancouver,2016,3899,Female,23-26
India,South Korea,Busan,2020,6363,Female,23-26
Pakistan,South Africa,Johannesburg,2024,1408,Female,27+
Pakistan,Germany,Hamburg,2020,2797,Male,18-22
Vietnam,Australia,Brisbane,2017,3897,Female,23-26
Turkey,Sweden,Gothenburg,2017,1260,Female,18-22
Nepal,UK,Manchester,2022,5226,Male,23-26
Brazil,Australia,Brisbane,2022,3730,Male,18-22
Kenya,Australia,Sydney,2021,4573,Male,18-22
Nepal,Italy,Rome,2022,2133,Male,18-22
Nigeria,South Korea,Seoul,2022,4149,Male,18-22
Kenya,Norway,Trondheim,2015,1581,Female,18-22
Brazil,Finland,Helsinki,2024,801,Male,18-22
Brazil,Spain,Barcelona,2024,2706,Male,18-22
Nepal,Netherlands,Eindhoven,2024,1916,Female,23-26
Turkey,Sweden,Stockholm,2023,2077,Female,18-22
Pakistan,Italy,Rome,2019,1647,Male,18-22
Kenya,India,Bangalore,2024,1542,Female,23-26
Brazil,Australia,Brisbane,2015,2348,Female,23-26
Nepal,Sweden,Stockholm,2020,1348,Female,23-26
Nigeria,Netherlands,Eindhoven,2020,3185,Male,23-26
Bangladesh,Spain,Barcelona,2024,2833,Male,23-26
Pakistan,Russia,Moscow,2024,2253,Male,18-22
China,Canada,Toronto,2020,8032,Male,23-26
Nepal,UAE,Abu Dhabi,2023,958,Male,18-22
Pakistan,Australia,Melbourne,2024,4973,Female,23-26
Brazil,UAE,Dubai,2021,1186,Female,23-26
Kenya,Italy,Milan,2015,1912,Female,18-22
Pakistan,USA,Chicago,2020,5700,Female,18-22
Nigeria,UK,London,2023,6948,Male,18-22
China,Singapore,Singapore,2021,4092,Female,18-22
China,South Africa,Cape Town,2019,3005,Male,18-22
Bangladesh,Germany,Berlin,2017,2170,Male,18-22
Nigeria,Spain,Valencia,2024,4253,Male,18-22
Vietnam,Spain,Barcelona,2020,2564,Female,18-22
Vietnam,India,Bangalore,2024,1929,Female,18-22
Brazil,Netherlands,Amsterdam,2015,1391,Female,18-22
Brazil,Italy,Florence,2022,3043,Female,18-22
Bangladesh,Australia,Brisbane,2015,2944,Female,18-22
Pakistan,Singapore,Singapore,2022,2789,Female,18-22
Bangladesh,France,Paris,2021,3253,Male,18-22
Turkey,Netherlands,Rotterdam,2015,1859,Male,18-22
India,Netherlands,Eindhoven,2022,5351,Female,23-26
Nepal,Italy,Florence,2019,2845,Male,18-22
Turkey,South Korea,Daejeon,2019,3157,Male,27+
Vietnam,UAE,Dubai,2024,1068,Female,18-22
China,South Korea,Busan,2023,5428,Male,23-26
Vietnam,Canada,Vancouver,2022,4372,Female,18-22
China,UK,Manchester,2017,8705,Male,23-26
Nepal,Australia,Brisbane,2024,4110,Male,18-22
Nigeria,Netherlands,Eindhoven,2015,1954,Male,23-26
Bangladesh,Norway,Trondheim,2019,1251,Female,18-22
Bangladesh,Spain,Barcelona,2024,2349,Female,27+
Turkey,South Korea,Busan,2015,1764,Female,18-22
Vietnam,Canada,Montreal,2024,4640,Male,18-22
Turkey,France,Marseille,2017,2477,Female,18-22
Nepal,Norway,Oslo,2018,1224,Male,18-22
Turkey,Russia,Kazan,2019,1684,Male,18-22
Nepal,Netherlands,Rotterdam,2018,2064,Female,18-22
Nigeria,USA,Boston,2021,9865,Male,18-22
Bangladesh,Canada,Montreal,2017,2459,Female,23-26
Bangladesh,Japan,Tokyo,2024,3269,Female,18-22
Nigeria,Ireland,Cork,2015,1035,Female,27+
Pakistan,UAE,Sharjah,2018,845,Male,27+
India,Germany,Frankfurt,2021,8595,Female,23-26
Nigeria,Sweden,Uppsala,2019,2109,Male,27+
China,Norway,Trondheim,2015,2398,Male,18-22
Turkey,South Korea,Seoul,2021,2574,Non-binary,23-26
Brazil,Germany,Munich,2024,2939,Male,18-22
Turkey,Canada,Toronto,2018,2432,Male,18-22
Vietnam,Ireland,Galway,2021,719,Male,23-26
Brazil,Finland,Helsinki,2022,684,Female,18-22
Nepal,Sweden,Uppsala,2015,1339,Male,18-22
China,South Africa,Cape Town,2020,3043,Male,23-26
Pakistan,Ireland,Dublin,2022,1147,Non-binary,23-26
Nigeria,USA,Boston,2022,10318,Female,18-22
Kenya,Australia,Brisbane,2023,4161,Female,18-22
China,Germany,Munich,2015,4746,Male,23-26
Bangladesh,Australia,Melbourne,2021,3767,Female,18-22
Pakistan,Singapore,Singapore,2020,1996,Female,18-22
Kenya,Netherlands,Amsterdam,2019,1655,Female,18-22
India,Spain,Barcelona,2023,7051,Female,18-22
India,Italy,Rome,2020,5814,Female,18-22
Pakistan,Netherlands,Rotterdam,2017,1769,Female,27+
Kenya,USA,Chicago,2017,6801,Male,23-26
Turkey,India,Bangalore,2022,1446,Male,18-22
Kenya,South Korea,Seoul,2023,3635,Female,18-22
Bangladesh,UAE,Abu Dhabi,2015,842,Male,18-22
Pakistan,France,Lyon,2016,3754,Male,27+
China,Sweden,Gothenburg,2021,2714,Male,27+
Brazil,UAE,Dubai,2021,750,Male,27+
India,Australia,Sydney,2017,7660,Female,18-22
Kenya,Australia,Brisbane,2024,4103,Female,23-26
Vietnam,Germany,Hamburg,2022,3256,Male,23-26
Nepal,UK,London,2021,5007,Male,18-22
Nepal,Ireland,Dublin,2024,1292,Male,23-26
Vietnam,Sweden,Stockholm,2018,1556,Male,18-22
Nepal,USA,New York,2015,4514,Female,23-26
Brazil,Sweden,Uppsala,2015,1303,Female,18-22
China,Singapore,Singapore,2017,3363,Male,27+
India,Norway,Oslo,2015,2481,Female,18-22
Nepal,South Africa,Pretoria,2015,1240,Male,23-26
Nepal,Norway,Bergen,2020,1411,Male,18-22
Nepal,Norway,Oslo,2021,1099,Male,23-26
Nepal,Finland,Turku,2015,541,Male,27+
Turkey,Germany,Hamburg,2024,4617,Male,18-22
Turkey,Singapore,Singapore,2016,2067,Male,27+
Kenya,Ireland,Galway,2023,1074,Male,18-22
Nigeria,France,Lyon,2021,5786,Male,18-22
Pakistan,Germany,Berlin,2016,2740,Male,23-26
Vietnam,Sweden,Uppsala,2018,1547,Male,18-22
Pakistan,Japan,Osaka,2023,3155,Female,18-22
Turkey,Sweden,Gothenburg,2022,1631,Male,18-22
Brazil,UK,London,2021,5699,Male,23-26
Bangladesh,Netherlands,Rotterdam,2015,1423,Female,23-26
Kenya,Sweden,Stockholm,2018,1511,Female,18-22
India,Australia,Sydney,2023,10249,Female,18-22
Nigeria,Italy,Rome,2023,4111,Male,23-26
Bangladesh,UAE,Abu Dhabi,2023,1311,Non-binary,18-22
Vietnam,India,Mumbai,2018,1299,Male,18-22
Nigeria,Netherlands,Amsterdam,2016,2587,Male,18-22
Kenya,South Africa,Pretoria,2023,1761,Female,18-22
China,Sweden,Uppsala,2018,2619,Male,23-26
Brazil,Ireland,Galway,2020,973,Male,18-22
Nigeria,Sweden,Uppsala,2015,2172,Male,27+
Brazil,France,Marseille,2022,4305,Male,23-26
Turkey,Russia,Moscow,2017,1187,Male,18-22
Bangladesh,Spain,Valencia,2015,1591,Male,18-22
Nepal,Singapore,Singapore,2023,2537,Male,18-22
Vietnam,Japan,Tokyo,2019,2561,Female,27+
Vietnam,Russia,St. Petersburg,2024,1885,Female,18-22
India,Finland,Tampere,2021,1526,Male,18-22
Bangladesh,UK,London,2020,4858,Female,18-22
Pakistan,Italy,Milan,2022,1664,Female,27+
Bangladesh,Japan,Kyoto,2022,1937,Female,18-22
Nepal,France,Marseille,2022,2391,Male,18-22
Pakistan,Norway,Bergen,2020,1769,Female,23-26
Brazil,South Africa,Cape Town,2020,1335,Male,18-22
Kenya,Japan,Osaka,2015,1775,Female,23-26
Pakistan,France,Lyon,2018,3326,Female,23-26
Bangladesh,Ireland,Cork,2021,1080,Female,23-26
Brazil,Ireland,Galway,2016,829,Female,23-26
Pakistan,Singapore,Singapore,2024,1984,Female,18-22
Nepal,USA,Los Angeles,2020,6857,Male,18-22
China,Ireland,Dublin,2022,1963,Female,23-26
Nigeria,UAE,Sharjah,2016,1329,Male,18-22
Kenya,Italy,Florence,2016,1712,Female,18-22
Kenya,South Korea,Seoul,2022,2450,Male,23-26
Bangladesh,India,Delhi,2021,1391,Male,23-26
Pakistan,UAE,Dubai,2022,824,Non-binary,18-22
Vietnam,Spain,Barcelona,2016,2229,Male,23-26
Vietnam,Japan,Tokyo,2017,2083,Female,23-26
Bangladesh,UAE,Abu Dhabi,2016,1291,Female,18-22
Nepal,Ireland,Cork,2021,965,Male,18-22
Kenya,UK,Birmingham,2016,3208,Male,23-26
Turkey,Finland,Tampere,2018,553,Male,23-26
Brazil,Singapore,Singapore,2020,2237,Male,23-26
Turkey,Ireland,Cork,2021,1042,Male,18-22
China,Japan,Kyoto,2018,4962,Female,18-22
Nigeria,Netherlands,Amsterdam,2019,2705,Female,23-26
Nigeria,South Korea,Seoul,2018,4388,Female,18-22
India,Australia,Brisbane,2024,10418,Male,27+
Vietnam,France,Paris,2018,3415,Male,18-22
India,Sweden,Uppsala,2021,4303,Male,23-26
Bangladesh,UAE,Sharjah,2018,933,Male,18-22
Nepal,Singapore,Singapore,2016,857,Male,18-22
Nepal,Netherlands,Amsterdam,2024,2211,Male,18-22
Brazil,Ireland,Dublin,2015,471,Female,18-22
Vietnam,Canada,Montreal,2018,4256,Male,18-22
Brazil,Norway,Trondheim,2016,1197,Female,23-26
Kenya,Australia,Sydney,2019,2991,Female,23-26
Nigeria,Japan,Kyoto,2019,3811,Female,18-22
Bangladesh,Ireland,Galway,2015,813,Male,23-26
Kenya,Finland,Tampere,2016,374,Male,18-22
Nigeria,Singapore,Singapore,2016,2714,Male,23-26
Kenya,Finland,Helsinki,2017,511,Female,18-22
Nepal,Australia,Brisbane,2021,4085,Male,27+
Turkey,Singapore,Singapore,2017,2078,Female,18-22
China,South Korea,Busan,2023,6152,Female,23-26
China,Germany,Munich,2020,5716,Female,18-22
Pakistan,UAE,Dubai,2023,1121,Female,23-26
Brazil,Sweden,Uppsala,2020,2007,Female,23-26
Nepal,Australia,Sydney,2015,2958,Female,23-26
Nigeria,Australia,Brisbane,2021,6133,Male,18-22
Vietnam,South Africa,Pretoria,2015,993,Male,18-22
Bangladesh,Australia,Melbourne,2019,4301,Female,18-22
Kenya,South Africa,Cape Town,2015,950,Female,23-26
Kenya,Singapore,Singapore,2021,3096,Male,27+
Nepal,Netherlands,Eindhoven,2015,1889,Male,18-22
India,Ireland,Galway,2021,2214,Male,18-22
Pakistan,India,Bangalore,2015,954,Male,23-26
Vietnam,South Korea,Busan,2016,1987,Female,18-22
Turkey,USA,Boston,2023,6883,Female,18-22
China,UAE,Abu Dhabi,2020,2379,Male,23-26
Bangladesh,UK,Birmingham,2023,4269,Male,23-26
Turkey,Ireland,Cork,2017,808,Male,23-26
Nigeria,France,Paris,2020,5380,Female,23-26
Bangladesh,Ireland,Cork,2017,675,Male,23-26
Nigeria,France,Paris,2019,4934,Female,18-22
Turkey,Germany,Berlin,2017,4256,Female,23-26
Turkey,Russia,Moscow,2015,1507,Male,18-22
Pakistan,Netherlands,Amsterdam,2016,1399,Female,23-26
Nigeria,Sweden,Uppsala,2019,2010,Female,23-26
Kenya,Ireland,Dublin,2022,816,Male,23-26
Bangladesh,Netherlands,Amsterdam,2015,1782,Female,18-22
Pakistan,Sweden,Stockholm,2017,1417,Male,18-22
Vietnam,Germany,Munich,2024,3782,Female,18-22
Pakistan,Norway,Bergen,2021,1451,Male,23-26
Bangladesh,Canada,Toronto,2023,3848,Male,18-22
Kenya,Italy,Florence,2022,2660,Female,23-26
Turkey,South Korea,Seoul,2018,2063,Male,27+
Brazil,UK,London,2017,4075,Male,18-22
Brazil,Australia,Melbourne,2016,3518,Female,18-22
Vietnam,India,Bangalore,2024,1395,Male,18-22
China,Spain,Barcelona,2020,4387,Female,18-22
Pakistan,Germany,Munich,2018,3295,Female,27+
Bangladesh,France,Marseille,2017,3639,Male,23-26
Nepal,Canada,Toronto,2024,4886,Male,27+
Brazil,Canada,Montreal,2016,3639,Female,18-22
China,Netherlands,Rotterdam,2018,3266,Female,18-22
Turkey,UAE,Abu Dhabi,2017,686,Male,23-26
Nigeria,Sweden,Gothenburg,2018,1523,Female,18-22
Bangladesh,Norway,Bergen,2023,1481,Female,18-22
Turkey,Japan,Osaka,2020,1871,Male,27+
Nigeria,Australia,Brisbane,2020,5801,Male,23-26
Turkey,Sweden,Stockholm,2019,1397,Female,18-22
Brazil,Germany,Munich,2018,2398,Male,18-22
Pakistan,India,Delhi,2020,700,Female,23-26
Vietnam,Germany,Frankfurt,2021,2915,Male,18-22
Nepal,South Africa,Cape Town,2018,1442,Male,23-26
India,UAE,Abu Dhabi,2015,2332,Male,18-22
Vietnam,Singapore,Singapore,2017,1846,Male,18-22
Vietnam,France,Marseille,2024,4197,Female,18-22
Turkey,Russia,Kazan,2019,1333,Male,23-26
India,Russia,Kazan,2018,4184,Female,23-26
Nepal,Spain,Madrid,2018,3143,Male,18-22
Turkey,Australia,Melbourne,2020,3035,Female,18-22
India,Australia,Sydney,2022,9936,Male,23-26
Vietnam,Russia,Kazan,2021,2154,Female,23-26
Nigeria,South Korea,Daejeon,2019,3761,Female,18-22
Kenya,Japan,Tokyo,2016,2114,Male,18-22
Nigeria,Singapore,Singapore,2023,3237,Female,18-22
India,Russia,Moscow,2022,4990,Female,23-26
China,Singapore,Singapore,2023,4289,Male,18-22
Turkey,Netherlands,Eindhoven,2017,1762,Female,18-22
Nepal,France,Marseille,2018,4386,Male,23-26
China,USA,Boston,2017,10931,Male,23-26
Kenya,India,Bangalore,2016,1258,Male,18-22
Kenya,UK,Manchester,2023,5316,Female,23-26
Bangladesh,Russia,Moscow,2015,1684,Male,18-22
Nigeria,South Korea,Seoul,2019,3071,Female,18-22
Pakistan,Singapore,Singapore,2020,1739,Male,18-22
Brazil,UK,Manchester,2015,2055,Male,18-22
Vietnam,UAE,Dubai,2023,1255,Male,18-22
Pakistan,Singapore,Singapore,2023,1879,Male,18-22
Nepal,Spain,Madrid,2019,2541,Female,18-22
Vietnam,Norway,Oslo,2018,905,Male,23-26
China,Ireland,Dublin,2016,1497,Male,27+
Vietnam,Norway,Trondheim,2015,1061,Female,18-22
Brazil,USA,Boston,2017,6350,Female,18-22
Kenya,India,Mumbai,2020,1276,Male,23-26
China,Sweden,Stockholm,2018,3207,Female,18-22
Nigeria,South Korea,Daejeon,2015,2837,Male,18-22
Kenya,Germany,Frankfurt,2017,3036,Male,27+
Pakistan,Netherlands,Eindhoven,2015,1117,Female,23-26
China,UK,Birmingham,2023,8960,Male,18-22
China,Australia,Sydney,2023,8313,Male,23-26
Nigeria,South Africa,Johannesburg,2016,2087,Female,18-22
Nepal,Sweden,Uppsala,2020,1486,Female,23-26
India,South Korea,Busan,2022,7029,Female,23-26
Turkey,Finland,Helsinki,2020,658,Male,18-22
Turkey,France,Marseille,2021,3212,Female,18-22
China,Norway,Bergen,2022,2893,Male,27+
Nigeria,Ireland,Dublin,2022,1478,Male,18-22
Kenya,Spain,Madrid,2016,2255,Male,18-22
Nepal,France,Paris,2023,3546,Male,18-22
Nepal,Netherlands,Rotterdam,2019,1770,Male,23-26
Brazil,Ireland,Galway,2017,807,Female,18-22
India,Netherlands,Amsterdam,2016,4381,Male,23-26
Pakistan,Sweden,Uppsala,2017,1648,Female,18-22
Nepal,Australia,Sydney,2024,3949,Male,18-22
Bangladesh,France,Paris,2021,4192,Male,18-22
Nigeria,UK,London,2019,6399,Male,23-26
Bangladesh,Finland,Turku,2020,398,Female,18-22
Vietnam,Germany,Frankfurt,2024,3690,Male,23-26
Nigeria,Finland,Helsinki,2021,1208,Male,23-26
China,Netherlands,Eindhoven,2017,3214,Female,18-22
India,France,Lyon,2015,7410,Female,27+
Bangladesh,France,Paris,2016,3112,Female,23-26
China,Canada,Montreal,2024,9230,Female,23-26
Nigeria,France,Paris,2019,5584,Male,18-22
Bangladesh,Spain,Madrid,2023,3255,Female,18-22
Brazil,UAE,Sharjah,2024,1383,Female,18-22
India,UK,Birmingham,2017,9140,Male,18-22
Brazil,Germany,Munich,2020,2327,Male,23-26
Brazil,Spain,Madrid,2020,3298,Male,18-22
Brazil,Germany,Berlin,2017,2861,Female,18-22
Brazil,Netherlands,Eindhoven,2022,2373,Female,27+
Pakistan,India,Delhi,2024,1565,Male,23-26
Turkey,Spain,Madrid,2024,2875,Male,23-26
Nigeria,South Africa,Pretoria,2023,2656,Male,18-22
Turkey,Canada,Toronto,2020,4263,Female,27+
China,UK,Manchester,2022,9787,Female,27+
Brazil,Spain,Madrid,2024,3137,Female,18-22
Turkey,Germany,Frankfurt,2019,2619,Female,23-26
Nigeria,Norway,Trondheim,2017,1506,Male,23-26
India,Norway,Bergen,2024,3959,Male,18-22
Turkey,South Korea,Busan,2021,2358,Male,23-26
Bangladesh,Netherlands,Eindhoven,2024,2440,Male,18-22
Kenya,South Korea,Seoul,2016,2016,Female,18-22
Bangladesh,Spain,Barcelona,2017,1965,Male,18-22
Vietnam,UK,London,2019,4809,Male,18-22
Turkey,France,Marseille,2017,2838,Female,23-26
China,UK,London,2024,9713,Male,18-22
Kenya,UAE,Abu Dhabi,2016,960,Female,18-22
Nepal,India,Bangalore,2021,1581,Male,18-22
Nepal,Finland,Turku,2016,592,Female,18-22
Vietnam,South Africa,Johannesburg,2021,1933,Female,27+
Nepal,Spain,Madrid,2015,2376,Female,23-26
Nepal,South Africa,Cape Town,2023,1752,Female,18-22
Pakistan,UK,Birmingham,2020,4709,Male,27+
Bangladesh,Japan,Tokyo,2019,2606,Male,23-26
Brazil,Singapore,Singapore,2016,1683,Male,23-26
Vietnam,Russia,Moscow,2019,1362,Male,18-22
India,South Korea,Seoul,2018,5597,Female,23-26
China,South Africa,Johannesburg,2021,3229,Male,18-22
Brazil,Norway,Bergen,2015,1197,Female,18-22
Turkey,Canada,Toronto,2020,4801,Female,23-26
Pakistan,Germany,Munich,2015,2976,Female,18-22
Turkey,South Korea,Busan,2020,2441,Female,23-26
Bangladesh,South Africa,Pretoria,2024,1485,Female,18-22
Turkey,Italy,Rome,2019,1502,Female,27+
India,Sweden,Stockholm,2024,4722,Male,18-22
China,UK,London,2015,6819,Female,23-26
Nepal,South Korea,Daejeon,2020,3161,Female,18-22
Kenya,Japan,Osaka,2021,3125,Female,23-26
Kenya,Finland,Turku,2022,759,Female,23-26
Pakistan,Russia,St. Petersburg,2022,2398,Male,18-22
Bangladesh,Canada,Montreal,2022,4165,Male,18-22
Pakistan,Spain,Madrid,2023,2830,Male,23-26
India,Spain,Valencia,2022,6310,Male,18-22
Bangladesh,Germany,Berlin,2020,3149,Female,18-22
Nepal,USA,Los Angeles,2016,5374,Male,23-26
Pakistan,South Korea,Daejeon,2018,1901,Male,18-22
Nigeria,Norway,Bergen,2021,2309,Female,18-22
Bangladesh,Sweden,Uppsala,2018,1029,Female,18-22
Vietnam,Sweden,Uppsala,2016,1332,Female,18-22
Brazil,India,Mumbai,2017,1757,Male,18-22
Vietnam,Spain,Madrid,2024,2655,Female,27+
Pakistan,France,Marseille,2017,3173,Male,18-22
Kenya,Norway,Trondheim,2023,1379,Female,18-22
Pakistan,Norway,Oslo,2018,1472,Male,18-22
Vietnam,Japan,Osaka,2015,2347,Female,23-26
Nigeria,Canada,Vancouver,2024,6068,Female,18-22
Kenya,Japan,Osaka,2019,2698,Female,18-22
Bangladesh,UAE,Dubai,2022,1038,Female,23-26
Bangladesh,Australia,Sydney,2021,4976,Male,23-26
Nepal,South Africa,Cape Town,2023,1865,Male,23-26
Pakistan,Spain,Barcelona,2019,2863,Female,18-22
India,France,Marseille,2017,7335,Female,18-22
Turkey,Spain,Valencia,2022,2923,Male,23-26
Bangladesh,Ireland,Cork,2016,715,Female,18-22
Vietnam,Russia,Moscow,2016,1377,Male,18-22
Vietnam,Spain,Madrid,2024,2804,Male,18-22
Nigeria,Australia,Melbourne,2019,5303,Male,18-22
India,Norway,Bergen,2019,3127,Female,23-26
Vietnam,Sweden,Stockholm,2018,1827,Female,23-26
Vietnam,Singapore,Singapore,2015,1243,Female,18-22
Kenya,Finland,Helsinki,2024,638,Male,18-22
Turkey,France,Marseille,2015,2668,Female,18-22
China,Canada,Montreal,2018,7670,Female,23-26
Kenya,Sweden,Uppsala,2024,1755,Male,23-26
Kenya,Australia,Sydney,2021,3826,Female,23-26
Brazil,Netherlands,Rotterdam,2023,1932,Male,18-22
Turkey,Ireland,Dublin,2020,868,Female,27+
Kenya,UAE,Dubai,2018,777,Male,23-26
China,Norway,Trondheim,2021,3260,Female,18-22
Nepal,South Korea,Busan,2018,2162,Male,23-26
Brazil,Singapore,Singapore,2022,1946,Female,23-26
Kenya,Norway,Trondheim,2019,1680,Female,18-22
Bangladesh,Canada,Montreal,2016,3844,Male,18-22
Pakistan,Russia,St. Petersburg,2021,1652,Female,23-26
China,Russia,Moscow,2015,2917,Female,18-22
China,Finland,Turku,2016,1068,Female,18-22
Pakistan,India,Bangalore,2022,1243,Male,18-22
Nepal,Sweden,Stockholm,2022,2011,Female,23-26
Bangladesh,India,Mumbai,2022,1188,Female,23-26
Vietnam,India,Bangalore,2015,988,Female,23-26
India,Sweden,Stockholm,2015,3035,Female,23-26
Nepal,South Africa,Johannesburg,2023,2218,Female,23-26
India,Germany,Berlin,2023,9010,Female,18-22
Pakistan,Norway,Trondheim,2024,1668,Male,23-26
Bangladesh,Russia,Kazan,2019,1548,Female,18-22
Brazil,France,Paris,2016,2167,Female,18-22
India,UK,Birmingham,2018,9459,Male,18-22
Kenya,UAE,Dubai,2017,797,Male,23-26
Brazil,UK,Birmingham,2020,4831,Female,27+
Brazil,Finland,Turku,2020,523,Female,18-22
Nigeria,Russia,Kazan,2022,3111,Female,23-26
Nigeria,Finland,Helsinki,2019,635,Female,18-22
Turkey,Japan,Tokyo,2019,3015,Non-binary,18-22
Nigeria,Spain,Valencia,2021,3707,Male,18-22
Nigeria,South Korea,Seoul,2018,3815,Male,18-22
Turkey,Italy,Milan,2017,1625,Female,23-26
Brazil,Italy,Florence,2022,2696,Non-binary,18-22
Brazil,Netherlands,Eindhoven,2019,1580,Female,18-22
Nigeria,Australia,Melbourne,2017,5222,Female,23-26
Nepal,Russia,St. Petersburg,2015,1676,Male,18-22
Turkey,South Africa,Johannesburg,2021,1401,Female,18-22
Bangladesh,Australia,Brisbane,2022,4340,Female,18-22
Bangladesh,Finland,Tampere,2024,697,Female,18-22
Kenya,Russia,Kazan,2021,2094,Male,18-22
Turkey,Russia,Kazan,2019,1394,Female,18-22
Vietnam,Spain,Barcelona,2021,3075,Female,23-26
India,Japan,Tokyo,2024,7046,Female,27+
Brazil,Canada,Toronto,2016,3378,Male,23-26
Bangladesh,Singapore,Singapore,2018,2104,Male,18-22
Pakistan,UK,London,2023,4466,Male,18-22
Turkey,Germany,Berlin,2016,2401,Female,27+
Nepal,UK,London,2016,2525,Female,18-22
Turkey,Russia,Moscow,2021,1603,Male,18-22
Kenya,Sweden,Uppsala,2016,1194,Female,23-26
Kenya,Netherlands,Amsterdam,2015,1734,Male,18-22
Nepal,Japan,Osaka,2019,3049,Female,23-26
Nigeria,USA,Boston,2019,10421,Male,23-26
Kenya,South Africa,Johannesburg,2022,1677,Female,18-22
Pakistan,UK,London,2022,5151,Male,18-22
Vietnam,UK,London,2023,5042,Male,18-22
Brazil,Ireland,Cork,2017,931,Female,23-26
India,Japan,Tokyo,2023,7281,Female,27+
Vietnam,Singapore,Singapore,2020,2049,Male,18-22
Pakistan,Ireland,Galway,2021,1366,Female,23-26
Turkey,Australia,Melbourne,2024,4742,Male,27+
Brazil,India,Delhi,2017,1082,Female,18-22
Turkey,South Africa,Johannesburg,2022,1495,Female,18-22
Kenya,UAE,Abu Dhabi,2020,1193,Male,18-22
Pakistan,South Korea,Daejeon,2023,3046,Female,23-26
Kenya,Netherlands,Rotterdam,2022,2284,Male,23-26
Vietnam,Sweden,Uppsala,2023,1519,Female,23-26
China,Netherlands,Amsterdam,2021,3858,Male,23-26
Nepal,Japan,Tokyo,2016,2463,Male,18-22
India,Canada,Vancouver,2017,7947,Female,23-26
Kenya,Netherlands,Rotterdam,2018,1872,Female,18-22
Pakistan,India,Delhi,2021,962,Female,18-22
China,Germany,Frankfurt,2020,6042,Female,23-26
Turkey,France,Marseille,2021,3898,Male,23-26
Kenya,Russia,Kazan,2024,2378,Female,27+
China,Germany,Hamburg,2021,6822,Male,27+
India,Russia,Moscow,2024,4953,Female,18-22
Nepal,Spain,Madrid,2020,2204,Female,18-22
Bangladesh,South Korea,Busan,2015,1917,Male,18-22
Nigeria,Japan,Osaka,2023,4509,Female,23-26
Brazil,Italy,Milan,2022,2917,Male,23-26
Brazil,France,Lyon,2018,2580,Female,18-22
India,Spain,Valencia,2016,5527,Female,23-26
Nepal,Finland,Turku,2023,810,Female,18-22
China,Italy,Rome,2018,3926,Female,18-22
Nepal,Germany,Hamburg,2022,2993,Female,23-26
Kenya,Japan,Kyoto,2024,3995,Male,23-26
India,Japan,Tokyo,2015,4685,Female,18-22
Brazil,Singapore,Singapore,2019,2085,Female,23-26
Vietnam,France,Lyon,2018,3348,Non-binary,18-22
Bangladesh,Norway,Trondheim,2019,1100,Male,23-26
Vietnam,Australia,Brisbane,2019,3074,Female,27+
Nigeria,Spain,Valencia,2023,4291,Male,23-26
Kenya,UK,London,2016,4094,Female,27+
Nepal,Australia,Brisbane,2022,2950,Female,18-22
Pakistan,Italy,Milan,2019,2274,Female,27+
Nepal,South Africa,Pretoria,2019,1557,Female,18-22
Turkey,Germany,Berlin,2023,2643,Male,18-22
Kenya,Sweden,Gothenburg,2019,1756,Female,23-26
India,UAE,Sharjah,2024,2733,Female,18-22
Nepal,Norway,Oslo,2020,1380,Male,18-22
Pakistan,UK,London,2020,4284,Male,18-22
Nigeria,Finland,Tampere,2021,1044,Male,23-26
Nepal,Spain,Madrid,2018,2089,Female,18-22
China,Norway,Bergen,2017,2241,Male,23-26
Pakistan,Germany,Munich,2019,3226,Female,18-22
Kenya,India,Delhi,2019,1266,Male,23-26
Pakistan,USA,Los Angeles,2018,4118,Male,18-22
India,South Korea,Daejeon,2015,4817,Non-binary,18-22
Nigeria,South Korea,Daejeon,2017,2918,Female,18-22
Turkey,Germany,Berlin,2022,3483,Male,23-26
India,USA,Los Angeles,2022,16651,Female,18-22
China,Japan,Osaka,2016,4220,Male,23-26
Turkey,Finland,Tampere,2020,722,Female,18-22
Brazil,Italy,Florence,2015,1928,Male,18-22
Vietnam,Netherlands,Amsterdam,2016,1186,Male,23-26
India,Japan,Tokyo,2022,7726,Male,18-22
Pakistan,Russia,Moscow,2015,1032,Male,18-22
India,South Africa,Johannesburg,2017,3522,Female,27+
Nigeria,Ireland,Dublin,2020,1269,Female,23-26
Turkey,Finland,Turku,2023,537,Female,23-26
India,South Africa,Cape Town,2018,3222,Female,18-22
Nepal,South Korea,Daejeon,2023,3032,Male,23-26
China,Russia,Moscow,2019,4004,Non-binary,18-22
Nigeria,India,Delhi,2024,2328,Male,23-26
Bangladesh,Germany,Frankfurt,2019,2858,Non-binary,18-22
Nigeria,Norway,Trondheim,2024,2529,Male,23-26
Bangladesh,Sweden,Gothenburg,2022,1858,Male,23-26
Brazil,Singapore,Singapore,2020,1736,Male,23-26
Pakistan,Italy,Milan,2016,2051,Male,27+
Turkey,Germany,Berlin,2024,3668,Male,18-22
Bangladesh,Finland,Turku,2021,825,Female,23-26
Vietnam,UK,London,2015,2615,Male,23-26
Nigeria,Germany,Berlin,2020,4459,Female,23-26
Turkey,UAE,Dubai,2015,910,Male,23-26
Nepal,Netherlands,Eindhoven,2021,2119,Female,18-22
Vietnam,South Korea,Seoul,2019,2299,Male,23-26
China,Italy,Florence,2020,4669,Male,18-22
Pakistan,South Africa,Pretoria,2019,1808,Male,18-22
Kenya,Finland,Turku,2024,853,Female,27+
Turkey,UAE,Sharjah,2015,836,Female,27+
China,Ireland,Cork,2019,1561,Male,23-26
Pakistan,Italy,Milan,2022,2529,Female,18-22
Nigeria,Netherlands,Amsterdam,2016,1457,Male,23-26
Kenya,Australia,Brisbane,2024,4792,Female,23-26
Nepal,France,Lyon,2015,2788,Male,23-26
Pakistan,Canada,Vancouver,2017,3285,Male,18-22
Pakistan,UAE,Sharjah,2021,992,Female,23-26
Nepal,Ireland,Dublin,2017,669,Female,18-22
Nigeria,Finland,Helsinki,2017,558,Male,18-22
Kenya,South Africa,Cape Town,2024,1467,Male,18-22
Nepal,Norway,Oslo,2016,1313,Female,18-22
Nepal,Germany,Frankfurt,2017,2544,Male,18-22
Vietnam,Japan,Kyoto,2020,2936,Male,23-26
Vietnam,Canada,Toronto,2016,3249,Male,23-26
Bangladesh,Germany,Munich,2016,2692,Male,23-26
Nigeria,Finland,Turku,2015,907,Male,18-22
Vietnam,Netherlands,Eindhoven,2018,1519,Male,18-22
Nepal,France,Lyon,2024,3883,Male,23-26
Brazil,Finland,Tampere,2023,715,Male,23-26
Pakistan,Norway,Oslo,2020,1195,Male,23-26
Vietnam,Canada,Toronto,2016,3035,Male,23-26
Pakistan,Japan,Tokyo,2022,2629,Male,23-26
Nepal,Germany,Hamburg,2017,2591,Male,18-22
China,Russia,Kazan,2022,4153,Male,18-22
Vietnam,Spain,Barcelona,2024,2326,Male,18-22
Pakistan,UAE,Dubai,2015,913,Female,27+
Pakistan,Italy,Milan,2016,1617,Female,18-22
Brazil,France,Marseille,2018,3211,Male,18-22
Pakistan,Canada,Vancouver,2023,4089,Female,18-22
Turkey,India,Mumbai,2015,945,Female,18-22
Bangladesh,India,Mumbai,2019,863,Male,23-26
China,UK,Birmingham,2016,7242,Female,27+
Vietnam,South Korea,Busan,2024,2477,Male,27+
Nigeria,UAE,Abu Dhabi,2017,1261,Female,18-22
Vietnam,Singapore,Singapore,2023,2040,Female,18-22
Pakistan,Australia,Brisbane,2015,3383,Male,18-22
India,Netherlands,Eindhoven,2019,4575,Male,18-22
Kenya,Singapore,Singapore,2019,1744,Male,18-22
Bangladesh,Japan,Kyoto,2020,3219,Male,23-26
Pakistan,India,Mumbai,2016,892,Male,23-26
China,Norway,Trondheim,2018,2661,Female,18-22
Turkey,Australia,Brisbane,2019,4061,Male,18-22
India,Spain,Madrid,2021,6414,Female,18-22
Turkey,Norway,Trondheim,2015,1044,Female,18-22
Kenya,UAE,Abu Dhabi,2016,660,Male,23-26
Turkey,Sweden,Gothenburg,2024,1853,Female,18-22
Bangladesh,Russia,Kazan,2016,1176,Male,18-22
Brazil,UK,Manchester,2017,3948,Male,27+
Nepal,Netherlands,Eindhoven,2015,1722,Female,18-22
China,Canada,Toronto,2022,8132,Female,23-26
Turkey,Spain,Barcelona,2019,2837,Male,18-22
Kenya,USA,Los Angeles,2020,6681,Female,18-22
Turkey,Spain,Valencia,2019,2478,Female,18-22
Nepal,Germany,Frankfurt,2017,3352,Male,18-22
China,South Korea,Seoul,2021,5595,Male,27+
Vietnam,UAE,Dubai,2015,996,Male,18-22
Turkey,Germany,Frankfurt,2021,3102,Male,18-22
Nepal,Italy,Rome,2019,2318,Male,18-22
India,Japan,Tokyo,2016,5787,Female,18-22
Bangladesh,UAE,Dubai,2023,1055,Male,18-22
Pakistan,Russia,Moscow,2020,1985,Male,23-26
India,France,Lyon,2017,7443,Male,27+
Nigeria,Sweden,Stockholm,2019,2347,Male,27+
Kenya,Australia,Sydney,2016,3454,Male,18-22
Kenya,Singapore,Singapore,2019,2218,Male,18-22
Bangladesh,South Africa,Cape Town,2018,1338,Female,18-22
Turkey,Netherlands,Eindhoven,2017,1537,Male,27+
Kenya,Australia,Sydney,2015,2999,Female,18-22
Turkey,South Korea,Daejeon,2020,2670,Female,18-22
Brazil,UAE,Sharjah,2016,623,Male,18-22
Kenya,Spain,Valencia,2018,1599,Male,18-22
Nepal,USA,Boston,2018,6207,Female,18-22
Nepal,Russia,Moscow,2023,1874,Male,23-26
Bangladesh,Finland,Helsinki,2016,616,Male,18-22
Turkey,South Africa,Johannesburg,2016,1355,Female,23-26
India,France,Lyon,2020,7898,Male,18-22
India,South Africa,Pretoria,2018,3189,Female,23-26
Turkey,Japan,Tokyo,2023,3557,Male,18-22
India,Finland,Tampere,2017,1352,Female,18-22
Kenya,Ireland,Dublin,2017,815,Female,18-22
Brazil,Russia,Kazan,2017,1503,Male,23-26
Vietnam,Australia,Sydney,2018,3469,Male,27+
India,UK,London,2022,11781,Male,23-26
Brazil,Italy,Florence,2024,2441,Male,23-26
Brazil,Japan,Osaka,2023,3080,Female,18-22
Pakistan,UAE,Abu Dhabi,2016,890,Male,18-22
Nepal,Norway,Bergen,2016,959,Male,27+
Nigeria,Germany,Hamburg,2024,5221,Male,18-22
Pakistan,UAE,Abu Dhabi,2024,973,Male,23-26
Turkey,Russia,St. Petersburg,2024,2139,Female,18-22
Vietnam,South Korea,Busan,2023,2712,Female,27+
India,Canada,Montreal,2020,8309,Male,23-26
Pakistan,Netherlands,Amsterdam,2020,2516,Male,18-22
Brazil,Sweden,Stockholm,2021,1528,Female,23-26
Nigeria,Russia,Moscow,2024,3378,Male,18-22
Kenya,Finland,Turku,2015,564,Non-binary,18-22
Kenya,UAE,Abu Dhabi,2017,899,Female,18-22
Nigeria,Ireland,Dublin,2016,1203,Male,18-22
Pakistan,Singapore,Singapore,2017,2003,Male,27+
India,South Africa,Cape Town,2017,2797,Female,18-22
Bangladesh,India,Delhi,2017,1108,Male,23-26
Pakistan,Italy,Rome,2017,2417,Female,23-26
Kenya,Italy,Florence,2019,1679,Male,23-26
Kenya,Spain,Valencia,2023,2668,Female,18-22
India,South Korea,Daejeon,2021,7177,Female,18-22
Kenya,Italy,Rome,2019,2543,Male,18-22
India,USA,New York,2016,15105,Male,18-22
China,UK,Manchester,2021,9120,Female,23-26
Vietnam,Italy,Milan,2016,1665,Female,23-26
Turkey,Singapore,Singapore,2016,1891,Male,27+
Brazil,Finland,Turku,2023,855,Male,23-26
Vietnam,Australia,Brisbane,2024,4459,Female,18-22
Vietnam,South Korea,Seoul,2018,2962,Male,27+
Turkey,Sweden,Uppsala,2016,1589,Male,18-22
India,Singapore,Singapore,2015,4308,Male,23-26
Vietnam,South Africa,Johannesburg,2019,1380,Male,18-22
Pakistan,Spain,Madrid,2020,1900,Male,23-26
Kenya,India,Mumbai,2016,1125,Female,18-22
Kenya,Finland,Tampere,2016,473,Female,23-26
Brazil,South Africa,Johannesburg,2020,1902,Male,18-22
Brazil,Singapore,Singapore,2018,2204,Male,23-26
Nepal,South Africa,Johannesburg,2018,1083,Male,23-26
China,South Korea,Seoul,2015,4163,Female,18-22
Brazil,South Africa,Johannesburg,2017,1725,Non-binary,27+
India,France,Paris,2021,8366,Male,18-22
China,Spain,Barcelona,2017,4297,Non-binary,18-22
Kenya,Netherlands,Rotterdam,2018,1524,Female,27+
Brazil,Ireland,Cork,2016,652,Female,23-26
Nigeria,South Africa,Pretoria,2024,2722,Male,27+
China,UK,Birmingham,2017,6888,Male,23-26
China,Finland,Tampere,2020,1108,Female,23-26
Kenya,Sweden,Stockholm,2024,1903,Male,23-26
China,Japan,Osaka,2023,6330,Female,18-22
Vietnam,UK,London,2020,5337,Male,18-22
China,Sweden,Uppsala,2021,3510,Male,23-26
Vietnam,Norway,Oslo,2017,1083,Male,18-22
Vietnam,UK,Birmingham,2016,3542,Male,23-26
Turkey,France,Lyon,2015,2523,Female,18-22
China,South Korea,Busan,2015,3771,Male,23-26
India,South Korea,Seoul,2015,4921,Female,23-26
Bangladesh,Netherlands,Rotterdam,2015,1421,Male,23-26
Bangladesh,Finland,Tampere,2019,554,Male,18-22
China,Canada,Montreal,2015,6118,Male,18-22
China,South Korea,Daejeon,2018,4464,Female,27+
India,Ireland,Dublin,2018,1877,Female,18-22
Brazil,UAE,Sharjah,2024,1228,Female,23-26
Nepal,Italy,Florence,2023,2762,Female,23-26
India,Italy,Florence,2021,6226,Male,23-26
Bangladesh,Norway,Trondheim,2023,1622,Male,23-26
Kenya,Norway,Bergen,2022,1320,Male,18-22
Bangladesh,Ireland,Cork,2021,941,Female,18-22
Nepal,Finland,Helsinki,2018,752,Male,27+
Nigeria,UK,Manchester,2016,6237,Male,18-22
Nigeria,Norway,Oslo,2015,1341,Male,18-22
Pakistan,Australia,Brisbane,2016,4049,Female,23-26
Turkey,Norway,Trondheim,2015,1261,Male,18-22
Vietnam,UK,Manchester,2021,4337,Male,23-26
Bangladesh,Russia,Kazan,2016,982,Female,18-22
Vietnam,USA,Boston,2022,7987,Female,18-22
Turkey,South Africa,Cape Town,2016,963,Male,23-26
Nepal,Canada,Vancouver,2017,1810,Male,18-22
Vietnam,Spain,Barcelona,2018,1811,Male,18-22
Brazil,Netherlands,Amsterdam,2023,2218,Female,18-22
Nigeria,South Africa,Johannesburg,2023,2852,Male,23-26
Turkey,Netherlands,Rotterdam,2018,1551,Male,18-22
Vietnam,Singapore,Singapore,2021,1845,Male,18-22
Kenya,Netherlands,Eindhoven,2016,1784,Male,18-22
Kenya,France,Paris,2020,3632,Male,23-26
Nepal,Finland,Tampere,2023,650,Male,27+
Turkey,UAE,Dubai,2016,857,Male,18-22
Bangladesh,South Africa,Pretoria,2022,1540,Male,18-22
Brazil,Australia,Sydney,2021,3360,Female,18-22
Pakistan,Finland,Helsinki,2015,385,Female,18-22
China,Canada,Montreal,2015,4404,Male,18-22
Pakistan,Germany,Frankfurt,2015,1965,Male,18-22
Turkey,India,Delhi,2015,1003,Female,18-22
Nigeria,Japan,Osaka,2016,3656,Male,18-22
Turkey,UK,London,2016,4663,Female,23-26
Vietnam,Russia,Kazan,2020,1842,Female,18-22
Vietnam,Japan,Tokyo,2019,2369,Female,18-22
Nepal,Ireland,Galway,2018,685,Female,18-22
China,Norway,Bergen,2017,2485,Non-binary,18-22
China,Spain,Madrid,2024,5922,Male,18-22
Vietnam,Norway,Bergen,2023,1785,Male,18-22
Nepal,Sweden,Uppsala,2020,1010,Male,18-22
Kenya,Spain,Valencia,2020,1848,Female,18-22
Vietnam,Germany,Hamburg,2018,3244,Female,23-26
Nepal,Canada,Toronto,2016,2322,Male,18-22
Kenya,Australia,Brisbane,2017,3692,Female,18-22
Brazil,Germany,Munich,2016,2157,Male,23-26
Turkey,Russia,Moscow,2019,1830,Female,18-22
India,Italy,Milan,2024,5915,Female,18-22
Kenya,India,Bangalore,2020,1086,Male,18-22
Pakistan,Italy,Rome,2016,2536,Male,23-26
Kenya,South Korea,Seoul,2024,2205,Male,18-22
Turkey,UK,Birmingham,2017,4754,Female,23-26
India,Spain,Madrid,2021,6627,Female,18-22
Nigeria,Canada,Toronto,2019,5788,Male,18-22
Brazil,India,Mumbai,2016,1105,Female,18-22
China,South Korea,Seoul,2015,4599,Female,18-22
Pakistan,Ireland,Cork,2019,729,Male,23-26
Pakistan,Sweden,Uppsala,2016,1123,Male,23-26
Nepal,Spain,Valencia,2020,2902,Male,18-22
India,Sweden,Gothenburg,2020,4182,Female,23-26
Pakistan,Norway,Oslo,2021,1544,Male,23-26
China,Finland,Turku,2021,1268,Male,18-22
China,South Africa,Cape Town,2023,3292,Male,18-22
Brazil,Norway,Oslo,2020,1353,Male,23-26
Pakistan,UAE,Sharjah,2017,745,Female,23-26
Nepal,France,Paris,2020,3115,Male,18-22
Vietnam,Canada,Toronto,2016,3848,Male,18-22
India,South Africa,Cape Town,2022,3860,Male,23-26
Kenya,Sweden,Uppsala,2024,2150,Female,23-26
Brazil,Netherlands,Amsterdam,2015,1825,Male,18-22
Vietnam,USA,Los Angeles,2021,6352,Female,18-22
Nepal,Spain,Barcelona,2024,3260,Male,18-22
Brazil,Germany,Berlin,2021,2936,Male,23-26
Kenya,Netherlands,Eindhoven,2019,1918,Female,18-22
China,Spain,Barcelona,2019,5004,Female,23-26
Kenya,Norway,Oslo,2015,1237,Male,27+
India,Australia,Brisbane,2024,11455,Female,23-26
Nigeria,Germany,Berlin,2024,4866,Female,18-22
China,Italy,Rome,2024,4706,Female,23-26
Kenya,UK,London,2018,3484,Male,23-26
Turkey,Australia,Brisbane,2020,3828,Male,18-22
Turkey,Ireland,Galway,2017,918,Male,23-26
Pakistan,UK,Manchester,2020,3534,Female,18-22
Vietnam,Norway,Bergen,2016,915,Female,18-22
China,Russia,Moscow,2015,2696,Female,18-22
Vietnam,Spain,Barcelona,2024,3101,Female,18-22
Bangladesh,UK,London,2021,4749,Female,23-26
Turkey,France,Lyon,2016,3218,Female,18-22
Kenya,Ireland,Dublin,2019,794,Female,18-22
Vietnam,France,Paris,2024,4665,Male,18-22
Pakistan,Russia,St. Petersburg,2020,2394,Female,18-22
Nigeria,Sweden,Stockholm,2022,2686,Female,18-22
Nepal,South Korea,Daejeon,2023,3192,Male,18-22
Kenya,Sweden,Stockholm,2023,1688,Female,18-22
Kenya,UAE,Sharjah,2022,1120,Male,18-22
Brazil,India,Delhi,2020,1151,Male,23-26
Pakistan,Finland,Turku,2023,530,Female,18-22
Brazil,Finland,Tampere,2021,569,Male,27+
Pakistan,India,Mumbai,2017,1288,Female,18-22
Brazil,Canada,Vancouver,2021,3937,Male,18-22
Nigeria,Finland,Tampere,2017,1023,Male,23-26
Brazil,USA,New York,2023,7033,Male,18-22
Nigeria,Russia,Kazan,2023,3986,Male,23-26
China,UK,London,2019,7930,Male,18-22
Kenya,Norway,Bergen,2021,1165,Male,18-22
Pakistan,Ireland,Dublin,2018,760,Male,23-26
Turkey,Canada,Vancouver,2024,4231,Male,18-22
Pakistan,Singapore,Singapore,2017,1922,Female,23-26
China,UK,Manchester,2019,7535,Female,23-26
India,UAE,Abu Dhabi,2020,2582,Male,18-22
India,Russia,St. Petersburg,2020,4630,Female,18-22
China,South Africa,Cape Town,2021,2836,Female,23-26
Vietnam,France,Lyon,2017,3119,Female,27+
Nigeria,Italy,Rome,2019,2895,Female,18-22
Turkey,South Africa,Pretoria,2021,1531,Female,23-26
Bangladesh,France,Lyon,2016,3024,Male,18-22
Vietnam,Singapore,Singapore,2018,1960,Female,18-22
China,Ireland,Cork,2021,1890,Male,27+
India,South Africa,Pretoria,2023,4317,Female,23-26
Kenya,India,Bangalore,2015,1211,Female,18-22
China,Italy,Milan,2015,3358,Male,18-22
China,South Africa,Cape Town,2019,3008,Male,23-26
Kenya,India,Bangalore,2015,1165,Female,23-26
Bangladesh,South Africa,Johannesburg,2022,1518,Male,18-22
Brazil,UK,London,2017,3740,Female,23-26
Nigeria,Canada,Montreal,2023,6509,Non-binary,23-26
Turkey,Finland,Helsinki,2020,580,Female,23-26
India,Japan,Kyoto,2016,5645,Male,18-22
Brazil,UK,Manchester,2016,4773,Female,18-22
Brazil,South Korea,Daejeon,2023,2647,Male,18-22
Nepal,Germany,Frankfurt,2015,1768,Female,18-22
Pakistan,Italy,Florence,2021,1586,Female,18-22
China,Ireland,Cork,2016,1576,Female,23-26
Pakistan,Japan,Tokyo,2016,3347,Male,18-22
Pakistan,Norway,Trondheim,2023,1786,Female,23-26
China,UK,London,2015,6580,Male,23-26
India,South Africa,Pretoria,2022,4582,Female,18-22
India,Japan,Osaka,2020,6761,Female,23-26
China,France,Paris,2024,8419,Male,18-22
Pakistan,Sweden,Gothenburg,2021,1414,Female,18-22
Bangladesh,Spain,Valencia,2016,1568,Female,18-22
Turkey,Norway,Oslo,2018,1064,Male,18-22
Nigeria,Norway,Trondheim,2015,1861,Male,23-26
Pakistan,Italy,Florence,2017,2091,Male,18-22
Nigeria,Canada,Montreal,2015,5188,Female,18-22
Bangladesh,Norway,Bergen,2019,1331,Male,23-26
Turkey,Spain,Barcelona,2020,2237,Female,27+
Brazil,France,Paris,2015,2355,Male,18-22
Nepal,Russia,St. Petersburg,2020,1687,Female,23-26
Bangladesh,South Africa,Cape Town,2022,1500,Female,27+
Brazil,Netherlands,Rotterdam,2019,1749,Female,18-22
India,Norway,Oslo,2021,3310,Male,23-26
Pakistan,UAE,Sharjah,2016,990,Male,27+
Vietnam,Singapore,Singapore,2021,1790,Female,18-22
Kenya,Australia,Sydney,2017,3583,Male,18-22
Nepal,Australia,Brisbane,2018,3859,Female,23-26
Nigeria,Australia,Melbourne,2021,5730,Female,18-22
Pakistan,Japan,Osaka,2020,2803,Male,18-22
Brazil,Singapore,Singapore,2018,1555,Male,23-26
India,Japan,Osaka,2024,7945,Male,18-22
Brazil,Spain,Barcelona,2017,2724,Male,18-22
India,South Korea,Seoul,2021,6688,Female,18-22
Nigeria,UAE,Sharjah,2018,1228,Male,18-22
Brazil,South Korea,Busan,2015,1647,Male,18-22
Turkey,Finland,Turku,2021,595,Male,23-26
Brazil,Canada,Montreal,2024,4347,Female,18-22
Turkey,Japan,Osaka,2021,3316,Female,23-26
Nepal,India,Bangalore,2018,1200,Male,18-22
China,France,Marseille,2017,5204,Male,27+
Turkey,Finland,Helsinki,2024,795,Female,23-26
Nepal,South Africa,Cape Town,2019,1223,Male,18-22
Turkey,Norway,Oslo,2022,1582,Female,18-22
Vietnam,South Korea,Busan,2017,2464,Female,18-22
Pakistan,France,Paris,2019,3257,Female,18-22
Nigeria,Germany,Hamburg,2020,4858,Male,18-22
Nepal,Spain,Valencia,2016,1605,Male,18-22
Brazil,Singapore,Singapore,2016,1452,Male,23-26
Nepal,Russia,Kazan,2016,1226,Female,18-22
Turkey,Netherlands,Eindhoven,2020,2093,Male,23-26
Brazil,Netherlands,Amsterdam,2015,1978,Female,18-22
Pakistan,Spain,Barcelona,2017,2149,Female,23-26
Vietnam,South Korea,Seoul,2019,2144,Male,27+
Pakistan,Italy,Rome,2022,2896,Female,18-22
Vietnam,Japan,Tokyo,2020,2263,Female,18-22
Nigeria,South Korea,Daejeon,2019,3157,Male,23-26
Nepal,Finland,Helsinki,2024,492,Male,18-22
Brazil,Japan,Kyoto,2018,3064,Female,18-22
Nigeria,Norway,Oslo,2015,1851,Female,23-26
Nigeria,Italy,Rome,2019,2900,Male,18-22
Brazil,Sweden,Uppsala,2016,1209,Female,27+
Nepal,Singapore,Singapore,2024,2300,Female,18-22
Bangladesh,France,Marseille,2020,4241,Male,23-26
Brazil,Ireland,Cork,2019,947,Female,23-26
China,South Korea,Seoul,2020,4699,Female,18-22
China,USA,New York,2017,10882,Female,18-22
China,USA,Boston,2020,12896,Female,23-26
Nigeria,Italy,Milan,2016,3095,Male,18-22
Bangladesh,Canada,Vancouver,2017,3853,Male,23-26
Brazil,Germany,Hamburg,2018,3551,Female,18-22
Brazil,Finland,Turku,2018,672,Male,18-22
Brazil,Ireland,Cork,2024,1214,Female,23-26
Bangladesh,USA,Chicago,2016,4086,Male,18-22
Bangladesh,Canada,Vancouver,2017,3962,Female,23-26
Turkey,Spain,Valencia,2024,2995,Female,23-26
Turkey,Germany,Munich,2024,3546,Male,18-22
Nepal,Germany,Munich,2022,4131,Female,18-22
Vietnam,Canada,Toronto,2018,3089,Male,23-26
Vietnam,Sweden,Gothenburg,2015,1193,Female,27+
China,Netherlands,Eindhoven,2022,4225,Female,18-22
China,Italy,Florence,2020,4463,Female,18-22
Vietnam,Finland,Helsinki,2015,526,Female,18-22
Vietnam,Singapore,Singapore,2021,2567,Female,18-22
China,Singapore,Singapore,2021,3851,Female,18-22
Nepal,Singapore,Singapore,2023,1910,Male,23-26
Nepal,Netherlands,Eindhoven,2022,1738,Female,18-22
India,Norway,Bergen,2016,2787,Male,18-22
Nepal,UAE,Abu Dhabi,2023,989,Female,18-22
Nigeria,Australia,Sydney,2017,5061,Female,23-26
Vietnam,Japan,Tokyo,2022,3228,Male,23-26
India,Netherlands,Eindhoven,2019,4262,Male,18-22
China,Spain,Barcelona,2016,3781,Female,27+
Nigeria,Spain,Madrid,2023,4222,Female,18-22
Kenya,Spain,Valencia,2021,2121,Male,18-22
Kenya,Russia,Kazan,2017,1670,Non-binary,18-22
Kenya,Ireland,Galway,2021,948,Male,18-22
Nepal,India,Bangalore,2017,1007,Female,18-22
India,Canada,Montreal,2021,10162,Male,23-26
Kenya,UAE,Sharjah,2024,1173,Female,27+
Kenya,India,Bangalore,2016,1198,Male,23-26
Nigeria,South Korea,Seoul,2023,4459,Male,18-22
India,Sweden,Stockholm,2021,3969,Male,18-22
China,Netherlands,Eindhoven,2015,2375,Male,23-26
Kenya,Germany,Munich,2021,3194,Female,23-26
Vietnam,France,Marseille,2022,4138,Female,23-26
Bangladesh,Norway,Trondheim,2019,1499,Female,18-22
Brazil,Ireland,Dublin,2022,952,Female,18-22
Kenya,Russia,Moscow,2023,2121,Male,18-22
Bangladesh,UK,London,2018,3975,Male,18-22
Turkey,India,Delhi,2020,1389,Non-binary,23-26
Bangladesh,India,Mumbai,2017,841,Male,23-26
Kenya,Australia,Melbourne,2022,4920,Male,18-22
Kenya,Australia,Brisbane,2022,3464,Female,18-22
Turkey,UK,Birmingham,2015,3330,Male,18-22
Pakistan,South Korea,Seoul,2022,2664,Female,18-22
Kenya,South Korea,Busan,2016,2681,Female,27+
Kenya,Canada,Toronto,2023,4428,Male,27+
Turkey,UAE,Abu Dhabi,2022,1213,Female,18-22
Bangladesh,Sweden,Stockholm,2021,1981,Male,18-22
Nepal,Italy,Rome,2016,1915,Female,27+
Nepal,India,Mumbai,2016,1427,Male,18-22
Turkey,South Korea,Busan,2020,2193,Male,23-26
Turkey,Canada,Vancouver,2018,3403,Male,18-22
China,Japan,Osaka,2024,6682,Male,18-22
China,Russia,Kazan,2015,2824,Male,23-26
India,Canada,Toronto,2015,8189,Male,23-26
Turkey,USA,Chicago,2020,5714,Male,23-26
Nigeria,Russia,Moscow,2022,2853,Female,18-22
Vietnam,Singapore,Singapore,2023,1688,Female,23-26
Pakistan,UK,Manchester,2015,2740,Male,18-22
Bangladesh,Spain,Barcelona,2024,2813,Non-binary,23-26
Brazil,Australia,Melbourne,2017,3173,Female,18-22
Bangladesh,Canada,Vancouver,2015,4361,Male,23-26
Vietnam,India,Mumbai,2016,1208,Male,23-26
India,Ireland,Cork,2018,2038,Male,27+
Brazil,India,Bangalore,2021,1746,Male,23-26
Nepal,Germany,Hamburg,2020,2478,Male,23-26
China,Ireland,Cork,2023,1764,Female,18-22
Nigeria,South Korea,Seoul,2023,4442,Female,18-22
India,Singapore,Singapore,2017,4048,Male,18-22
Nepal,Singapore,Singapore,2023,2562,Female,18-22
Kenya,Ireland,Dublin,2015,670,Female,18-22
Kenya,India,Mumbai,2023,1489,Male,18-22
Vietnam,Spain,Madrid,2017,2230,Male,18-22
Nepal,Japan,Tokyo,2016,2233,Male,18-22
Vietnam,Finland,Turku,2021,635,Female,18-22
Vietnam,Norway,Trondheim,2018,1264,Male,23-26
China,Australia,Melbourne,2016,6734,Male,23-26
China,UK,London,2022,9523,Non-binary,18-22
India,Canada,Vancouver,2016,8755,Male,18-22
Pakistan,USA,Los Angeles,2024,7241,Male,18-22
Bangladesh,UK,Manchester,2023,5232,Female,18-22
Nigeria,Spain,Valencia,2017,3687,Female,18-22
Brazil,USA,Chicago,2017,6960,Female,18-22
Nigeria,Russia,Moscow,2017,2717,Non-binary,23-26
Nigeria,Ireland,Dublin,2023,1776,Non-binary,23-26
Pakistan,Italy,Rome,2020,2450,Female,23-26
Kenya,Australia,Sydney,2019,3229,Female,18-22
Kenya,USA,Los Angeles,2015,6602,Male,18-22
India,Sweden,Stockholm,2022,4377,Male,18-22
Vietnam,Italy,Florence,2017,2366,Male,18-22
Kenya,Norway,Oslo,2024,1378,Male,18-22
Bangladesh,Germany,Munich,2018,3701,Male,18-22
Kenya,Norway,Bergen,2019,1440,Male,18-22
Kenya,Japan,Osaka,2016,2359,Male,27+
China,South Korea,Daejeon,2016,4562,Female,18-22
Vietnam,France,Lyon,2023,4094,Male,27+
Pakistan,Australia,Sydney,2015,3202,Female,23-26
Bangladesh,Australia,Melbourne,2024,3916,Female,23-26
Vietnam,France,Lyon,2019,2109,Male,27+
Brazil,France,Paris,2020,3172,Male,18-22
Brazil,Norway,Trondheim,2016,910,Female,18-22
Turkey,Germany,Berlin,2022,2657,Male,18-22
China,Russia,Kazan,2016,3094,Male,18-22
Kenya,South Africa,Cape Town,2023,1226,Male,18-22
Pakistan,Ireland,Dublin,2017,855,Female,23-26
Vietnam,Australia,Melbourne,2023,3411,Male,18-22
Turkey,France,Marseille,2018,3651,Male,27+
Kenya,South Africa,Pretoria,2023,1298,Male,23-26
Nepal,Germany,Berlin,2023,3620,Female,23-26
Nigeria,Russia,Moscow,2019,2821,Male,18-22
China,Singapore,Singapore,2015,2287,Male,23-26
Brazil,UK,Manchester,2016,3479,Female,18-22
Nigeria,Singapore,Singapore,2016,2301,Male,27+
Brazil,India,Bangalore,2022,935,Male,18-22
Vietnam,South Africa,Pretoria,2023,1770,Female,27+
Pakistan,Singapore,Singapore,2016,1673,Male,18-22
India,Ireland,Dublin,2022,2380,Female,18-22
Vietnam,Russia,Moscow,2016,1758,Female,27+
Bangladesh,Spain,Barcelona,2015,1434,Male,18-22
Nigeria,Spain,Valencia,2016,3891,Female,23-26
India,Sweden,Uppsala,2023,4585,Female,27+
China,Japan,Osaka,2018,5560,Female,18-22
China,Netherlands,Amsterdam,2021,4113,Male,23-26
India,Germany,Berlin,2017,5825,Male,18-22
Vietnam,Singapore,Singapore,2020,1997,Female,18-22
Turkey,Singapore,Singapore,2016,1280,Female,18-22
Pakistan,Ireland,Dublin,2015,742,Female,18-22
Nigeria,UK,Manchester,2019,6905,Male,18-22
Brazil,Ireland,Galway,2024,1053,Female,23-26
Nigeria,South Africa,Johannesburg,2018,2181,Male,18-22
Pakistan,Ireland,Dublin,2016,581,Non-binary,23-26
Turkey,Germany,Berlin,2017,2724,Female,18-22
India,Spain,Barcelona,2023,7255,Female,18-22
Nepal,Spain,Valencia,2016,1737,Male,18-22
Bangladesh,Norway,Trondheim,2016,1068,Female,23-26
Vietnam,Ireland,Galway,2016,430,Female,18-22
Nigeria,Australia,Sydney,2018,5592,Male,23-26
Vietnam,South Africa,Cape Town,2020,1430,Female,23-26
Bangladesh,Ireland,Galway,2015,814,Female,18-22
India,South Korea,Daejeon,2021,6589,Male,27+
Kenya,South Korea,Busan,2022,2692,Male,23-26
Nigeria,South Africa,Cape Town,2020,2281,Female,18-22
Pakistan,UK,London,2023,4899,Male,18-22
Turkey,Italy,Rome,2020,2610,Female,23-26
Kenya,India,Delhi,2018,1324,Female,23-26
China,Sweden,Gothenburg,2016,2579,Female,18-22
Turkey,Norway,Bergen,2017,859,Female,18-22
Kenya,South Africa,Pretoria,2024,2103,Female,18-22
China,Norway,Oslo,2022,3006,Male,18-22
Vietnam,UAE,Sharjah,2016,978,Male,23-26
Nigeria,Australia,Brisbane,2023,6710,Female,18-22
Nepal,Spain,Barcelona,2024,3023,Male,23-26
China,Spain,Valencia,2020,5132,Male,18-22
Kenya,UK,London,2023,5073,Male,18-22
Bangladesh,Canada,Montreal,2016,4219,Male,18-22
Brazil,India,Delhi,2022,1597,Female,27+
India,Australia,Melbourne,2019,8432,Female,18-22
Nigeria,South Korea,Seoul,2018,2832,Male,18-22
Brazil,USA,Chicago,2019,5135,Male,23-26
Nepal,Germany,Berlin,2018,2532,Female,23-26
China,India,Bangalore,2017,2162,Male,23-26
Vietnam,Germany,Hamburg,2022,3421,Female,18-22
Pakistan,UAE,Sharjah,2016,902,Male,27+
Brazil,Singapore,Singapore,2019,2054,Female,23-26
Turkey,UK,Birmingham,2024,4210,Female,18-22
India,Spain,Madrid,2016,5171,Male,18-22
China,South Africa,Johannesburg,2017,2893,Female,23-26
Vietnam,Norway,Oslo,2023,1490,Male,18-22
Bangladesh,Russia,St. Petersburg,2018,2106,Male,23-26
Vietnam,France,Lyon,2022,4335,Male,18-22
Pakistan,Sweden,Gothenburg,2021,1549,Male,18-22
Vietnam,UAE,Abu Dhabi,2023,1027,Non-binary,18-22
China,UK,Manchester,2019,9740,Female,18-22
Turkey,Singapore,Singapore,2017,1657,Male,23-26
Bangladesh,Canada,Montreal,2019,3248,Non-binary,18-22
Turkey,Italy,Florence,2024,2789,Male,23-26
Nepal,France,Lyon,2022,3408,Male,18-22
Nepal,Germany,Berlin,2016,1814,Male,27+
Vietnam,Canada,Toronto,2022,4447,Female,18-22
Vietnam,Ireland,Dublin,2018,750,Male,23-26
Pakistan,Germany,Berlin,2024,3981,Male,23-26
Vietnam,Canada,Toronto,2018,3556,Female,18-22
Pakistan,France,Marseille,2016,1629,Male,18-22
Vietnam,Spain,Madrid,2018,1728,Male,23-26
China,Japan,Tokyo,2024,6273,Male,18-22
Bangladesh,Norway,Bergen,2024,1754,Male,18-22
Nigeria,Sweden,Uppsala,2024,2871,Male,18-22
India,India,Mumbai,2019,2877,Female,18-22
Nepal,South Korea,Daejeon,2018,1905,Male,23-26
Bangladesh,UK,Birmingham,2021,5623,Male,23-26
Vietnam,France,Paris,2018,3597,Male,23-26
Bangladesh,South Korea,Seoul,2018,2567,Male,27+
Bangladesh,Australia,Melbourne,2024,4689,Male,18-22
Bangladesh,UAE,Sharjah,2017,850,Female,23-26
Turkey,Finland,Tampere,2016,369,Female,18-22
India,Norway,Oslo,2019,3934,Female,23-26
Kenya,Norway,Trondheim,2015,915,Male,23-26
Bangladesh,Netherlands,Rotterdam,2023,1990,Female,23-26
Brazil,Ireland,Dublin,2023,862,Female,18-22
Bangladesh,France,Paris,2017,2858,Male,18-22
India,South Korea,Seoul,2016,4944,Male,18-22
Brazil,Sweden,Uppsala,2019,1474,Male,23-26
Vietnam,Italy,Milan,2016,1394,Female,27+
Turkey,South Africa,Pretoria,2015,1213,Male,18-22
Nigeria,Norway,Trondheim,2022,2121,Male,23-26
Turkey,UAE,Dubai,2015,655,Male,27+
Bangladesh,Canada,Vancouver,2015,3182,Female,18-22
Brazil,Ireland,Dublin,2021,741,Male,23-26
India,South Africa,Cape Town,2024,3993,Female,23-26
Vietnam,Spain,Barcelona,2024,3091,Female,23-26
Nigeria,Japan,Kyoto,2017,3361,Female,23-26
Pakistan,Japan,Osaka,2020,3115,Male,18-22
Kenya,Norway,Oslo,2017,1344,Male,18-22
Nepal,Finland,Turku,2024,810,Male,18-22
Vietnam,South Africa,Pretoria,2022,1461,Female,18-22
China,Netherlands,Eindhoven,2019,3243,Male,18-22
Kenya,France,Marseille,2024,3653,Female,18-22
India,Ireland,Cork,2016,2086,Male,23-26
Bangladesh,Singapore,Singapore,2016,1931,Female,18-22
Vietnam,Spain,Madrid,2023,2620,Male,18-22
Pakistan,South Korea,Daejeon,2024,2920,Female,18-22
Nepal,Sweden,Uppsala,2016,1389,Female,18-22
Bangladesh,Russia,Moscow,2018,1437,Male,27+
Brazil,Norway,Bergen,2023,1728,Male,18-22
Kenya,USA,New York,2017,5760,Male,18-22
India,South Korea,Busan,2023,6853,Male,18-22
Pakistan,Sweden,Stockholm,2015,1407,Female,27+
Kenya,UK,London,2019,3720,Female,23-26
India,Ireland,Cork,2019,2197,Female,18-22
Pakistan,Russia,Kazan,2019,1820,Male,18-22
Nepal,Singapore,Singapore,2015,1538,Male,18-22
Nepal,Italy,Rome,2015,1062,Male,23-26
Nepal,Japan,Kyoto,2019,3637,Male,23-26
Kenya,France,Marseille,2023,3901,Male,18-22
Nigeria,Italy,Florence,2015,2397,Male,18-22
Kenya,South Africa,Pretoria,2023,1096,Female,18-22
Nepal,Sweden,Gothenburg,2015,1527,Male,18-22
India,India,Delhi,2024,3539,Male,27+
Nigeria,Australia,Melbourne,2020,4724,Male,18-22
Brazil,Singapore,Singapore,2017,1546,Non-binary,18-22
Kenya,Italy,Milan,2022,2195,Female,27+
Brazil,Canada,Montreal,2021,3216,Male,18-22
Turkey,Germany,Berlin,2016,2703,Male,23-26
Brazil,Finland,Helsinki,2022,632,Male,23-26
Bangladesh,Ireland,Dublin,2022,991,Female,18-22
India,France,Marseille,2016,7668,Male,23-26
India,Ireland,Cork,2016,2035,Female,23-26
Kenya,Spain,Barcelona,2021,2478,Male,27+
Nepal,South Africa,Cape Town,2022,1980,Female,18-22
Bangladesh,UAE,Dubai,2023,982,Female,18-22
Turkey,South Africa,Johannesburg,2024,1440,Female,18-22
Brazil,Germany,Munich,2020,3202,Female,18-22
Vietnam,India,Mumbai,2021,982,Female,23-26
India,Germany,Berlin,2015,6467,Male,23-26
Pakistan,Russia,St. Petersburg,2021,2004,Male,27+
Nepal,Ireland,Dublin,2020,795,Female,18-22
Kenya,Sweden,Uppsala,2019,1526,Non-binary,23-26
India,Australia,Sydney,2018,8048,Male,23-26
China,Spain,Barcelona,2020,4791,Male,18-22
Pakistan,Canada,Toronto,2022,4602,Female,18-22
Nigeria,UAE,Dubai,2023,1513,Male,18-22
Nigeria,France,Lyon,2023,6134,Male,18-22
Nigeria,Finland,Turku,2021,1066,Male,18-22
Vietnam,Japan,Tokyo,2024,3035,Female,23-26
Nigeria,Japan,Osaka,2022,4222,Male,18-22
Nigeria,Germany,Hamburg,2016,3884,Male,18-22
Turkey,UAE,Dubai,2016,823,Female,23-26
Kenya,India,Delhi,2022,981,Male,23-26
Vietnam,Russia,Moscow,2015,1607,Female,23-26
Vietnam,South Africa,Johannesburg,2022,1563,Non-binary,18-22
India,Japan,Osaka,2015,6619,Male,23-26
Kenya,Singapore,Singapore,2018,1834,Male,18-22
Pakistan,Singapore,Singapore,2022,2154,Male,18-22
Vietnam,Ireland,Galway,2023,1019,Male,18-22
India,Netherlands,Eindhoven,2018,4911,Female,27+
Pakistan,USA,New York,2022,6360,Male,23-26
Nigeria,Canada,Montreal,2021,5678,Female,18-22
Nigeria,Singapore,Singapore,2024,3367,Female,23-26
Vietnam,Ireland,Dublin,2023,999,Male,23-26
Bangladesh,UAE,Abu Dhabi,2020,1047,Male,18-22
Pakistan,USA,Boston,2020,6729,Male,23-26
India,Australia,Melbourne,2024,10951,Male,18-22
Pakistan,Japan,Kyoto,2023,3607,Female,18-22
Brazil,Canada,Montreal,2019,3020,Female,23-26
China,Netherlands,Rotterdam,2016,3252,Female,18-22
Brazil,Netherlands,Amsterdam,2018,1803,Female,23-26
India,Italy,Rome,2021,5734,Female,23-26
Brazil,Sweden,Stockholm,2022,1897,Female,18-22
Brazil,Germany,Frankfurt,2022,4390,Male,23-26
Turkey,Netherlands,Eindhoven,2019,1897,Female,18-22
Nepal,UAE,Dubai,2017,1180,Male,18-22
Bangladesh,UAE,Sharjah,2016,1154,Male,18-22
Kenya,Sweden,Stockholm,2020,1012,Male,23-26
Kenya,Finland,Helsinki,2017,718,Female,18-22
India,Ireland,Dublin,2022,2269,Male,18-22
Kenya,Netherlands,Eindhoven,2015,1402,Male,18-22
Kenya,Canada,Vancouver,2021,4086,Female,18-22
China,Finland,Turku,2017,1233,Female,18-22
Pakistan,South Korea,Daejeon,2024,2818,Male,23-26
India,USA,Boston,2022,16487,Male,23-26
Pakistan,Ireland,Dublin,2020,1122,Female,23-26
Nigeria,France,Lyon,2017,4207,Male,18-22
Vietnam,Norway,Oslo,2019,1254,Male,18-22
China,USA,New York,2024,14039,Female,18-22
Kenya,Norway,Bergen,2021,1231,Male,18-22
China,Spain,Barcelona,2017,3864,Female,18-22
Vietnam,Japan,Tokyo,2021,2683,Male,23-26
Brazil,UK,Birmingham,2017,4187,Male,27+
Brazil,Japan,Osaka,2020,2191,Male,18-22
Pakistan,Germany,Hamburg,2024,4285,Male,23-26
Brazil,Sweden,Uppsala,2023,1778,Female,23-26
Turkey,Netherlands,Amsterdam,2016,1334,Male,18-22
Nepal,Ireland,Galway,2016,408,Female,27+
Turkey,Spain,Valencia,2023,2760,Female,18-22
Brazil,France,Paris,2022,4178,Female,23-26
Kenya,Australia,Melbourne,2015,4269,Male,23-26
India,South Korea,Busan,2018,5703,Female,23-26
Bangladesh,Singapore,Singapore,2016,2246,Female,18-22
China,Italy,Rome,2024,5281,Male,18-22
Nepal,Ireland,Dublin,2016,639,Female,23-26
Pakistan,Italy,Milan,2016,2147,Female,27+
China,Netherlands,Rotterdam,2020,3447,Male,18-22
Vietnam,Spain,Madrid,2021,2898,Female,23-26
Nigeria,Norway,Trondheim,2017,1736,Female,23-26
Pakistan,Italy,Florence,2021,2388,Male,23-26
Vietnam,Russia,St. Petersburg,2019,1716,Male,18-22
India,South Korea,Busan,2017,4931,Male,18-22
Pakistan,South Africa,Johannesburg,2018,1870,Female,23-26
Pakistan,Spain,Barcelona,2017,2631,Female,18-22
Nepal,Norway,Oslo,2023,1557,Male,23-26
China,Canada,Vancouver,2019,7172,Female,23-26
India,France,Paris,2018,6810,Male,18-22
India,Canada,Toronto,2017,8134,Male,18-22
Nigeria,Singapore,Singapore,2016,2433,Male,23-26
Brazil,Australia,Melbourne,2023,3684,Male,18-22
Turkey,Russia,Moscow,2017,1864,Female,18-22
Nigeria,France,Paris,2021,4326,Female,18-22
Nepal,Spain,Barcelona,2022,2982,Female,23-26
Vietnam,Ireland,Galway,2023,855,Male,27+
Vietnam,South Korea,Busan,2024,2344,Female,23-26
India,France,Marseille,2015,6898,Male,18-22
Nigeria,UAE,Abu Dhabi,2019,1272,Female,18-22
Kenya,India,Bangalore,2019,1246,Female,18-22
Turkey,India,Delhi,2016,1267,Female,18-22
Pakistan,Italy,Rome,2022,3207,Female,18-22
Pakistan,Norway,Bergen,2024,2083,Female,23-26
Kenya,South Africa,Pretoria,2021,1542,Female,23-26
Vietnam,Germany,Frankfurt,2022,2720,Female,18-22
Nepal,USA,Los Angeles,2018,5718,Female,18-22
Bangladesh,Italy,Milan,2018,2177,Female,23-26
Brazil,Finland,Helsinki,2020,732,Female,18-22
Brazil,Australia,Melbourne,2020,2782,Male,18-22
India,UK,Birmingham,2024,12491,Male,18-22
Turkey,Italy,Florence,2022,2838,Female,23-26
China,Russia,Kazan,2018,3672,Female,18-22
Vietnam,Sweden,Gothenburg,2017,1582,Female,18-22
India,Japan,Tokyo,2023,7322,Male,18-22
Bangladesh,Norway,Bergen,2018,1208,Male,18-22
Turkey,Norway,Trondheim,2021,1185,Male,23-26
Kenya,Singapore,Singapore,2017,1245,Male,18-22
India,France,Marseille,2018,7336,Female,23-26
India,UAE,Sharjah,2023,3095,Female,23-26
China,France,Paris,2019,6796,Male,18-22
Kenya,South Africa,Pretoria,2021,1395,Female,18-22
Nepal,South Africa,Johannesburg,2015,1006,Female,23-26
Kenya,Ireland,Dublin,2021,1073,Non-binary,23-26
Nepal,Canada,Vancouver,2024,4205,Male,18-22
Kenya,Singapore,Singapore,2017,1828,Male,23-26
Nepal,Netherlands,Eindhoven,2015,1630,Female,23-26
Vietnam,India,Mumbai,2017,1287,Female,23-26
Vietnam,UK,Manchester,2022,5459,Female,18-22
Brazil,France,Marseille,2017,3238,Male,27+
Vietnam,South Africa,Johannesburg,2024,1224,Male,27+
Vietnam,Russia,Moscow,2022,1704,Female,23-26
Kenya,UAE,Sharjah,2023,1317,Female,18-22
Bangladesh,Germany,Hamburg,2017,2680,Female,23-26
Turkey,Canada,Montreal,2017,3117,Male,23-26
Nigeria,USA,Los Angeles,2016,7890,Non-binary,18-22
Nepal,UAE,Sharjah,2018,1074,Male,27+
Bangladesh,Russia,Kazan,2017,1725,Male,27+
Bangladesh,France,Paris,2018,3906,Male,18-22
Kenya,Norway,Trondheim,2016,1021,Non-binary,27+
Nepal,France,Lyon,2019,3215,Female,23-26
India,Singapore,Singapore,2024,5506,Male,18-22
Brazil,Ireland,Cork,2021,955,Female,18-22
Bangladesh,UK,Birmingham,2016,4486,Female,23-26
China,UAE,Sharjah,2015,1695,Female,18-22
Turkey,Australia,Brisbane,2024,3646,Female,18-22
Nigeria,Norway,Trondheim,2021,1963,Male,18-22
Vietnam,Germany,Munich,2024,4566,Male,23-26
Vietnam,Ireland,Galway,2023,1006,Female,23-26
Nigeria,South Korea,Daejeon,2023,3624,Male,18-22
Brazil,South Korea,Seoul,2023,2934,Male,18-22
Turkey,USA,Los Angeles,2015,3975,Male,18-22
Nepal,India,Delhi,2021,1281,Female,23-26
Nigeria,India,Delhi,2019,1434,Female,18-22
Kenya,Germany,Munich,2024,3601,Female,27+
India,Australia,Brisbane,2017,8637,Female,23-26
China,Norway,Bergen,2018,2677,Female,18-22
India,Norway,Oslo,2016,2924,Male,23-26
Bangladesh,France,Paris,2024,2968,Male,27+
China,UK,Birmingham,2020,8756,Male,27+
Pakistan,France,Paris,2016,3117,Male,18-22
Nepal,Australia,Brisbane,2024,4242,Female,27+
Pakistan,Norway,Trondheim,2023,1676,Male,23-26
Nepal,South Korea,Seoul,2024,3036,Female,23-26
Bangladesh,Japan,Kyoto,2023,2644,Female,18-22
Nigeria,India,Bangalore,2019,1793,Female,23-26
Pakistan,Australia,Melbourne,2023,3811,Male,18-22
Brazil,Germany,Munich,2018,2098,Male,18-22
Nepal,Russia,St. Petersburg,2021,1604,Non-binary,23-26
China,India,Delhi,2015,2210,Male,23-26
Nigeria,Ireland,Cork,2022,1437,Female,23-26
Nepal,UK,London,2023,5656,Female,23-26
Nigeria,Japan,Tokyo,2017,3846,Non-binary,18-22
Turkey,Japan,Kyoto,2019,2165,Female,18-22
Turkey,Sweden,Stockholm,2017,1398,Female,18-22
Nigeria,UAE,Dubai,2015,1406,Female,18-22
Brazil,South Korea,Busan,2020,2274,Female,23-26
Nepal,Australia,Sydney,2024,4693,Male,18-22
India,Canada,Montreal,2021,9979,Male,23-26
Kenya,Finland,Turku,2022,600,Female,27+
China,Russia,St. Petersburg,2023,3879,Female,23-26
Brazil,Germany,Frankfurt,2023,3201,Female,18-22
Turkey,Canada,Toronto,2023,3693,Male,23-26
Nigeria,Netherlands,Eindhoven,2021,2919,Male,23-26
Kenya,Germany,Munich,2018,2656,Female,18-22
Nigeria,Russia,Kazan,2017,2278,Male,18-22
Vietnam,South Africa,Pretoria,2022,1419,Female,18-22
Kenya,USA,Los Angeles,2022,8120,Male,23-26
Pakistan,South Africa,Cape Town,2016,1017,Female,18-22
Kenya,Russia,Moscow,2021,1670,Male,18-22
India,UAE,Dubai,2021,2395,Female,18-22
Vietnam,UAE,Dubai,2023,1044,Female,23-26
Nepal,South Africa,Cape Town,2024,2046,Male,23-26
Nigeria,USA,New York,2022,9403,Male,18-22
China,South Korea,Seoul,2020,5026,Male,23-26
Nepal,Finland,Turku,2021,495,Female,23-26
Nepal,Spain,Valencia,2017,2348,Female,23-26
Nigeria,Australia,Brisbane,2024,6421,Female,23-26
Brazil,Canada,Montreal,2018,3194,Male,18-22
China,Russia,Moscow,2022,4503,Female,27+
India,Russia,Moscow,2018,4172,Male,23-26
Turkey,South Korea,Daejeon,2015,2669,Male,18-22
Brazil,Russia,St. Petersburg,2015,1484,Female,23-26
Nepal,USA,Boston,2017,7064,Female,18-22
Kenya,UAE,Abu Dhabi,2017,881,Male,27+
India,France,Marseille,2017,8359,Female,18-22
Turkey,Singapore,Singapore,2022,2353,Male,23-26
Bangladesh,USA,Boston,2021,6547,Female,18-22
Bangladesh,India,Mumbai,2020,1464,Male,18-22
Pakistan,UK,London,2017,3907,Male,18-22
Kenya,Australia,Brisbane,2016,2819,Female,18-22
China,Japan,Kyoto,2022,6723,Female,27+
Vietnam,Norway,Trondheim,2017,1064,Male,18-22
China,Ireland,Dublin,2022,1921,Male,23-26
Kenya,Ireland,Cork,2016,839,Male,18-22
Brazil,Italy,Rome,2023,1868,Male,18-22
Brazil,Netherlands,Rotterdam,2023,1782,Female,23-26
India,Australia,Melbourne,2019,8917,Male,18-22
Nigeria,Japan,Osaka,2020,3828,Female,23-26
Pakistan,Finland,Turku,2021,641,Female,23-26
Kenya,Spain,Valencia,2023,2948,Male,23-26
Turkey,Canada,Vancouver,2016,1547,Female,23-26
Vietnam,UAE,Abu Dhabi,2021,1379,Male,18-22
Vietnam,Singapore,Singapore,2020,1333,Male,18-22
Kenya,UAE,Abu Dhabi,2021,1050,Female,18-22
Vietnam,France,Paris,2018,3484,Male,23-26
Turkey,Singapore,Singapore,2022,2384,Male,23-26
Nigeria,UK,London,2022,6503,Male,18-22
India,UAE,Sharjah,2017,2331,Male,18-22
India,UK,Manchester,2017,9661,Male,18-22
India,Spain,Valencia,2022,6295,Male,18-22
Turkey,Italy,Florence,2015,1968,Female,18-22
India,Singapore,Singapore,2024,5761,Male,18-22
Brazil,Japan,Kyoto,2024,4172,Female,18-22
Brazil,Germany,Hamburg,2020,4265,Male,18-22
China,France,Paris,2016,5669,Male,23-26
Nepal,Singapore,Singapore,2022,2300,Male,18-22
Bangladesh,Germany,Berlin,2017,2704,Female,18-22
China,Australia,Sydney,2018,6656,Female,23-26
Nigeria,South Korea,Daejeon,2016,3139,Female,23-26
Brazil,Australia,Brisbane,2022,3939,Male,18-22
Pakistan,Ireland,Galway,2017,759,Female,23-26
Kenya,India,Delhi,2023,1746,Female,18-22
Brazil,Australia,Sydney,2021,4035,Female,23-26
Turkey,Australia,Sydney,2021,4502,Female,18-22
Pakistan,UAE,Sharjah,2018,607,Male,23-26
Vietnam,France,Paris,2024,4551,Non-binary,18-22
Bangladesh,South Africa,Pretoria,2021,1326,Male,23-26
Kenya,UAE,Sharjah,2023,1256,Female,18-22
Vietnam,India,Bangalore,2021,1280,Male,18-22
China,Ireland,Dublin,2024,2127,Male,18-22
India,India,Mumbai,2019,3176,Male,18-22
Pakistan,UAE,Dubai,2016,683,Female,18-22
China,South Korea,Seoul,2017,4927,Male,23-26
Pakistan,UK,London,2019,4198,Male,18-22
Pakistan,Japan,Tokyo,2016,2916,Male,18-22
China,UK,Birmingham,2018,7823,Male,18-22
Vietnam,South Korea,Seoul,2022,2239,Female,18-22
Nepal,Canada,Toronto,2017,3177,Male,18-22
Nepal,Singapore,Singapore,2015,1299,Male,23-26
India,UK,London,2016,9691,Male,18-22
Brazil,Germany,Munich,2015,3180,Non-binary,23-26
Kenya,Italy,Rome,2019,2259,Male,18-22
India,Singapore,Singapore,2018,4317,Male,27+
Vietnam,Ireland,Dublin,2018,596,Male,23-26
India,Norway,Trondheim,2021,3722,Female,27+
Pakistan,USA,Boston,2015,5675,Female,23-26
Vietnam,Australia,Brisbane,2017,4108,Male,23-26
Bangladesh,Ireland,Cork,2022,1091,Male,23-26
Turkey,Spain,Barcelona,2018,2013,Male,23-26
Pakistan,Finland,Turku,2021,497,Male,18-22
Turkey,Singapore,Singapore,2021,2088,Female,23-26
Brazil,India,Delhi,2017,1061,Female,18-22
Vietnam,Italy,Rome,2021,2617,Male,18-22
China,South Africa,Cape Town,2020,2786,Female,23-26
Pakistan,Netherlands,Eindhoven,2019,1624,Male,23-26
Nepal,Singapore,Singapore,2020,2113,Female,23-26
India,Germany,Hamburg,2023,9178,Male,18-22
Turkey,UK,London,2017,4130,Female,23-26
Kenya,Singapore,Singapore,2021,2239,Male,18-22
Brazil,Germany,Munich,2016,2895,Female,23-26
India,Germany,Berlin,2024,10006,Male,18-22
Pakistan,UK,Manchester,2015,3678,Male,18-22
China,India,Bangalore,2023,3155,Female,18-22
Vietnam,Italy,Milan,2022,2519,Male,23-26
Nepal,USA,Los Angeles,2024,8207,Female,23-26
China,Ireland,Galway,2015,1516,Male,27+
Bangladesh,Ireland,Cork,2016,616,Male,18-22
India,France,Lyon,2024,10127,Female,23-26
Nigeria,Spain,Valencia,2016,3151,Female,18-22
Nigeria,France,Marseille,2022,5375,Female,23-26
India,Finland,Turku,2017,1365,Male,18-22
Nigeria,UK,London,2017,4404,Male,23-26
Nepal,Australia,Brisbane,2019,4343,Female,23-26
Nepal,UAE,Dubai,2020,1093,Male,23-26
Kenya,Italy,Milan,2024,3188,Female,23-26
Nepal,France,Marseille,2018,3772,Male,23-26
Kenya,UK,Birmingham,2018,4240,Male,18-22
Kenya,Singapore,Singapore,2018,1681,Male,23-26
Bangladesh,Russia,St. Petersburg,2016,1260,Female,18-22
India,UK,London,2018,9921,Female,23-26
Turkey,Italy,Milan,2018,2152,Male,18-22
Vietnam,Ireland,Galway,2018,800,Female,18-22
Pakistan,UAE,Sharjah,2022,1149,Male,18-22
Kenya,Russia,Kazan,2022,1508,Male,23-26
Kenya,Italy,Florence,2023,3159,Female,18-22
Bangladesh,Netherlands,Amsterdam,2020,1850,Female,18-22
Vietnam,UK,Manchester,2022,5043,Female,27+
Kenya,USA,Los Angeles,2022,6035,Male,23-26
Vietnam,South Africa,Pretoria,2019,1817,Male,23-26
Vietnam,Germany,Hamburg,2015,2193,Male,18-22
Pakistan,India,Mumbai,2019,1195,Female,18-22
China,France,Marseille,2024,8653,Male,23-26
India,Italy,Rome,2020,5773,Male,18-22
Vietnam,Italy,Florence,2015,2002,Female,23-26
Vietnam,India,Delhi,2016,1219,Female,23-26
Pakistan,Canada,Montreal,2019,5028,Male,23-26
Pakistan,UAE,Dubai,2023,1229,Male,18-22
Turkey,UK,Manchester,2020,5146,Male,23-26
Bangladesh,Italy,Florence,2017,1777,Male,18-22
Brazil,Japan,Tokyo,2015,1610,Female,18-22
Turkey,Italy,Milan,2017,1747,Female,18-22
Nepal,Sweden,Gothenburg,2021,1530,Male,23-26
Pakistan,Australia,Sydney,2019,3432,Male,23-26
Pakistan,Japan,Kyoto,2019,2745,Male,18-22
Nepal,Netherlands,Amsterdam,2019,1975,Female,18-22
Pakistan,Spain,Barcelona,2024,3354,Female,23-26
Turkey,UK,Birmingham,2015,3991,Male,18-22
Vietnam,Canada,Vancouver,2017,2104,Female,23-26
Bangladesh,India,Delhi,2020,1200,Male,23-26
Nigeria,Norway,Bergen,2020,2096,Female,23-26
Turkey,Canada,Vancouver,2023,4521,Female,23-26
India,Italy,Florence,2016,5466,Female,18-22
Nepal,India,Delhi,2021,1368,Female,23-26
Turkey,Norway,Oslo,2022,1104,Male,27+
Turkey,UAE,Abu Dhabi,2018,962,Female,18-22
Pakistan,Germany,Berlin,2015,2913,Male,18-22
Vietnam,France,Marseille,2022,3510,Female,18-22
Bangladesh,Singapore,Singapore,2021,2509,Female,18-22
India,Spain,Barcelona,2016,5044,Female,23-26
Nepal,South Africa,Pretoria,2024,1591,Male,27+
Bangladesh,France,Paris,2016,3056,Non-binary,18-22
India,South Africa,Cape Town,2022,4098,Male,23-26
Turkey,Netherlands,Eindhoven,2017,2223,Female,18-22
India,Ireland,Cork,2021,2614,Female,18-22
Pakistan,UK,Birmingham,2024,4940,Female,18-22
Kenya,UAE,Abu Dhabi,2015,694,Male,23-26
Kenya,Germany,Berlin,2022,2845,Male,23-26
Nepal,Netherlands,Amsterdam,2022,2187,Female,27+
India,UAE,Dubai,2021,2708,Female,18-22
Brazil,UAE,Sharjah,2017,798,Male,23-26
China,South Korea,Seoul,2023,6168,Male,23-26
China,USA,Boston,2022,16123,Non-binary,27+
Bangladesh,Germany,Hamburg,2021,2808,Female,18-22
India,Netherlands,Amsterdam,2019,3868,Female,18-22
Turkey,France,Paris,2017,3886,Male,18-22
China,Netherlands,Rotterdam,2016,3275,Male,23-26
China,Germany,Hamburg,2021,5906,Male,18-22
Pakistan,South Korea,Busan,2021,2288,Female,18-22
Pakistan,USA,Boston,2018,6256,Female,18-22
Nigeria,USA,Chicago,2017,9370,Female,18-22
Vietnam,USA,Boston,2018,6386,Female,18-22
China,UAE,Abu Dhabi,2017,1895,Female,18-22
Turkey,Russia,Moscow,2021,1939,Female,23-26
Brazil,USA,New York,2020,5862,Male,18-22
Kenya,Germany,Berlin,2023,3021,Male,23-26
India,Ireland,Galway,2024,2742,Male,18-22
China,UK,Manchester,2017,7656,Female,23-26
Nigeria,Sweden,Uppsala,2022,2471,Female,18-22
China,USA,Los Angeles,2023,13943,Male,27+
Nigeria,Ireland,Galway,2020,1418,Female,18-22
India,UAE,Sharjah,2020,2471,Female,18-22
Bangladesh,Sweden,Uppsala,2017,1253,Female,27+
Pakistan,Germany,Munich,2021,3185,Male,18-22
India,UK,Manchester,2015,9472,Male,18-22
Vietnam,South Africa,Pretoria,2016,794,Male,18-22
Kenya,Russia,Kazan,2018,1068,Female,18-22
Turkey,Ireland,Galway,2019,889,Female,23-26
China,USA,Boston,2015,8390,Male,18-22
Kenya,Netherlands,Amsterdam,2023,2216,Male,18-22
Bangladesh,Singapore,Singapore,2022,2326,Female,18-22
Brazil,Finland,Turku,2019,745,Male,18-22
Pakistan,France,Marseille,2024,4188,Female,23-26
India,Sweden,Stockholm,2015,2838,Female,27+
Nigeria,Sweden,Gothenburg,2019,2259,Female,18-22
Pakistan,Singapore,Singapore,2020,2187,Male,18-22
Pakistan,Spain,Barcelona,2017,1941,Male,18-22
Nepal,Netherlands,Rotterdam,2022,1995,Male,18-22
Bangladesh,India,Bangalore,2019,1085,Male,18-22
Nigeria,Australia,Brisbane,2015,4240,Male,18-22
China,Ireland,Dublin,2023,2252,Female,18-22
Kenya,Sweden,Uppsala,2015,1524,Male,18-22
India,South Africa,Cape Town,2022,3917,Male,23-26
Pakistan,Norway,Oslo,2022,1680,Female,18-22
India,Australia,Brisbane,2021,10698,Male,23-26
Vietnam,Ireland,Cork,2015,540,Female,18-22
Brazil,South Africa,Cape Town,2016,1125,Male,18-22
Nepal,Netherlands,Eindhoven,2015,1756,Female,18-22
Vietnam,Japan,Kyoto,2015,2180,Female,23-26
India,USA,Chicago,2016,12937,Female,23-26
Nepal,Canada,Montreal,2023,4702,Female,18-22
Bangladesh,South Korea,Daejeon,2018,2200,Male,18-22
India,South Korea,Busan,2022,6941,Female,18-22
Nigeria,Italy,Milan,2018,3327,Female,23-26
India,Singapore,Singapore,2016,4403,Female,23-26
Bangladesh,Canada,Vancouver,2020,3612,Female,18-22
Bangladesh,Finland,Turku,2019,676,Male,23-26
Pakistan,India,Mumbai,2016,601,Male,23-26
China,Sweden,Stockholm,2018,2628,Male,18-22
Turkey,Sweden,Gothenburg,2022,2078,Male,23-26
India,Canada,Toronto,2023,9996,Female,18-22
Brazil,Germany,Munich,2017,3178,Male,18-22
Kenya,Finland,Tampere,2019,648,Female,23-26
Brazil,South Korea,Busan,2022,1871,Female,23-26
Bangladesh,Norway,Trondheim,2016,611,Male,23-26
Bangladesh,France,Lyon,2024,3164,Female,23-26
Vietnam,Norway,Bergen,2021,1319,Male,18-22
Nigeria,India,Mumbai,2019,2060,Female,18-22
Bangladesh,Canada,Toronto,2017,4075,Male,18-22
Vietnam,Russia,Moscow,2017,1559,Male,18-22
Kenya,UK,London,2023,4595,Female,18-22
Nepal,USA,Chicago,2017,4624,Female,23-26
Nigeria,Australia,Melbourne,2016,5347,Male,23-26
Pakistan,Germany,Frankfurt,2016,2556,Female,27+
China,South Korea,Seoul,2023,6060,Female,27+
Vietnam,South Korea,Daejeon,2023,2849,Male,23-26
Bangladesh,Australia,Brisbane,2023,3252,Male,27+
Vietnam,USA,Los Angeles,2024,7235,Male,18-22
Brazil,UAE,Dubai,2016,1030,Female,18-22
Vietnam,Ireland,Galway,2020,1022,Female,18-22
China,Sweden,Stockholm,2016,2748,Female,18-22
Nigeria,Norway,Bergen,2020,2366,Male,18-22
Vietnam,South Africa,Pretoria,2020,1265,Male,18-22
Bangladesh,Ireland,Cork,2021,736,Female,27+
Turkey,Norway,Bergen,2015,586,Male,18-22
Nigeria,UK,London,2022,6400,Female,18-22
Nepal,Italy,Florence,2021,2416,Male,18-22
Bangladesh,UK,Manchester,2019,4551,Female,23-26
Nepal,UK,Birmingham,2023,4708,Male,18-22
Vietnam,UAE,Sharjah,2021,1276,Female,23-26
Brazil,Australia,Melbourne,2019,3673,Female,18-22
India,Russia,St. Petersburg,2021,4386,Female,18-22
Kenya,India,Delhi,2024,1308,Male,18-22
Turkey,Ireland,Dublin,2019,740,Male,27+
India,Australia,Brisbane,2024,10649,Female,18-22
Pakistan,Japan,Tokyo,2021,3409,Female,18-22
Pakistan,UK,Birmingham,2015,3433,Male,23-26
China,Spain,Barcelona,2020,5470,Male,18-22
Brazil,Japan,Kyoto,2019,3088,Female,23-26
Nepal,UK,Birmingham,2017,4013,Female,18-22
Nigeria,Ireland,Cork,2019,1309,Male,23-26
Kenya,Russia,Kazan,2021,2204,Female,18-22
China,Finland,Turku,2019,1146,Male,18-22
Bangladesh,India,Mumbai,2018,1208,Male,18-22
Kenya,Ireland,Dublin,2019,838,Male,18-22
Brazil,Spain,Madrid,2023,2994,Female,23-26
Vietnam,Spain,Barcelona,2016,1501,Male,23-26
China,Japan,Osaka,2015,4580,Male,18-22
Nepal,Norway,Oslo,2019,1375,Male,18-22
Bangladesh,UK,London,2019,4052,Male,18-22
Nigeria,South Africa,Johannesburg,2017,1994,Male,18-22
Pakistan,Canada,Toronto,2019,3640,Female,23-26
Pakistan,France,Lyon,2020,3332,Female,23-26
Nigeria,Italy,Milan,2016,2713,Female,18-22
Pakistan,Spain,Valencia,2015,1757,Male,18-22
Nigeria,Sweden,Uppsala,2017,2688,Male,18-22
India,Netherlands,Rotterdam,2023,5391,Female,18-22
Brazil,India,Bangalore,2017,1122,Female,27+
Turkey,UK,London,2024,3803,Male,18-22
Brazil,Russia,Kazan,2021,2265,Male,23-26
Nepal,South Africa,Pretoria,2021,1265,Female,18-22
Bangladesh,Canada,Toronto,2024,4891,Female,18-22
Nigeria,USA,Chicago,2023,11080,Female,18-22
Kenya,India,Mumbai,2017,950,Male,18-22
Kenya,Singapore,Singapore,2024,2526,Male,18-22
Bangladesh,Italy,Rome,2022,2073,Male,18-22
China,Canada,Montreal,2019,7067,Female,23-26
Bangladesh,USA,Los Angeles,2017,6957,Male,18-22
Kenya,South Korea,Daejeon,2018,2135,Male,18-22
Kenya,Japan,Kyoto,2019,3003,Female,27+
China,Netherlands,Amsterdam,2019,3614,Male,18-22
China,France,Lyon,2024,7365,Male,18-22
Vietnam,Germany,Berlin,2019,3256,Female,18-22
Nigeria,USA,Los Angeles,2024,10946,Non-binary,18-22
Bangladesh,South Africa,Pretoria,2018,1203,Male,18-22
Pakistan,South Korea,Busan,2018,2803,Male,18-22
Vietnam,South Africa,Pretoria,2019,1302,Male,18-22
China,UK,Birmingham,2022,9871,Female,23-26
Brazil,UAE,Dubai,2023,1198,Male,18-22
Nigeria,Sweden,Uppsala,2017,1974,Male,27+
Brazil,France,Paris,2016,2517,Male,18-22
Turkey,USA,Boston,2018,6024,Female,23-26
Nigeria,India,Mumbai,2017,1519,Female,23-26
Nepal,UAE,Sharjah,2020,776,Male,18-22
India,South Africa,Pretoria,2019,4083,Female,23-26
Nigeria,Finland,Helsinki,2022,1009,Female,18-22
Nigeria,USA,Chicago,2019,8521,Male,23-26
Kenya,USA,New York,2024,7542,Male,18-22
China,Sweden,Uppsala,2023,3735,Male,18-22
Kenya,Singapore,Singapore,2023,1912,Female,18-22
Pakistan,UAE,Dubai,2019,604,Male,23-26
Nigeria,South Africa,Cape Town,2021,2312,Female,18-22
Nigeria,Germany,Berlin,2023,4917,Female,18-22
Pakistan,Finland,Turku,2017,580,Male,23-26
China,Netherlands,Eindhoven,2023,3813,Male,23-26
Nigeria,USA,Los Angeles,2023,11136,Female,18-22
China,Russia,Kazan,2015,2660,Female,18-22
Nepal,Spain,Madrid,2016,2422,Female,23-26
Kenya,Singapore,Singapore,2024,2367,Female,27+
China,France,Paris,2016,5544,Female,18-22
Kenya,Norway,Bergen,2019,813,Non-binary,23-26
Kenya,India,Delhi,2019,1528,Female,23-26
Pakistan,Canada,Montreal,2021,4167,Female,23-26
Vietnam,UAE,Sharjah,2016,617,Male,23-26
Turkey,France,Marseille,2022,3398,Male,18-22
Pakistan,South Korea,Daejeon,2024,2972,Male,27+
India,Italy,Milan,2018,5197,Female,18-22
India,South Korea,Seoul,2019,5703,Male,18-22
Brazil,Japan,Osaka,2016,2642,Female,18-22
Pakistan,Spain,Madrid,2019,2381,Male,23-26
India,South Africa,Pretoria,2023,4265,Female,18-22
Vietnam,France,Paris,2024,4056,Female,23-26
Brazil,Netherlands,Rotterdam,2015,1252,Female,23-26
Vietnam,UAE,Sharjah,2015,832,Female,23-26
Nepal,Russia,Moscow,2023,2394,Male,23-26
India,India,Bangalore,2023,3611,Male,18-22
Vietnam,Germany,Hamburg,2019,3332,Female,27+
Pakistan,Japan,Osaka,2022,2492,Male,23-26
Vietnam,France,Marseille,2023,3124,Female,23-26
Nigeria,Singapore,Singapore,2015,2448,Female,23-26
China,Singapore,Singapore,2017,3228,Male,23-26
Kenya,Finland,Helsinki,2023,723,Male,18-22
India,Canada,Vancouver,2017,8294,Male,27+
India,South Africa,Johannesburg,2022,4149,Female,23-26
Nepal,Finland,Turku,2020,730,Male,18-22
Kenya,Australia,Melbourne,2016,2799,Male,18-22
China,Netherlands,Amsterdam,2022,4268,Female,18-22
Vietnam,UAE,Dubai,2015,864,Male,18-22
India,Japan,Osaka,2022,7451,Female,23-26
Pakistan,UK,Manchester,2020,3675,Male,23-26
Pakistan,Spain,Madrid,2020,2729,Female,23-26
Nepal,India,Mumbai,2017,1254,Male,27+
Turkey,Russia,St. Petersburg,2024,2371,Male,18-22
Vietnam,Australia,Sydney,2023,4309,Female,23-26
Nigeria,Germany,Munich,2024,5129,Female,27+
Kenya,UK,Birmingham,2023,5902,Male,18-22
Nepal,Sweden,Stockholm,2019,1768,Female,27+
Nepal,Sweden,Uppsala,2021,1396,Male,18-22
Pakistan,UAE,Abu Dhabi,2016,576,Non-binary,23-26
Pakistan,Germany,Hamburg,2021,3181,Male,18-22
Pakistan,Norway,Bergen,2019,1668,Male,18-22
Kenya,South Africa,Johannesburg,2019,1470,Female,18-22
Turkey,Singapore,Singapore,2015,2059,Female,27+
Nigeria,Ireland,Galway,2017,1119,Male,18-22
Nigeria,Japan,Kyoto,2021,4553,Female,27+
Vietnam,Germany,Hamburg,2015,2705,Female,18-22
China,Germany,Berlin,2021,6232,Female,18-22
India,Ireland,Cork,2023,2479,Male,18-22
Turkey,Spain,Barcelona,2022,2462,Female,18-22
Nigeria,Norway,Oslo,2024,2123,Female,23-26
India,Canada,Montreal,2015,7628,Female,18-22
Brazil,Russia,Kazan,2019,1635,Female,18-22
Brazil,South Africa,Johannesburg,2016,1258,Male,18-22
Pakistan,France,Lyon,2018,3084,Male,23-26
Nigeria,Spain,Barcelona,2016,3240,Female,18-22
Bangladesh,France,Marseille,2019,3265,Male,18-22
Turkey,Ireland,Galway,2022,1233,Female,23-26
Nigeria,South Korea,Daejeon,2021,4446,Female,23-26
India,Germany,Berlin,2018,8267,Male,23-26
India,Singapore,Singapore,2023,4755,Female,23-26
Pakistan,Ireland,Cork,2015,549,Male,18-22
Vietnam,Germany,Frankfurt,2024,4388,Male,18-22
Kenya,Italy,Rome,2018,2825,Male,23-26
Nepal,Italy,Milan,2020,2310,Male,18-22
Pakistan,Russia,Moscow,2017,1293,Female,27+
Nepal,Norway,Trondheim,2022,1429,Female,27+
Turkey,France,Paris,2017,3345,Male,18-22
Turkey,Japan,Tokyo,2023,2877,Female,18-22
Nepal,Finland,Helsinki,2015,554,Female,23-26
Kenya,Japan,Osaka,2015,1771,Female,23-26
China,Australia,Brisbane,2016,5858,Female,18-22
Pakistan,Spain,Valencia,2022,2978,Male,23-26
Turkey,Spain,Madrid,2020,2634,Male,18-22
India,Australia,Brisbane,2018,8413,Male,18-22
Brazil,South Korea,Seoul,2017,3513,Female,18-22
Vietnam,UAE,Dubai,2019,825,Male,18-22
Bangladesh,Sweden,Stockholm,2022,1612,Non-binary,23-26
India,Singapore,Singapore,2016,4022,Female,23-26
Turkey,Finland,Tampere,2024,813,Male,27+
Nigeria,France,Marseille,2017,4130,Female,18-22
India,USA,Chicago,2018,14623,Male,23-26
China,Sweden,Uppsala,2017,2983,Male,18-22
Bangladesh,Italy,Rome,2022,2054,Female,18-22
Nepal,Australia,Brisbane,2020,4016,Male,23-26
Bangladesh,Italy,Milan,2023,2888,Female,18-22
Bangladesh,Singapore,Singapore,2019,1634,Female,23-26
Nepal,India,Bangalore,2015,1230,Male,23-26
Pakistan,Australia,Melbourne,2015,2508,Male,23-26
Nepal,Finland,Turku,2023,609,Male,18-22
China,Canada,Vancouver,2016,6010,Female,27+
Nepal,Spain,Valencia,2021,2778,Female,18-22
Vietnam,Netherlands,Rotterdam,2021,1942,Female,18-22
China,India,Mumbai,2020,2753,Male,18-22
Turkey,Russia,Kazan,2018,2614,Female,18-22
Nigeria,Italy,Milan,2023,3798,Non-binary,23-26
Pakistan,South Korea,Seoul,2020,2319,Male,18-22
Pakistan,Ireland,Galway,2024,845,Female,18-22
Bangladesh,Russia,Moscow,2016,1644,Male,27+
Turkey,UK,London,2021,4745,Male,18-22
India,Germany,Hamburg,2020,7936,Female,18-22
India,Singapore,Singapore,2023,6301,Female,18-22
Pakistan,Japan,Tokyo,2023,3166,Male,18-22
Nepal,Spain,Barcelona,2015,2105,Female,18-22
China,South Korea,Daejeon,2017,4585,Female,18-22
China,Italy,Florence,2016,4190,Female,23-26
Turkey,India,Delhi,2023,1482,Female,18-22
India,Russia,St. Petersburg,2023,5483,Female,23-26
Vietnam,Germany,Hamburg,2023,3868,Female,18-22
Pakistan,UK,Manchester,2019,3707,Male,23-26
Vietnam,Germany,Berlin,2023,3126,Male,23-26
Vietnam,Canada,Vancouver,2023,4046,Female,18-22
Brazil,Russia,Kazan,2024,2978,Male,23-26
Bangladesh,Netherlands,Amsterdam,2017,1659,Female,27+
Pakistan,South Korea,Daejeon,2022,2655,Female,23-26
India,Italy,Rome,2015,4659,Male,23-26
Brazil,France,Lyon,2019,2893,Female,23-26
Vietnam,Singapore,Singapore,2024,2166,Male,18-22
India,UK,Birmingham,2018,9901,Female,18-22
Vietnam,UAE,Sharjah,2017,707,Male,23-26
Turkey,South Korea,Busan,2021,2268,Female,27+
Turkey,Sweden,Uppsala,2020,1811,Male,23-26
Turkey,Germany,Berlin,2016,2871,Male,23-26
Vietnam,Japan,Kyoto,2016,1732,Non-binary,18-22
India,Italy,Florence,2015,4571,Male,23-26
Kenya,UK,London,2020,4914,Non-binary,23-26
Pakistan,UK,Birmingham,2018,4354,Male,18-22
Nepal,Sweden,Uppsala,2016,1356,Male,23-26
Vietnam,UK,Birmingham,2016,4683,Female,18-22
Bangladesh,Ireland,Cork,2021,777,Female,18-22
China,Singapore,Singapore,2017,3939,Female,18-22
Turkey,South Korea,Busan,2023,2700,Female,18-22
Nepal,Italy,Milan,2018,2015,Male,18-22
Turkey,Russia,St. Petersburg,2024,2919,Male,23-26
Nepal,Sweden,Uppsala,2024,1757,Female,18-22
Nepal,Canada,Vancouver,2016,3200,Male,23-26
Pakistan,Netherlands,Eindhoven,2017,1807,Female,18-22
China,France,Marseille,2020,6567,Male,18-22
Brazil,Italy,Florence,2017,2127,Female,27+
Kenya,Netherlands,Eindhoven,2016,1846,Male,18-22
Nigeria,Italy,Milan,2016,2218,Male,18-22
China,Italy,Milan,2017,3597,Female,27+
Vietnam,Spain,Valencia,2022,2098,Male,18-22
Pakistan,UAE,Sharjah,2023,1253,Male,18-22
Pakistan,Spain,Valencia,2019,2468,Female,18-22
Turkey,Netherlands,Amsterdam,2017,1005,Female,18-22
Brazil,South Korea,Busan,2022,2822,Male,27+
Turkey,South Africa,Pretoria,2015,1193,Male,18-22
Turkey,UK,London,2022,5333,Male,23-26
Nigeria,Australia,Brisbane,2019,4848,Male,23-26
Kenya,India,Delhi,2022,955,Male,18-22
Brazil,India,Mumbai,2015,1349,Female,23-26
Brazil,Finland,Turku,2023,760,Female,18-22
Nepal,India,Bangalore,2017,984,Male,18-22
Turkey,Sweden,Stockholm,2019,2072,Male,18-22
Kenya,UAE,Abu Dhabi,2019,865,Male,23-26
Pakistan,Italy,Rome,2022,2664,Female,23-26
Bangladesh,South Africa,Johannesburg,2020,1042,Female,23-26
Brazil,UK,Birmingham,2023,4320,Male,18-22
Vietnam,Italy,Milan,2023,2867,Male,18-22
Pakistan,Spain,Madrid,2019,2010,Female,18-22
Kenya,Australia,Melbourne,2022,3859,Male,18-22
Kenya,South Africa,Cape Town,2022,1395,Male,18-22
Vietnam,Netherlands,Amsterdam,2024,2213,Male,18-22
Turkey,Sweden,Gothenburg,2016,992,Female,18-22
Turkey,Spain,Madrid,2019,2700,Female,27+
Turkey,Canada,Vancouver,2020,3182,Male,18-22
Bangladesh,Italy,Rome,2015,1907,Male,23-26
Kenya,South Korea,Seoul,2020,2455,Female,18-22
Nigeria,Norway,Oslo,2024,2490,Male,18-22
India,Finland,Helsinki,2023,1849,Female,18-22
Vietnam,Sweden,Stockholm,2023,2057,Female,18-22
Turkey,Spain,Barcelona,2019,1717,Female,23-26
Kenya,India,Bangalore,2022,1564,Female,18-22
India,South Korea,Seoul,2015,5061,Male,23-26
Bangladesh,India,Bangalore,2020,1167,Male,18-22
India,Canada,Toronto,2018,9908,Non-binary,23-26
China,South Korea,Busan,2022,4982,Male,23-26
Turkey,USA,Los Angeles,2015,5614,Female,27+
Nigeria,South Africa,Cape Town,2020,2148,Male,18-22
Pakistan,Ireland,Galway,2022,1024,Female,27+
Nigeria,Finland,Turku,2023,831,Male,18-22
Vietnam,Spain,Valencia,2018,2284,Male,23-26
Pakistan,UK,London,2017,3100,Female,18-22
Brazil,India,Delhi,2023,1599,Female,18-22
China,Norway,Bergen,2019,2482,Male,23-26
Bangladesh,USA,New York,2019,6368,Male,18-22
Nepal,India,Mumbai,2023,1181,Male,23-26
Turkey,Netherlands,Amsterdam,2017,1657,Male,18-22
Kenya,Netherlands,Rotterdam,2018,1042,Male,23-26
Nigeria,UK,Birmingham,2024,7821,Female,23-26
Turkey,Russia,St. Petersburg,2022,2110,Female,18-22
China,Singapore,Singapore,2020,4405,Male,23-26
Vietnam,South Africa,Johannesburg,2018,941,Female,23-26
Turkey,Australia,Melbourne,2016,4085,Male,18-22
Nepal,South Africa,Pretoria,2016,806,Female,23-26
China,UK,Birmingham,2018,7059,Female,27+
Kenya,Australia,Brisbane,2017,3462,Female,18-22
Turkey,Russia,Kazan,2020,2105,Male,18-22
Brazil,India,Bangalore,2017,1303,Male,27+
Turkey,France,Paris,2017,3017,Female,23-26
Nigeria,Russia,St. Petersburg,2018,2798,Male,27+
Nigeria,Singapore,Singapore,2022,3201,Male,23-26
Pakistan,UK,London,2019,4728,Male,18-22
Pakistan,South Korea,Busan,2016,2567,Male,18-22
Vietnam,Singapore,Singapore,2015,1783,Male,23-26
Kenya,Norway,Oslo,2016,1209,Male,18-22
Bangladesh,Finland,Tampere,2019,771,Female,18-22
China,Russia,Moscow,2020,3637,Female,27+
Pakistan,Canada,Toronto,2023,3989,Male,27+
China,Germany,Berlin,2022,5460,Female,18-22
Pakistan,Finland,Tampere,2016,393,Female,18-22
Turkey,Italy,Florence,2017,1944,Male,23-26
Kenya,Australia,Sydney,2022,3742,Male,18-22
Brazil,Sweden,Gothenburg,2023,1469,Male,18-22
Turkey,Singapore,Singapore,2023,2314,Female,23-26
Pakistan,India,Delhi,2017,606,Female,18-22
Nepal,Sweden,Gothenburg,2015,1285,Female,27+
Nepal,Australia,Sydney,2023,2343,Male,18-22
India,Spain,Barcelona,2020,5639,Female,23-26
Pakistan,Italy,Florence,2023,2829,Female,18-22
China,Germany,Berlin,2020,6715,Female,23-26
Turkey,South Africa,Johannesburg,2019,1779,Female,23-26
Pakistan,Sweden,Stockholm,2023,2119,Male,23-26
China,Australia,Sydney,2022,7666,Male,23-26
India,USA,Chicago,2019,14706,Male,18-22
India,France,Marseille,2022,9330,Male,18-22
India,UAE,Dubai,2021,2474,Female,18-22
Turkey,Russia,St. Petersburg,2016,748,Male,18-22
Brazil,Italy,Rome,2016,2330,Female,27+
China,UAE,Dubai,2023,2350,Female,23-26
Vietnam,Italy,Milan,2023,2141,Non-binary,18-22
Pakistan,India,Mumbai,2016,969,Male,18-22
Vietnam,Australia,Melbourne,2015,2467,Female,18-22
Turkey,Russia,Kazan,2021,2118,Female,23-26
Turkey,Spain,Barcelona,2021,2078,Female,18-22
Nigeria,Singapore,Singapore,2016,2547,Female,23-26
Bangladesh,Japan,Osaka,2019,2510,Male,23-26
Nigeria,UK,Birmingham,2018,7146,Female,18-22
Brazil,Singapore,Singapore,2023,2126,Female,23-26
Bangladesh,UAE,Dubai,2015,983,Male,23-26
Pakistan,UAE,Dubai,2018,1130,Male,27+
Brazil,Japan,Tokyo,2019,2263,Male,23-26
Brazil,Canada,Montreal,2016,2973,Female,23-26
Bangladesh,France,Lyon,2017,3531,Female,18-22
Nigeria,South Korea,Busan,2022,3880,Male,18-22
Nepal,Russia,Kazan,2017,2001,Male,18-22
China,Netherlands,Amsterdam,2021,3541,Male,18-22
China,South Korea,Seoul,2024,5635,Male,23-26
Bangladesh,Japan,Kyoto,2022,2871,Female,27+
Pakistan,Finland,Turku,2023,525,Male,18-22
Brazil,UAE,Sharjah,2021,993,Non-binary,23-26
Bangladesh,Australia,Melbourne,2018,3803,Female,18-22
Nepal,Italy,Florence,2021,2473,Female,23-26
Turkey,South Africa,Johannesburg,2023,1797,Female,18-22
Bangladesh,UK,Manchester,2016,3719,Male,27+
Bangladesh,Spain,Barcelona,2022,3026,Female,27+
Brazil,South Africa,Pretoria,2022,1487,Female,23-26
Brazil,Finland,Turku,2021,668,Male,18-22
Brazil,Singapore,Singapore,2015,2013,Male,18-22
China,Canada,Toronto,2017,6064,Female,18-22
Nigeria,Australia,Brisbane,2020,4923,Female,23-26
Nigeria,USA,Chicago,2021,9723,Male,18-22
Bangladesh,Sweden,Gothenburg,2018,1149,Female,18-22
Vietnam,UAE,Dubai,2022,1404,Female,18-22
Kenya,Sweden,Gothenburg,2021,1793,Male,18-22
Pakistan,UAE,Abu Dhabi,2020,1258,Male,18-22
Brazil,UAE,Abu Dhabi,2018,1003,Female,23-26
India,UAE,Sharjah,2023,2918,Male,18-22
Kenya,South Africa,Johannesburg,2016,1486,Male,27+
Pakistan,Japan,Kyoto,2024,2985,Male,18-22
Nigeria,Norway,Trondheim,2019,1652,Female,23-26
Nepal,Spain,Valencia,2024,3036,Male,27+
China,Australia,Brisbane,2023,8557,Male,18-22
Nigeria,Canada,Montreal,2022,6348,Male,23-26
Turkey,South Africa,Johannesburg,2023,1683,Female,23-26
Bangladesh,Netherlands,Eindhoven,2017,1456,Male,23-26
Brazil,Russia,Kazan,2021,1739,Female,23-26
Nigeria,UAE,Abu Dhabi,2023,1688,Female,18-22
Bangladesh,Spain,Barcelona,2024,2808,Male,18-22
Nigeria,Japan,Tokyo,2015,4277,Male,18-22
Kenya,Sweden,Uppsala,2016,1215,Male,18-22
Nigeria,South Korea,Busan,2022,3791,Female,27+
Vietnam,Australia,Brisbane,2018,3045,Female,18-22
Kenya,Singapore,Singapore,2020,1658,Female,27+
India,Finland,Helsinki,2022,1792,Male,23-26
Pakistan,Ireland,Dublin,2023,817,Male,18-22
Turkey,Singapore,Singapore,2018,1569,Male,18-22
Pakistan,Australia,Sydney,2020,4058,Female,27+
Vietnam,Ireland,Cork,2018,842,Male,18-22
Nepal,Italy,Florence,2019,2502,Male,23-26
Pakistan,Singapore,Singapore,2016,1404,Female,23-26
Nepal,Canada,Vancouver,2020,4295,Male,23-26
Pakistan,Ireland,Dublin,2015,672,Male,23-26
Pakistan,Japan,Osaka,2018,2475,Female,18-22
Nepal,India,Mumbai,2021,1186,Male,23-26
Nigeria,Germany,Hamburg,2017,4317,Female,18-22
Nigeria,Ireland,Galway,2021,1364,Female,18-22
Pakistan,Sweden,Stockholm,2017,1400,Male,18-22
Nigeria,Canada,Vancouver,2015,4406,Male,18-22
Kenya,Ireland,Galway,2020,799,Male,18-22
China,Sweden,Stockholm,2024,3717,Female,18-22
Turkey,USA,Chicago,2016,5741,Female,18-22
China,Sweden,Stockholm,2017,2888,Male,23-26
Brazil,Italy,Florence,2016,2425,Female,18-22
Kenya,Japan,Kyoto,2024,2941,Male,18-22
Brazil,UK,London,2015,4261,Male,23-26
Vietnam,Singapore,Singapore,2021,2438,Female,23-26
Vietnam,Japan,Kyoto,2017,3336,Male,23-26
Vietnam,Singapore,Singapore,2022,1842,Female,23-26
China,France,Lyon,2017,5754,Female,23-26
Nigeria,South Korea,Busan,2017,4155,Non-binary,18-22
Pakistan,USA,Los Angeles,2024,5506,Male,18-22
Bangladesh,South Africa,Pretoria,2016,1020,Female,23-26
Vietnam,South Africa,Johannesburg,2023,1651,Male,18-22
Bangladesh,Australia,Brisbane,2021,4160,Female,23-26
Pakistan,Singapore,Singapore,2016,1701,Female,18-22
India,Sweden,Stockholm,2022,4837,Female,18-22
Bangladesh,Canada,Montreal,2020,2652,Male,23-26
Brazil,Australia,Sydney,2017,3129,Female,18-22
China,Spain,Barcelona,2023,6065,Male,18-22
Nigeria,South Korea,Busan,2017,2638,Female,23-26
Bangladesh,Italy,Rome,2022,2751,Male,27+
Bangladesh,Finland,Turku,2019,587,Male,23-26
Kenya,South Korea,Busan,2017,2172,Female,23-26
Pakistan,Singapore,Singapore,2020,2251,Male,18-22
India,Norway,Oslo,2016,3079,Male,18-22
Nigeria,South Africa,Johannesburg,2019,1778,Male,27+
Brazil,Russia,Moscow,2024,2123,Female,23-26
Vietnam,France,Lyon,2015,3308,Female,23-26
India,Japan,Tokyo,2024,7221,Female,18-22
India,Germany,Berlin,2020,7822,Male,23-26
Turkey,Norway,Trondheim,2024,1285,Female,18-22
China,France,Marseille,2018,6599,Male,18-22
Nepal,Finland,Tampere,2018,654,Male,18-22
Nigeria,Finland,Tampere,2024,1166,Female,18-22
Turkey,Canada,Montreal,2024,3723,Male,18-22
Kenya,USA,Boston,2017,5101,Female,23-26
Turkey,South Korea,Busan,2021,2755,Female,23-26
Nigeria,UAE,Dubai,2018,1246,Female,18-22
Pakistan,Canada,Toronto,2024,5010,Female,27+
Turkey,Russia,Kazan,2019,2089,Female,18-22
China,Netherlands,Rotterdam,2023,4526,Female,27+
Kenya,Netherlands,Eindhoven,2018,1467,Female,23-26
Vietnam,UAE,Sharjah,2018,1013,Female,18-22
Vietnam,France,Paris,2015,887,Male,23-26
Bangladesh,Norway,Oslo,2016,1247,Female,18-22
Nigeria,Germany,Frankfurt,2015,3337,Female,23-26
Nepal,South Korea,Busan,2015,1708,Male,27+
Nepal,UAE,Sharjah,2021,1152,Male,27+
Nigeria,Germany,Frankfurt,2017,4001,Male,23-26
Nigeria,Spain,Barcelona,2019,3527,Female,18-22
Bangladesh,Spain,Valencia,2024,2970,Female,23-26
Pakistan,Australia,Brisbane,2022,4230,Male,18-22
Pakistan,Norway,Oslo,2019,1053,Female,18-22
Bangladesh,Spain,Barcelona,2019,2005,Female,18-22
Turkey,Ireland,Galway,2020,889,Male,18-22
Turkey,Japan,Kyoto,2019,2727,Male,18-22
Nepal,Sweden,Gothenburg,2017,2275,Female,23-26
Bangladesh,Netherlands,Eindhoven,2018,2433,Female,18-22
Turkey,Canada,Toronto,2024,4380,Female,23-26
Nepal,Finland,Turku,2022,603,Female,23-26
Pakistan,Netherlands,Eindhoven,2021,1890,Female,18-22
Bangladesh,Canada,Vancouver,2023,3759,Male,23-26
Bangladesh,India,Delhi,2019,1048,Male,23-26
India,South Korea,Daejeon,2016,5017,Male,18-22
Brazil,Germany,Berlin,2023,3802,Male,18-22
India,Norway,Bergen,2022,3675,Male,18-22
China,Russia,St. Petersburg,2024,4699,Female,23-26
Nepal,Sweden,Gothenburg,2023,2264,Female,18-22
Kenya,Germany,Munich,2015,1830,Male,23-26
Turkey,UK,Birmingham,2020,4002,Male,18-22
Pakistan,Japan,Osaka,2017,2706,Female,18-22
Vietnam,Italy,Milan,2018,2327,Female,23-26
India,UK,Manchester,2022,11219,Male,18-22
Kenya,USA,Boston,2023,6507,Male,23-26
Brazil,Canada,Toronto,2023,4963,Female,18-22
Turkey,Germany,Frankfurt,2022,3267,Male,18-22
Kenya,Ireland,Galway,2024,1068,Male,23-26
Bangladesh,Russia,Kazan,2020,1929,Male,23-26
Kenya,Canada,Vancouver,2015,3229,Female,27+
Kenya,Japan,Tokyo,2019,2514,Female,18-22
Nigeria,Finland,Helsinki,2020,950,Female,23-26
Kenya,UK,Manchester,2017,5115,Male,23-26
Vietnam,Japan,Osaka,2016,2517,Male,23-26
India,France,Paris,2017,7377,Male,18-22
China,Russia,Moscow,2016,3292,Male,23-26
Nepal,Sweden,Stockholm,2024,1982,Female,23-26
Vietnam,Ireland,Galway,2021,899,Female,27+
Turkey,Ireland,Cork,2020,939,Female,18-22
Brazil,South Africa,Pretoria,2023,1468,Female,27+
Nigeria,Singapore,Singapore,2022,3098,Male,27+
Nigeria,Germany,Hamburg,2023,5721,Female,23-26
Bangladesh,Australia,Brisbane,2019,3700,Female,18-22
Pakistan,Russia,Kazan,2019,1519,Male,23-26
India,Canada,Vancouver,2019,8956,Female,18-22
Turkey,Spain,Madrid,2024,3981,Female,18-22
Nepal,Norway,Trondheim,2024,1750,Female,27+
China,Singapore,Singapore,2023,4389,Non-binary,27+
Nepal,Japan,Kyoto,2023,2894,Female,18-22
Brazil,Spain,Valencia,2022,2737,Male,23-26
Turkey,Ireland,Galway,2015,881,Male,23-26
Vietnam,UAE,Abu Dhabi,2024,1032,Female,23-26
Pakistan,Norway,Bergen,2018,803,Female,18-22
Bangladesh,Sweden,Gothenburg,2022,1614,Female,27+
Nigeria,Japan,Kyoto,2016,2926,Male,23-26
Bangladesh,Russia,St. Petersburg,2024,2173,Male,18-22
India,Australia,Melbourne,2021,10691,Male,27+
Turkey,Singapore,Singapore,2020,2557,Non-binary,23-26
Brazil,Norway,Oslo,2015,1077,Female,18-22
Nepal,South Korea,Busan,2023,2861,Non-binary,18-22
Vietnam,South Africa,Johannesburg,2019,1451,Male,18-22
Vietnam,Japan,Osaka,2018,3235,Male,18-22
India,Japan,Tokyo,2020,7254,Male,23-26
Vietnam,Ireland,Galway,2020,843,Female,27+
Brazil,France,Paris,2019,3969,Male,18-22
Nepal,Ireland,Galway,2019,901,Male,23-26
Nigeria,Russia,St. Petersburg,2021,2906,Female,23-26
Nigeria,Ireland,Dublin,2015,905,Female,23-26
Nepal,Japan,Tokyo,2015,3143,Female,18-22
Nigeria,France,Marseille,2022,5412,Female,18-22
China,Italy,Milan,2022,5378,Male,18-22
Turkey,Spain,Madrid,2015,1291,Female,18-22
Nepal,South Korea,Busan,2021,3195,Male,18-22
Turkey,Russia,Kazan,2021,1518,Female,23-26
Bangladesh,Netherlands,Rotterdam,2017,1645,Female,23-26
Pakistan,Finland,Tampere,2018,557,Male,23-26
Kenya,Australia,Brisbane,2021,4600,Male,18-22
Nigeria,Canada,Vancouver,2016,5006,Female,23-26
China,Canada,Toronto,2018,7025,Male,18-22
Nigeria,Norway,Trondheim,2018,1827,Male,18-22
Bangladesh,South Africa,Cape Town,2018,1831,Female,23-26
China,South Africa,Pretoria,2016,2304,Male,18-22
Kenya,UK,Birmingham,2018,3441,Female,23-26
Pakistan,Japan,Kyoto,2018,2620,Female,18-22
Nepal,Italy,Florence,2017,1516,Female,18-22
Brazil,Ireland,Galway,2015,775,Female,18-22
Kenya,Netherlands,Amsterdam,2020,1957,Female,18-22
Bangladesh,Japan,Tokyo,2016,2153,Male,23-26
Vietnam,Canada,Toronto,2022,3796,Female,18-22
India,India,Delhi,2021,3378,Female,18-22
Nepal,Singapore,Singapore,2024,2324,Male,18-22
Vietnam,South Africa,Cape Town,2016,1396,Female,18-22
Nepal,Netherlands,Eindhoven,2020,2317,Female,18-22
Bangladesh,Finland,Helsinki,2022,599,Male,18-22
Bangladesh,Japan,Osaka,2020,2330,Female,18-22
Vietnam,Spain,Madrid,2023,3042,Male,23-26
Kenya,Russia,Moscow,2024,2154,Female,27+
Brazil,Netherlands,Amsterdam,2016,2056,Non-binary,18-22
Vietnam,Netherlands,Eindhoven,2018,1802,Female,23-26
Bangladesh,Canada,Vancouver,2018,5330,Male,18-22
China,Canada,Toronto,2020,6961,Male,23-26
Pakistan,Ireland,Dublin,2017,698,Female,23-26
China,Australia,Brisbane,2024,8230,Male,18-22
Brazil,India,Bangalore,2021,1260,Female,18-22
Nigeria,Sweden,Uppsala,2018,1892,Male,18-22
Nepal,South Korea,Seoul,2021,3150,Male,23-26
Vietnam,Australia,Brisbane,2015,2402,Male,23-26
Vietnam,Finland,Tampere,2021,617,Female,23-26
Pakistan,South Korea,Busan,2018,2068,Male,18-22
China,Singapore,Singapore,2016,3158,Male,18-22
China,Finland,Helsinki,2018,1195,Male,27+
Kenya,South Korea,Seoul,2016,1955,Male,18-22
Turkey,Canada,Montreal,2015,4982,Female,18-22
India,UAE,Sharjah,2019,2293,Male,18-22
Brazil,Japan,Osaka,2016,1572,Male,23-26
India,Sweden,Uppsala,2022,4214,Male,23-26
China,France,Paris,2016,5215,Female,18-22
Bangladesh,India,Bangalore,2019,1296,Male,23-26
Turkey,India,Delhi,2020,1378,Male,23-26
Bangladesh,Germany,Frankfurt,2024,3287,Female,18-22
Bangladesh,South Korea,Daejeon,2018,2873,Male,23-26
Vietnam,Singapore,Singapore,2017,1898,Male,18-22
India,South Korea,Daejeon,2023,7646,Male,18-22
Nepal,Russia,Moscow,2019,1440,Female,18-22
Turkey,France,Marseille,2019,2729,Female,23-26
Bangladesh,South Africa,Cape Town,2020,1542,Male,23-26
China,Ireland,Cork,2021,1867,Male,18-22
Kenya,UAE,Abu Dhabi,2015,848,Female,18-22
Vietnam,Canada,Toronto,2022,4508,Female,18-22
Pakistan,Canada,Toronto,2018,3001,Male,23-26
Bangladesh,India,Delhi,2021,1391,Male,18-22
Bangladesh,Canada,Montreal,2024,4155,Non-binary,18-22
Nigeria,Finland,Helsinki,2018,903,Female,27+
India,Japan,Osaka,2022,7382,Female,18-22
Vietnam,Japan,Tokyo,2017,3256,Female,18-22
Nigeria,USA,Chicago,2018,7214,Female,18-22
China,Japan,Tokyo,2024,6595,Male,27+
Nepal,Japan,Kyoto,2015,2052,Female,18-22
Brazil,Australia,Sydney,2016,3075,Male,27+
India,Japan,Kyoto,2021,7053,Female,18-22
China,Ireland,Cork,2015,1196,Female,23-26
Nigeria,France,Paris,2017,4136,Female,18-22
Brazil,South Korea,Busan,2018,2368,Female,23-26
China,Ireland,Dublin,2021,1681,Female,23-26
Nigeria,Ireland,Cork,2020,1414,Male,18-22
China,UK,Manchester,2017,8366,Male,23-26
Nepal,South Africa,Cape Town,2022,1919,Female,18-22
China,USA,New York,2022,13178,Male,18-22
Turkey,Finland,Helsinki,2023,680,Male,27+
Nepal,Russia,Moscow,2022,1463,Male,23-26
Vietnam,Italy,Florence,2023,2077,Female,23-26
Pakistan,Ireland,Dublin,2021,963,Female,18-22
India,USA,Chicago,2019,15119,Female,23-26
China,France,Lyon,2017,6889,Male,18-22
Nepal,USA,New York,2024,8469,Male,18-22
Vietnam,USA,New York,2019,7481,Female,23-26
China,Italy,Milan,2024,5426,Male,18-22
Pakistan,India,Delhi,2015,736,Male,18-22
Nigeria,South Africa,Johannesburg,2021,2390,Female,23-26
Bangladesh,India,Bangalore,2024,1322,Female,18-22
Turkey,Russia,Moscow,2020,1662,Female,18-22
Nepal,Norway,Oslo,2017,1136,Female,18-22
China,Singapore,Singapore,2022,4304,Female,18-22
Brazil,Singapore,Singapore,2022,1762,Female,23-26
Pakistan,Finland,Helsinki,2021,838,Male,18-22
Brazil,South Korea,Seoul,2016,1380,Female,18-22
China,Australia,Sydney,2022,8162,Non-binary,23-26
Kenya,Germany,Berlin,2023,3827,Male,18-22
Nigeria,Russia,Moscow,2021,2921,Male,23-26
Nepal,USA,New York,2023,6833,Non-binary,23-26
Turkey,Netherlands,Eindhoven,2020,1678,Female,18-22
Turkey,Finland,Turku,2020,572,Male,23-26
India,Russia,St. Petersburg,2017,4482,Male,23-26
Pakistan,Russia,St. Petersburg,2021,1979,Male,23-26
Kenya,South Korea,Busan,2022,2549,Female,18-22
Bangladesh,Finland,Helsinki,2021,769,Female,23-26
China,UAE,Abu Dhabi,2016,1581,Male,27+
Nigeria,Sweden,Uppsala,2019,2545,Male,23-26
Nepal,Singapore,Singapore,2020,2339,Male,18-22
Pakistan,Finland,Tampere,2021,521,Male,18-22
Bangladesh,Netherlands,Rotterdam,2021,1959,Female,18-22
Nigeria,USA,Chicago,2018,5784,Male,23-26
Vietnam,Italy,Florence,2022,2642,Male,23-26
Brazil,India,Delhi,2019,978,Female,23-26
India,Japan,Osaka,2017,6034,Female,23-26
China,South Africa,Cape Town,2018,2776,Male,18-22
India,Australia,Sydney,2019,8748,Female,18-22
Pakistan,USA,Los Angeles,2022,6116,Female,27+
China,Ireland,Galway,2015,1493,Female,18-22
Brazil,Finland,Tampere,2020,630,Female,18-22
Brazil,Italy,Florence,2023,2397,Male,27+
Kenya,India,Bangalore,2017,1203,Male,23-26
Nigeria,France,Marseille,2016,5386,Female,18-22
India,Canada,Montreal,2022,9910,Male,23-26
India,South Korea,Seoul,2022,6537,Female,18-22
Nepal,UK,London,2019,4721,Female,23-26
Kenya,Sweden,Gothenburg,2024,2113,Female,18-22
Kenya,Japan,Tokyo,2020,2736,Female,18-22
Vietnam,Norway,Bergen,2019,1211,Female,23-26
Vietnam,Ireland,Galway,2024,1070,Male,18-22
Nigeria,South Korea,Seoul,2015,2574,Female,27+
Vietnam,Italy,Florence,2024,2290,Male,18-22
China,Netherlands,Eindhoven,2018,3555,Female,23-26
Bangladesh,Australia,Melbourne,2015,3192,Male,18-22
Bangladesh,Spain,Madrid,2019,2433,Male,23-26
Pakistan,Sweden,Stockholm,2023,1897,Female,23-26
China,Norway,Bergen,2019,2728,Male,23-26
Pakistan,India,Delhi,2021,1190,Male,18-22
Kenya,UAE,Dubai,2017,1016,Female,18-22
Brazil,Italy,Rome,2019,1838,Male,27+
Pakistan,Australia,Sydney,2024,3850,Male,18-22
China,Spain,Valencia,2021,5395,Female,23-26
Vietnam,UAE,Sharjah,2022,974,Female,23-26
India,Ireland,Cork,2023,2834,Female,23-26
Turkey,Canada,Montreal,2021,3260,Male,18-22
India,Sweden,Stockholm,2015,2976,Female,18-22
Vietnam,Germany,Frankfurt,2017,1895,Male,23-26
Kenya,South Korea,Seoul,2024,2863,Male,27+
Nepal,Japan,Tokyo,2018,3442,Female,23-26
Vietnam,Australia,Brisbane,2018,2899,Male,27+
Pakistan,South Africa,Johannesburg,2023,1390,Male,18-22
India,USA,New York,2020,16380,Female,18-22
Turkey,Canada,Vancouver,2021,3611,Female,18-22
Nigeria,USA,New York,2017,6975,Female,23-26
Nigeria,Finland,Helsinki,2021,1071,Female,18-22
Bangladesh,Japan,Kyoto,2015,2460,Female,23-26
Vietnam,UAE,Abu Dhabi,2015,515,Male,18-22
Vietnam,India,Delhi,2017,1150,Female,18-22
Turkey,Sweden,Uppsala,2016,1581,Male,18-22
Kenya,Australia,Melbourne,2022,4413,Female,27+
Brazil,France,Marseille,2019,3377,Male,18-22
Turkey,Netherlands,Amsterdam,2023,1989,Male,18-22
Bangladesh,UK,Manchester,2020,3998,Male,23-26
Turkey,Sweden,Stockholm,2023,1796,Female,27+
China,UAE,Sharjah,2018,1910,Female,27+
India,Spain,Madrid,2021,6348,Female,23-26
Nepal,Australia,Melbourne,2015,2191,Male,23-26
Nepal,USA,Chicago,2018,5513,Female,18-22
Nepal,France,Paris,2018,2279,Female,18-22
Brazil,Sweden,Uppsala,2018,1583,Male,23-26
India,Canada,Toronto,2019,9203,Female,27+
Kenya,France,Lyon,2015,2079,Female,23-26
India,Ireland,Cork,2023,2368,Male,27+
Kenya,Finland,Turku,2021,486,Female,18-22
Bangladesh,Ireland,Galway,2021,863,Male,23-26
China,India,Mumbai,2023,2748,Non-binary,23-26
Kenya,Netherlands,Amsterdam,2017,1578,Female,23-26
Kenya,Australia,Sydney,2017,3589,Female,27+
Nigeria,France,Marseille,2021,4825,Female,18-22
Brazil,France,Paris,2017,2807,Female,18-22
Turkey,Italy,Milan,2024,2494,Female,23-26
Turkey,Singapore,Singapore,2018,2014,Female,18-22
China,South Korea,Daejeon,2023,5929,Male,23-26
Nigeria,South Korea,Busan,2019,3003,Male,23-26
Kenya,Australia,Brisbane,2018,3398,Male,18-22
India,Italy,Milan,2021,5926,Male,18-22
China,Finland,Tampere,2015,1098,Male,18-22
Pakistan,Netherlands,Eindhoven,2015,1442,Female,23-26
Bangladesh,Norway,Trondheim,2022,1431,Female,27+
India,South Korea,Daejeon,2022,6919,Female,18-22
Brazil,Italy,Florence,2024,2802,Female,27+
Nepal,Netherlands,Amsterdam,2023,1728,Female,18-22
Bangladesh,Singapore,Singapore,2023,1785,Female,23-26
Nigeria,Spain,Valencia,2017,2841,Male,18-22
China,Ireland,Cork,2021,1691,Male,27+
Nigeria,Canada,Montreal,2023,6543,Male,27+
Nigeria,Sweden,Gothenburg,2015,1636,Female,18-22
Brazil,Germany,Hamburg,2024,4502,Male,18-22
Pakistan,Netherlands,Rotterdam,2024,2706,Male,18-22
Kenya,Netherlands,Rotterdam,2016,1340,Male,27+
China,Germany,Munich,2020,5916,Female,18-22
India,Netherlands,Eindhoven,2019,4376,Male,23-26
China,UK,Birmingham,2018,8098,Female,27+
Nigeria,Australia,Melbourne,2024,6888,Female,23-26
Nigeria,UK,Birmingham,2024,7071,Male,23-26
Nigeria,Australia,Brisbane,2019,5593,Male,18-22
Turkey,Finland,Turku,2022,738,Male,18-22
Bangladesh,Australia,Melbourne,2019,3028,Female,18-22
Turkey,France,Paris,2020,3539,Female,18-22
Nepal,Spain,Madrid,2020,2825,Female,18-22
Vietnam,Sweden,Stockholm,2020,1963,Male,27+
Turkey,Singapore,Singapore,2018,1785,Male,18-22
Vietnam,Australia,Melbourne,2018,3021,Male,18-22
Brazil,Spain,Barcelona,2019,2489,Female,23-26
Vietnam,Italy,Rome,2021,2350,Male,18-22
India,USA,Boston,2023,16514,Female,27+
Turkey,France,Lyon,2017,2767,Non-binary,27+
Nigeria,UK,Birmingham,2022,6799,Female,23-26
Bangladesh,Australia,Melbourne,2024,4243,Male,18-22
China,Australia,Brisbane,2016,5895,Female,27+
Bangladesh,Canada,Vancouver,2021,4842,Male,18-22
Bangladesh,USA,Boston,2016,4576,Female,23-26
Vietnam,India,Mumbai,2024,1124,Male,18-22
Brazil,Italy,Milan,2019,1643,Male,18-22
Vietnam,South Africa,Pretoria,2024,1868,Male,23-26
Brazil,Sweden,Uppsala,2022,2114,Male,18-22
Nigeria,USA,Chicago,2015,7440,Male,18-22
Bangladesh,South Korea,Seoul,2020,2209,Male,23-26
Nepal,France,Lyon,2024,4274,Male,18-22
Nepal,Sweden,Stockholm,2019,1835,Male,23-26
India,Netherlands,Eindhoven,2018,4357,Female,18-22
Brazil,Netherlands,Rotterdam,2020,1813,Female,18-22
Bangladesh,Finland,Helsinki,2015,468,Female,23-26
Brazil,Germany,Munich,2020,2487,Female,23-26
Vietnam,Norway,Oslo,2019,1097,Male,18-22
Nigeria,South Korea,Busan,2019,3749,Male,18-22
China,South Africa,Pretoria,2016,2204,Female,18-22
Bangladesh,Germany,Frankfurt,2017,2811,Male,18-22
Vietnam,South Korea,Daejeon,2024,2341,Female,18-22
Turkey,Spain,Madrid,2022,3241,Female,18-22
Vietnam,Singapore,Singapore,2020,2157,Female,27+
Nepal,South Korea,Seoul,2024,3237,Female,18-22
Brazil,Spain,Valencia,2024,2331,Female,27+
Turkey,Norway,Trondheim,2017,1270,Female,23-26
Bangladesh,India,Delhi,2018,1000,Male,18-22
India,Singapore,Singapore,2023,5303,Male,18-22
Bangladesh,Italy,Rome,2018,2183,Female,23-26
Bangladesh,Spain,Madrid,2019,2418,Female,18-22
Pakistan,UK,Manchester,2024,5678,Female,23-26
Pakistan,USA,New York,2015,3478,Male,18-22
Nigeria,UAE,Abu Dhabi,2019,1437,Non-binary,18-22
India,Ireland,Cork,2022,2289,Female,18-22
Nepal,USA,Los Angeles,2015,5947,Male,23-26
Brazil,Australia,Melbourne,2020,3688,Male,27+
Nigeria,UAE,Sharjah,2017,1277,Female,23-26
Nepal,South Africa,Johannesburg,2017,948,Female,23-26
Turkey,Italy,Florence,2022,2078,Female,23-26
Brazil,USA,Los Angeles,2016,6065,Female,18-22
India,Japan,Tokyo,2016,4816,Male,18-22
China,South Africa,Pretoria,2020,2968,Female,18-22
India,Norway,Bergen,2015,2810,Male,18-22
Bangladesh,South Korea,Busan,2018,2670,Male,23-26
China,Ireland,Galway,2024,2064,Male,27+
Nepal,South Korea,Busan,2017,1942,Male,23-26
Brazil,Canada,Montreal,2016,3433,Female,23-26
Bangladesh,South Africa,Pretoria,2024,1901,Male,23-26
Kenya,USA,Los Angeles,2022,7950,Female,18-22
Vietnam,USA,Los Angeles,2016,5061,Female,23-26
Turkey,Finland,Turku,2019,773,Male,18-22
Brazil,Sweden,Stockholm,2023,1853,Male,18-22
Vietnam,UK,Birmingham,2023,4123,Male,23-26
Kenya,Italy,Milan,2020,2675,Female,23-26
Vietnam,USA,New York,2021,3710,Female,23-26
Vietnam,Norway,Bergen,2021,1401,Female,27+
Nepal,UAE,Sharjah,2024,1490,Male,27+
Nigeria,USA,Boston,2022,9856,Male,18-22
Pakistan,Norway,Bergen,2017,1271,Female,18-22
Bangladesh,Sweden,Gothenburg,2024,1859,Female,27+
India,Germany,Frankfurt,2022,8955,Non-binary,23-26
Pakistan,Ireland,Dublin,2023,944,Male,18-22
Bangladesh,UAE,Sharjah,2021,872,Male,23-26
Nigeria,Japan,Osaka,2015,4063,Female,18-22
Kenya,Netherlands,Amsterdam,2019,1376,Female,23-26
Turkey,Russia,Moscow,2021,1918,Male,23-26
China,Russia,St. Petersburg,2017,3069,Male,27+
Brazil,Norway,Bergen,2022,1321,Male,18-22
Vietnam,UAE,Sharjah,2016,870,Female,23-26
Pakistan,Canada,Vancouver,2017,3722,Female,27+
Nepal,UAE,Abu Dhabi,2020,1084,Male,18-22
Brazil,India,Delhi,2018,959,Female,23-26
Brazil,France,Paris,2020,2712,Female,23-26
Nigeria,Ireland,Cork,2018,1053,Female,18-22
Turkey,Spain,Madrid,2020,2242,Male,18-22
Pakistan,Singapore,Singapore,2023,2174,Male,27+
Pakistan,UAE,Dubai,2019,1002,Female,23-26
Pakistan,UK,Manchester,2018,5443,Female,18-22
China,Australia,Sydney,2016,6569,Male,18-22
Turkey,South Africa,Johannesburg,2015,1226,Male,23-26
Nigeria,Russia,Kazan,2023,3296,Male,18-22
Nigeria,Germany,Munich,2015,4415,Male,18-22
India,Japan,Osaka,2015,5281,Female,27+
China,Spain,Barcelona,2022,5598,Female,23-26
Turkey,Japan,Osaka,2021,2603,Female,18-22
Nigeria,USA,Boston,2024,10436,Male,18-22
India,India,Delhi,2019,3275,Male,18-22
Nigeria,South Africa,Johannesburg,2015,1511,Female,23-26
India,Sweden,Gothenburg,2021,3983,Male,18-22
Nigeria,Singapore,Singapore,2024,3175,Male,23-26
Brazil,Germany,Munich,2021,2605,Male,18-22
Vietnam,Germany,Berlin,2018,3421,Male,27+
Vietnam,Germany,Berlin,2023,3130,Male,18-22
India,Norway,Trondheim,2021,3828,Male,18-22
Pakistan,Germany,Munich,2018,3564,Female,18-22
Kenya,Netherlands,Amsterdam,2019,1577,Female,23-26
Pakistan,Norway,Bergen,2015,767,Male,23-26
Brazil,UAE,Dubai,2024,1259,Male,18-22
Vietnam,Italy,Milan,2022,2474,Female,23-26
Bangladesh,Netherlands,Rotterdam,2017,1001,Female,18-22
Vietnam,India,Bangalore,2021,1096,Male,18-22
Brazil,Sweden,Stockholm,2020,1639,Male,18-22
Brazil,USA,New York,2018,6280,Female,18-22
Bangladesh,UK,Manchester,2020,3874,Male,23-26
India,Singapore,Singapore,2019,5062,Non-binary,18-22
Nigeria,Germany,Frankfurt,2021,4742,Female,18-22
China,Sweden,Uppsala,2020,3277,Female,18-22
Kenya,UK,London,2021,5489,Male,27+
Pakistan,UAE,Dubai,2021,1050,Female,23-26
China,France,Paris,2019,5770,Male,23-26
Pakistan,UK,Birmingham,2016,3180,Female,23-26
Brazil,Australia,Brisbane,2024,5036,Female,23-26
Vietnam,Australia,Melbourne,2017,3218,Male,23-26
Brazil,Russia,Kazan,2015,1377,Male,18-22
Turkey,Finland,Helsinki,2018,532,Male,18-22
Pakistan,Finland,Helsinki,2024,854,Male,18-22
Brazil,Australia,Sydney,2016,3346,Female,18-22
Turkey,Norway,Oslo,2024,1687,Female,23-26
China,France,Marseille,2017,6077,Male,18-22
Nigeria,UK,Manchester,2017,6260,Male,18-22
India,Norway,Oslo,2019,3534,Female,23-26
Kenya,Japan,Osaka,2021,3482,Male,18-22
Brazil,South Africa,Pretoria,2017,1453,Male,18-22
Brazil,Germany,Berlin,2018,2053,Male,27+
Vietnam,India,Bangalore,2016,646,Male,18-22
India,India,Delhi,2022,3318,Male,18-22
Kenya,Sweden,Stockholm,2024,2012,Male,23-26
Vietnam,Norway,Trondheim,2022,1595,Male,18-22
Turkey,Norway,Trondheim,2023,1428,Male,23-26
India,Germany,Berlin,2024,8536,Male,18-22
Nigeria,Netherlands,Amsterdam,2017,2315,Male,18-22
Turkey,Netherlands,Amsterdam,2021,2292,Male,23-26
Nepal,UAE,Sharjah,2016,1126,Male,18-22
Nepal,Sweden,Gothenburg,2018,1212,Male,18-22
Nepal,Japan,Osaka,2022,2257,Male,23-26
China,UK,Manchester,2017,8343,Male,27+
Pakistan,India,Bangalore,2020,1290,Female,23-26
Kenya,UK,Manchester,2017,3967,Female,18-22
Vietnam,South Africa,Johannesburg,2015,1321,Female,18-22
Brazil,USA,Chicago,2023,6617,Male,23-26
Turkey,Australia,Sydney,2020,3828,Male,27+
Kenya,Japan,Kyoto,2018,2522,Male,18-22
India,Japan,Osaka,2017,5918,Male,23-26
Nepal,Finland,Helsinki,2017,597,Male,18-22
Nepal,UAE,Dubai,2024,1359,Male,27+
Brazil,Australia,Sydney,2018,2748,Female,18-22
Vietnam,UAE,Sharjah,2021,1207,Female,18-22
India,India,Mumbai,2018,2761,Female,23-26
Pakistan,India,Bangalore,2015,1162,Male,18-22
Bangladesh,Ireland,Cork,2019,931,Female,23-26
Kenya,USA,Chicago,2016,4196,Male,18-22
China,Sweden,Uppsala,2020,3296,Female,18-22
Brazil,Japan,Osaka,2015,2647,Female,18-22
Pakistan,France,Marseille,2022,2901,Male,18-22
Bangladesh,India,Delhi,2015,1190,Male,18-22
Nepal,Spain,Barcelona,2023,3118,Female,18-22
Vietnam,Netherlands,Amsterdam,2015,1183,Male,18-22
Kenya,Norway,Oslo,2019,1608,Male,23-26
Turkey,South Africa,Johannesburg,2019,1567,Male,23-26
Bangladesh,South Africa,Pretoria,2020,1708,Male,18-22
Brazil,France,Lyon,2022,4014,Female,23-26
Kenya,India,Bangalore,2019,1173,Male,18-22
Turkey,Germany,Berlin,2015,2458,Female,23-26
Brazil,Sweden,Gothenburg,2022,2154,Female,23-26
Vietnam,France,Marseille,2015,2613,Female,23-26
Turkey,Norway,Oslo,2020,1551,Male,18-22
China,Sweden,Gothenburg,2015,2577,Male,23-26
India,Germany,Hamburg,2023,8572,Non-binary,18-22
Pakistan,India,Mumbai,2021,1355,Male,18-22
Nepal,Italy,Milan,2022,1760,Male,23-26
Vietnam,UAE,Abu Dhabi,2015,905,Male,27+
Turkey,UK,Manchester,2024,5267,Male,23-26
Kenya,Singapore,Singapore,2016,1789,Male,18-22
Nigeria,UK,Birmingham,2015,6152,Male,18-22
India,India,Mumbai,2019,2642,Male,23-26
Turkey,Germany,Hamburg,2024,3817,Female,27+
Pakistan,UK,London,2023,5704,Female,18-22
India,Norway,Bergen,2023,4034,Female,18-22
Pakistan,Russia,Kazan,2020,2296,Female,18-22
Turkey,India,Delhi,2023,1298,Female,18-22
Brazil,France,Lyon,2016,2620,Female,18-22
India,Canada,Montreal,2020,9024,Female,18-22
Turkey,Australia,Melbourne,2017,2949,Non-binary,23-26
Brazil,Spain,Barcelona,2019,2615,Male,23-26
Turkey,Finland,Turku,2017,406,Female,18-22
Nepal,Finland,Turku,2015,628,Female,18-22
Nigeria,France,Paris,2016,3404,Female,23-26
Bangladesh,UK,London,2018,3282,Female,27+
Kenya,Australia,Brisbane,2015,2004,Male,18-22
Turkey,Japan,Kyoto,2019,2282,Male,18-22
Bangladesh,Finland,Helsinki,2024,769,Male,18-22
Brazil,UAE,Abu Dhabi,2024,944,Male,18-22
Nepal,South Africa,Pretoria,2024,1452,Male,23-26
Nigeria,Germany,Berlin,2023,5157,Non-binary,23-26
Brazil,Germany,Berlin,2016,2231,Female,23-26
Pakistan,Russia,Kazan,2015,1087,Female,27+
Pakistan,Japan,Tokyo,2021,3256,Male,23-26
Pakistan,Spain,Valencia,2021,2747,Female,23-26
Vietnam,Ireland,Dublin,2021,799,Male,23-26
Nigeria,Spain,Valencia,2019,3578,Female,23-26
China,Russia,St. Petersburg,2017,2961,Female,18-22
Kenya,Spain,Madrid,2024,2868,Female,18-22
Brazil,France,Marseille,2015,3523,Female,23-26
Turkey,South Korea,Busan,2023,2404,Female,23-26
Nigeria,UAE,Abu Dhabi,2022,1414,Male,18-22
Kenya,Canada,Montreal,2020,3725,Female,23-26
Turkey,Spain,Valencia,2019,2286,Male,23-26
Nigeria,Sweden,Uppsala,2020,2597,Female,23-26
Bangladesh,Sweden,Uppsala,2023,1885,Female,18-22
Vietnam,Sweden,Stockholm,2019,1704,Female,23-26
Vietnam,Netherlands,Eindhoven,2016,1309,Male,18-22
India,South Africa,Johannesburg,2015,3386,Male,18-22
India,France,Paris,2017,7216,Male,23-26
Brazil,South Africa,Pretoria,2021,1634,Male,18-22
Brazil,Sweden,Gothenburg,2020,1767,Male,18-22
Brazil,Singapore,Singapore,2018,1662,Male,23-26
Pakistan,Ireland,Galway,2020,790,Male,18-22
Kenya,Norway,Trondheim,2017,1402,Female,23-26
Kenya,Spain,Valencia,2021,2714,Male,18-22
Pakistan,Russia,Kazan,2018,1535,Female,18-22
China,Norway,Trondheim,2019,2601,Male,23-26
Pakistan,India,Delhi,2021,1191,Female,27+
Nepal,Japan,Osaka,2020,2689,Female,27+
Turkey,India,Mumbai,2016,699,Male,18-22
China,Spain,Madrid,2022,5786,Male,18-22
Kenya,South Korea,Daejeon,2024,3378,Male,18-22
Bangladesh,UAE,Sharjah,2015,818,Male,23-26
Vietnam,Ireland,Cork,2018,768,Female,23-26
Kenya,USA,Chicago,2017,4298,Male,23-26
Turkey,USA,Los Angeles,2024,8528,Male,23-26
Nepal,Netherlands,Rotterdam,2017,1287,Female,18-22
Turkey,Australia,Sydney,2021,3291,Male,18-22
Vietnam,Singapore,Singapore,2020,1889,Male,23-26
Vietnam,Japan,Kyoto,2017,2831,Female,23-26
Nigeria,Sweden,Uppsala,2023,3109,Female,18-22
China,Spain,Barcelona,2021,4883,Female,27+
Bangladesh,Russia,St. Petersburg,2024,2525,Male,18-22
Pakistan,France,Marseille,2018,2617,Male,18-22
Turkey,Japan,Tokyo,2018,2697,Female,18-22
Nepal,Netherlands,Rotterdam,2018,1696,Female,23-26
Nigeria,Spain,Valencia,2016,3016,Female,23-26
Turkey,Japan,Tokyo,2016,2210,Female,18-22
Nepal,Canada,Toronto,2021,4368,Non-binary,23-26
Turkey,Italy,Florence,2022,2440,Male,18-22
China,Italy,Rome,2016,3336,Male,23-26
Nepal,South Africa,Pretoria,2024,2172,Male,18-22
Brazil,India,Bangalore,2024,1167,Male,18-22
China,UK,Birmingham,2024,11240,Female,23-26
Turkey,Ireland,Dublin,2024,951,Female,23-26
China,UK,Birmingham,2021,9215,Female,18-22
China,India,Mumbai,2021,2614,Male,18-22
Nigeria,Ireland,Cork,2023,1494,Female,18-22
Nigeria,Russia,Kazan,2019,2391,Female,23-26
Pakistan,France,Lyon,2022,2463,Female,27+
Pakistan,Singapore,Singapore,2018,2269,Female,23-26
China,Finland,Helsinki,2016,1114,Female,23-26
China,Norway,Bergen,2021,2823,Female,18-22
Pakistan,UAE,Dubai,2023,1221,Male,18-22
Brazil,Norway,Trondheim,2017,1036,Male,18-22
Kenya,Sweden,Uppsala,2019,1881,Female,18-22
Nepal,UAE,Abu Dhabi,2022,846,Female,23-26
India,Canada,Montreal,2021,10028,Male,18-22
China,France,Lyon,2015,5167,Male,18-22
Kenya,South Africa,Cape Town,2024,1900,Female,23-26
Nepal,Norway,Oslo,2015,995,Female,23-26
Nigeria,Australia,Melbourne,2024,6275,Female,18-22
Nigeria,Japan,Tokyo,2017,3479,Female,23-26
Vietnam,Germany,Berlin,2022,2822,Male,18-22
Nepal,Italy,Rome,2023,2546,Male,18-22
Brazil,UK,Birmingham,2021,3807,Male,23-26
Nepal,Spain,Valencia,2022,2367,Male,23-26
Turkey,South Korea,Daejeon,2021,2563,Male,18-22
Nepal,South Korea,Busan,2018,2179,Male,18-22
Kenya,Germany,Munich,2024,2617,Male,23-26
Kenya,Norway,Bergen,2024,1184,Female,18-22
Pakistan,Russia,Kazan,2021,1835,Female,18-22
Nigeria,Germany,Frankfurt,2023,5191,Male,23-26
Nigeria,Australia,Melbourne,2015,4409,Female,23-26
Nepal,Norway,Trondheim,2023,1705,Male,18-22
Turkey,India,Bangalore,2018,1371,Male,18-22
Turkey,Italy,Florence,2018,2279,Male,18-22
Nepal,Sweden,Stockholm,2023,1653,Male,18-22
Pakistan,India,Delhi,2023,1453,Male,23-26
Bangladesh,Spain,Barcelona,2016,2037,Female,18-22
Nigeria,Netherlands,Rotterdam,2016,2384,Female,23-26
Pakistan,USA,Los Angeles,2021,6169,Male,18-22
Nigeria,UAE,Abu Dhabi,2022,1638,Male,23-26
Bangladesh,Italy,Milan,2019,3185,Female,18-22
Kenya,Russia,Kazan,2018,1461,Male,23-26
Nepal,South Korea,Seoul,2018,1719,Female,18-22
Nigeria,Netherlands,Rotterdam,2018,2916,Male,18-22
India,France,Marseille,2016,7439,Female,23-26
Kenya,USA,Los Angeles,2015,4550,Male,27+
China,Japan,Osaka,2023,5958,Male,18-22
Bangladesh,Germany,Frankfurt,2021,3231,Male,27+
China,Canada,Toronto,2024,8368,Female,18-22
Nepal,UK,Manchester,2018,4997,Female,23-26
Kenya,Singapore,Singapore,2022,1931,Male,23-26
Kenya,Netherlands,Amsterdam,2016,1277,Male,23-26
Nepal,Finland,Tampere,2022,718,Male,18-22
Vietnam,UK,Birmingham,2015,4074,Male,18-22
Pakistan,Canada,Toronto,2022,3047,Female,18-22
Vietnam,Ireland,Cork,2017,762,Male,18-22
Nepal,France,Paris,2015,2563,Male,23-26
Pakistan,Canada,Toronto,2016,3228,Male,23-26
Pakistan,South Africa,Cape Town,2018,1908,Female,18-22
Nepal,Germany,Frankfurt,2018,3018,Male,23-26
Nepal,UK,Manchester,2022,4579,Male,18-22
Vietnam,USA,Los Angeles,2018,7220,Male,18-22
Brazil,Germany,Berlin,2024,3531,Male,23-26
Turkey,Ireland,Cork,2021,1177,Female,23-26
Nepal,Germany,Frankfurt,2024,2688,Male,18-22
India,Norway,Oslo,2020,3316,Female,18-22
Turkey,USA,Boston,2017,4289,Female,18-22
Bangladesh,Ireland,Dublin,2015,465,Male,18-22
Bangladesh,Australia,Brisbane,2015,2906,Male,23-26
India,Norway,Trondheim,2022,3653,Male,18-22
Brazil,Norway,Oslo,2024,1852,Female,23-26
Pakistan,Ireland,Dublin,2019,884,Female,18-22
Kenya,Spain,Valencia,2020,2339,Male,18-22
Kenya,South Africa,Pretoria,2017,1492,Male,23-26
India,USA,New York,2022,17900,Female,18-22
Nigeria,Sweden,Uppsala,2017,2129,Male,23-26
Turkey,France,Marseille,2018,3589,Male,18-22
Vietnam,Japan,Tokyo,2024,2574,Male,23-26
Vietnam,South Korea,Busan,2022,3105,Female,18-22
Turkey,Norway,Oslo,2015,865,Male,23-26
Turkey,Australia,Melbourne,2022,3410,Male,23-26
India,South Africa,Johannesburg,2017,3452,Female,23-26
Pakistan,Finland,Tampere,2015,551,Male,18-22
China,Norway,Trondheim,2017,2485,Male,18-22
Nigeria,South Korea,Seoul,2021,3211,Male,18-22
Nepal,Russia,Moscow,2016,1222,Male,18-22
India,France,Marseille,2021,9028,Male,18-22
Nigeria,Italy,Milan,2021,3543,Male,18-22
Bangladesh,Ireland,Dublin,2023,962,Female,18-22
Brazil,Canada,Toronto,2024,3611,Male,27+
Nepal,Spain,Barcelona,2024,3125,Male,23-26
Bangladesh,USA,Los Angeles,2024,8841,Female,18-22
India,Canada,Toronto,2019,9243,Female,27+
Bangladesh,South Africa,Johannesburg,2022,1659,Male,18-22
Bangladesh,Sweden,Gothenburg,2019,1629,Male,23-26
Vietnam,Ireland,Galway,2015,509,Male,18-22
China,Canada,Toronto,2016,6587,Male,18-22
Bangladesh,UAE,Dubai,2019,919,Male,18-22
Nigeria,Australia,Brisbane,2024,6124,Female,27+
China,Sweden,Gothenburg,2019,3200,Male,18-22
Turkey,Netherlands,Rotterdam,2021,2072,Female,23-26
Kenya,Japan,Kyoto,2020,2592,Male,18-22
Turkey,South Korea,Busan,2020,2027,Female,18-22
Turkey,Sweden,Uppsala,2016,1055,Male,18-22
Bangladesh,Finland,Helsinki,2018,387,Male,18-22
Bangladesh,Sweden,Gothenburg,2018,1752,Female,23-26
Nigeria,Singapore,Singapore,2022,3091,Female,18-22
Kenya,Germany,Berlin,2022,3422,Female,18-22
Kenya,Norway,Trondheim,2021,1326,Male,18-22
Nigeria,Canada,Vancouver,2023,7531,Male,18-22
Brazil,Japan,Tokyo,2022,2658,Male,27+
Nigeria,Italy,Florence,2023,4132,Female,18-22
Kenya,Netherlands,Amsterdam,2018,1475,Female,18-22
Turkey,UK,London,2022,3958,Male,18-22
Bangladesh,Japan,Tokyo,2015,3151,Male,18-22
Turkey,Spain,Madrid,2015,1975,Female,18-22
Nepal,Italy,Rome,2016,1273,Male,18-22
India,Finland,Helsinki,2019,1477,Female,18-22
Pakistan,Italy,Rome,2019,2349,Female,18-22
Vietnam,Finland,Tampere,2019,627,Female,18-22
Bangladesh,UAE,Sharjah,2019,949,Female,18-22
India,UK,Birmingham,2015,7658,Male,23-26
Brazil,Ireland,Cork,2015,775,Male,18-22
China,Spain,Madrid,2016,4300,Female,27+
Brazil,Italy,Rome,2021,2135,Female,18-22
Nigeria,Germany,Munich,2018,5566,Female,23-26
Kenya,South Korea,Daejeon,2023,1978,Male,18-22
Bangladesh,Italy,Milan,2015,2437,Female,18-22
Bangladesh,Singapore,Singapore,2022,2031,Female,23-26
Nigeria,Spain,Barcelona,2021,4318,Female,18-22
India,Finland,Turku,2024,1721,Female,23-26
Vietnam,UK,Birmingham,2024,4501,Male,23-26
Nigeria,Canada,Vancouver,2020,5147,Female,23-26
Nepal,USA,Los Angeles,2023,6247,Male,18-22
Brazil,Norway,Bergen,2023,1292,Female,18-22
China,Russia,Moscow,2023,4059,Male,23-26
Nigeria,Sweden,Stockholm,2022,2789,Female,18-22
Nepal,Germany,Munich,2019,4694,Female,18-22
Turkey,Sweden,Uppsala,2021,1732,Female,27+
Nepal,Ireland,Cork,2022,779,Male,18-22
Nigeria,South Korea,Busan,2023,4157,Male,18-22
Turkey,France,Lyon,2021,3226,Female,18-22
Nepal,Spain,Barcelona,2017,2077,Male,27+
Kenya,Singapore,Singapore,2021,1858,Female,18-22
Nepal,Spain,Barcelona,2019,2433,Female,18-22
India,India,Delhi,2022,3187,Female,18-22
Bangladesh,Germany,Munich,2022,2484,Male,18-22
India,India,Delhi,2021,3295,Male,18-22
Nepal,USA,New York,2023,7797,Female,23-26
Vietnam,Ireland,Cork,2024,1053,Male,18-22
Kenya,France,Paris,2017,3276,Female,23-26
Nepal,Russia,St. Petersburg,2017,1529,Female,18-22
Kenya,USA,New York,2024,6281,Male,18-22
Bangladesh,South Africa,Pretoria,2023,1925,Female,18-22
Vietnam,Canada,Montreal,2015,2792,Female,18-22
China,Australia,Melbourne,2020,7502,Female,23-26
Brazil,Germany,Hamburg,2022,3600,Female,18-22
Vietnam,Australia,Melbourne,2022,3150,Male,18-22
Turkey,Canada,Montreal,2021,4183,Male,23-26
Turkey,South Korea,Daejeon,2016,2603,Female,18-22
China,Sweden,Stockholm,2018,3234,Female,27+
China,Italy,Rome,2023,4905,Female,18-22
Turkey,USA,Chicago,2019,7091,Female,18-22
Turkey,UAE,Abu Dhabi,2021,1153,Male,18-22
Brazil,Russia,Kazan,2024,2413,Female,18-22
Kenya,Russia,Moscow,2022,2411,Female,23-26
Brazil,Netherlands,Amsterdam,2015,1527,Female,23-26
Turkey,Australia,Sydney,2016,3368,Female,18-22
China,Canada,Vancouver,2020,7993,Male,18-22
Turkey,UAE,Sharjah,2021,1249,Male,23-26
Bangladesh,USA,Chicago,2018,6524,Male,23-26
Kenya,Russia,St. Petersburg,2015,1929,Female,18-22
Brazil,Sweden,Gothenburg,2023,1980,Female,27+
Bangladesh,Russia,Kazan,2024,1641,Female,23-26
Kenya,South Korea,Seoul,2018,1669,Male,18-22
Pakistan,Norway,Trondheim,2016,1117,Female,18-22
Bangladesh,Ireland,Galway,2017,788,Male,27+
Nigeria,Germany,Berlin,2015,3738,Male,18-22
Turkey,Japan,Osaka,2018,2017,Female,18-22
Pakistan,France,Paris,2024,4099,Male,18-22
Nepal,Finland,Helsinki,2020,679,Male,18-22
Vietnam,Singapore,Singapore,2022,2107,Male,18-22
Nigeria,South Africa,Johannesburg,2024,2539,Female,18-22
China,USA,Boston,2018,10697,Female,18-22
Nigeria,Ireland,Galway,2017,1348,Female,18-22
China,UAE,Abu Dhabi,2023,2382,Female,23-26
Brazil,France,Lyon,2022,4268,Male,23-26
Bangladesh,Russia,Moscow,2017,1822,Female,23-26
Bangladesh,Australia,Sydney,2018,3540,Female,18-22
Nigeria,South Korea,Busan,2016,2398,Non-binary,18-22
Turkey,India,Mumbai,2018,1106,Female,23-26
Kenya,USA,Chicago,2022,6612,Female,27+
Brazil,UAE,Abu Dhabi,2023,1154,Male,18-22
Bangladesh,India,Mumbai,2020,1220,Female,23-26
Brazil,Singapore,Singapore,2024,2573,Male,27+
Turkey,Ireland,Galway,2017,570,Male,18-22
Nigeria,Ireland,Galway,2021,1417,Female,18-22
Turkey,Ireland,Dublin,2015,811,Male,18-22
Nigeria,Ireland,Dublin,2016,1217,Female,23-26
Kenya,Japan,Tokyo,2021,2269,Male,18-22
Vietnam,Norway,Bergen,2015,1339,Male,18-22
Bangladesh,USA,Chicago,2019,5782,Female,23-26
India,UAE,Dubai,2015,2037,Female,18-22
Vietnam,UK,Manchester,2016,2532,Female,18-22
Nepal,Russia,Kazan,2017,1626,Female,18-22
Vietnam,Italy,Rome,2017,2352,Male,23-26
India,Australia,Sydney,2019,8967,Female,27+
Nepal,France,Marseille,2020,3072,Male,23-26
India,Spain,Valencia,2024,6989,Male,23-26
Brazil,USA,Los Angeles,2018,4266,Male,23-26
China,Ireland,Cork,2024,2118,Female,18-22
Turkey,Netherlands,Amsterdam,2024,2217,Female,18-22
Vietnam,USA,Los Angeles,2016,5854,Male,27+
Nepal,Sweden,Gothenburg,2017,1845,Male,18-22
India,USA,Los Angeles,2015,11236,Male,23-26
China,USA,Chicago,2016,11169,Male,27+
Bangladesh,Russia,Moscow,2016,1371,Female,23-26
Kenya,Sweden,Stockholm,2017,1370,Female,23-26
Nepal,Norway,Bergen,2015,1061,Male,27+
Vietnam,Japan,Osaka,2020,1894,Male,23-26
India,Finland,Helsinki,2019,1604,Female,23-26
China,Ireland,Galway,2021,1814,Male,18-22
Nepal,UAE,Sharjah,2019,944,Female,18-22
Brazil,South Africa,Cape Town,2015,1410,Female,18-22
China,Germany,Munich,2021,6796,Male,18-22
Vietnam,Japan,Kyoto,2016,2628,Female,18-22
Kenya,Norway,Trondheim,2015,1167,Male,18-22
India,Germany,Munich,2019,7633,Female,23-26
Pakistan,Norway,Trondheim,2023,1337,Male,18-22
Bangladesh,UK,London,2019,3864,Female,23-26
Kenya,Germany,Hamburg,2023,3229,Male,23-26
India,South Korea,Seoul,2015,5114,Male,23-26
Bangladesh,Russia,Moscow,2015,1330,Male,18-22
Kenya,Italy,Rome,2017,1585,Male,23-26
Bangladesh,Canada,Montreal,2022,5117,Male,18-22
Brazil,South Korea,Daejeon,2017,2141,Female,23-26
Nigeria,Sweden,Gothenburg,2023,2873,Non-binary,23-26
Turkey,Japan,Tokyo,2020,3333,Female,23-26
India,South Africa,Johannesburg,2017,3368,Male,18-22
China,Canada,Montreal,2021,6945,Male,23-26
Kenya,Ireland,Dublin,2023,890,Female,18-22
Brazil,South Africa,Johannesburg,2015,865,Female,23-26
Nigeria,Japan,Kyoto,2024,4750,Male,18-22
Vietnam,France,Paris,2016,2423,Female,18-22
Vietnam,Russia,Kazan,2016,1710,Male,18-22
Nepal,Japan,Osaka,2017,3174,Male,23-26
Kenya,UAE,Dubai,2017,893,Male,18-22
Pakistan,India,Bangalore,2020,1092,Male,18-22
Brazil,UK,Birmingham,2017,3588,Female,18-22
Kenya,Japan,Osaka,2024,3466,Non-binary,18-22
Bangladesh,Russia,Moscow,2024,1779,Female,23-26
Nepal,South Africa,Cape Town,2020,1565,Male,18-22
Nigeria,India,Delhi,2015,1340,Male,23-26
Vietnam,Singapore,Singapore,2023,2445,Female,18-22
Brazil,South Korea,Daejeon,2022,3381,Male,27+
Nepal,Australia,Brisbane,2016,3579,Female,23-26
Brazil,Australia,Melbourne,2018,3567,Male,23-26
Pakistan,USA,Boston,2019,6502,Male,18-22
Vietnam,Singapore,Singapore,2021,2027,Female,23-26
Turkey,UK,London,2019,3631,Male,18-22
Pakistan,Singapore,Singapore,2015,1713,Female,27+
Nigeria,Australia,Sydney,2019,5940,Female,23-26
Kenya,Russia,Moscow,2016,1506,Female,23-26
Vietnam,Russia,Kazan,2020,1626,Male,23-26
Turkey,Singapore,Singapore,2015,1675,Male,18-22
India,Sweden,Stockholm,2015,3146,Female,18-22
Brazil,UK,London,2023,4241,Male,18-22
Bangladesh,Australia,Brisbane,2017,4176,Female,23-26
Pakistan,Ireland,Cork,2024,1026,Female,18-22
Bangladesh,Italy,Florence,2021,2342,Male,27+
Bangladesh,Canada,Vancouver,2017,4079,Female,18-22
Turkey,Sweden,Uppsala,2023,1961,Female,23-26
Vietnam,Canada,Montreal,2015,2092,Female,18-22
Vietnam,Australia,Melbourne,2017,2388,Female,27+
China,Italy,Florence,2018,4010,Male,23-26
Nigeria,Norway,Oslo,2017,2255,Female,18-22
Nigeria,Singapore,Singapore,2021,3072,Male,18-22
Nepal,Spain,Valencia,2022,2927,Male,23-26
Kenya,Singapore,Singapore,2017,1903,Male,23-26
Pakistan,UK,Birmingham,2018,3964,Female,18-22
Turkey,Canada,Toronto,2019,3517,Male,18-22
Kenya,Norway,Bergen,2022,1387,Male,23-26
India,Singapore,Singapore,2024,6165,Female,18-22
Vietnam,India,Delhi,2022,999,Female,18-22
Brazil,India,Bangalore,2023,1565,Male,23-26
China,Japan,Tokyo,2020,5845,Male,23-26
Nepal,Norway,Trondheim,2022,1456,Male,23-26
Vietnam,Canada,Toronto,2021,4653,Female,23-26
China,South Africa,Pretoria,2023,3524,Male,18-22
Bangladesh,Spain,Barcelona,2022,3084,Female,18-22
Brazil,Canada,Vancouver,2016,3690,Male,18-22
Bangladesh,Spain,Valencia,2024,2846,Male,18-22
Pakistan,Germany,Frankfurt,2016,2426,Male,23-26
Brazil,South Africa,Pretoria,2023,1499,Female,18-22
Nigeria,UK,London,2021,5931,Female,18-22
Brazil,UK,London,2021,4808,Female,23-26
Nepal,Italy,Milan,2020,1931,Male,27+
Kenya,Spain,Madrid,2015,1934,Female,18-22
Pakistan,Norway,Trondheim,2019,1226,Male,18-22
India,India,Mumbai,2024,3781,Male,23-26
Nigeria,Spain,Barcelona,2022,4215,Male,27+
Brazil,France,Marseille,2016,2015,Male,18-22
Brazil,Italy,Rome,2021,1941,Female,23-26
Nigeria,Norway,Oslo,2021,2331,Male,23-26
Brazil,Finland,Tampere,2024,644,Female,18-22
Brazil,Russia,Kazan,2023,1733,Male,18-22
Nepal,Finland,Turku,2017,626,Female,18-22
Pakistan,Sweden,Gothenburg,2018,1600,Male,23-26
Vietnam,USA,Chicago,2018,6319,Female,23-26
Kenya,Germany,Hamburg,2015,1552,Female,18-22
Kenya,South Korea,Seoul,2020,3239,Female,23-26
Turkey,Singapore,Singapore,2020,2493,Male,27+
Vietnam,Finland,Tampere,2023,692,Male,18-22
Turkey,Italy,Florence,2017,2366,Male,18-22
Nigeria,USA,Chicago,2020,7275,Female,27+
Pakistan,India,Delhi,2019,1490,Male,27+
Brazil,USA,Boston,2016,5520,Female,23-26
Nigeria,USA,Chicago,2020,9124,Female,27+
China,Russia,Kazan,2017,2815,Female,23-26
Pakistan,Netherlands,Amsterdam,2019,1581,Male,23-26
Bangladesh,UAE,Sharjah,2018,1165,Male,23-26
Turkey,Singapore,Singapore,2022,2105,Female,18-22
China,Finland,Helsinki,2017,1111,Non-binary,18-22
Pakistan,South Korea,Busan,2023,2742,Female,18-22
Nigeria,South Korea,Seoul,2019,3987,Female,18-22
Brazil,Japan,Kyoto,2022,3086,Female,18-22
Kenya,Spain,Madrid,2019,2635,Female,18-22
Nepal,South Korea,Seoul,2023,3256,Male,27+
India,UK,Birmingham,2015,9112,Male,18-22
Nigeria,USA,Los Angeles,2023,9006,Female,27+
Bangladesh,Japan,Osaka,2023,3206,Male,18-22
Nigeria,UAE,Abu Dhabi,2024,1733,Non-binary,18-22
Nigeria,Spain,Valencia,2024,4133,Male,18-22
Kenya,Spain,Madrid,2022,2741,Male,23-26
China,Netherlands,Amsterdam,2015,2563,Male,18-22
Vietnam,Ireland,Cork,2022,885,Male,18-22
India,India,Delhi,2020,3054,Female,18-22
Nigeria,UK,Birmingham,2022,7484,Female,27+
India,France,Paris,2018,8774,Male,27+
Vietnam,France,Lyon,2017,2268,Male,18-22
Turkey,Netherlands,Rotterdam,2015,1495,Male,23-26
Nepal,France,Paris,2019,3261,Male,18-22
Kenya,USA,Los Angeles,2018,5069,Male,23-26
Nepal,Italy,Milan,2024,2298,Male,18-22
Nepal,Germany,Frankfurt,2018,2699,Male,23-26
Bangladesh,USA,Los Angeles,2020,4881,Female,18-22
Bangladesh,USA,Boston,2018,6401,Female,27+
Vietnam,France,Lyon,2022,4090,Female,18-22
Vietnam,India,Delhi,2024,1366,Female,23-26
Kenya,Australia,Melbourne,2021,3864,Male,27+
Kenya,South Africa,Pretoria,2019,1521,Female,23-26
Kenya,Netherlands,Eindhoven,2015,1287,Female,18-22
Bangladesh,Canada,Montreal,2015,4151,Male,23-26
Kenya,France,Lyon,2017,2741,Male,23-26
Vietnam,Finland,Tampere,2015,381,Male,18-22
Nigeria,Finland,Helsinki,2019,924,Female,18-22
Nigeria,Australia,Brisbane,2019,4999,Female,18-22
Brazil,USA,Chicago,2020,6488,Female,18-22
Brazil,Singapore,Singapore,2022,2212,Male,23-26
Pakistan,Canada,Montreal,2021,4386,Female,23-26
China,Ireland,Dublin,2017,1237,Female,23-26
Brazil,France,Lyon,2017,2453,Female,18-22
Kenya,Norway,Oslo,2021,1396,Male,23-26
Pakistan,Finland,Tampere,2021,484,Female,23-26
China,Italy,Florence,2018,4297,Female,18-22
Bangladesh,Italy,Rome,2017,2268,Male,18-22
China,South Africa,Johannesburg,2023,3324,Female,18-22
Vietnam,Australia,Sydney,2020,3852,Male,18-22
Pakistan,Australia,Melbourne,2023,4510,Male,18-22
Brazil,Spain,Madrid,2018,2148,Male,23-26
Nepal,Sweden,Uppsala,2020,1717,Male,18-22
Kenya,Ireland,Dublin,2015,407,Male,18-22
Nepal,Sweden,Uppsala,2016,1354,Male,18-22
Turkey,South Korea,Seoul,2021,1820,Male,18-22
Turkey,Canada,Toronto,2019,2748,Female,18-22
Brazil,South Africa,Pretoria,2016,1558,Female,18-22
Bangladesh,India,Mumbai,2024,1487,Female,18-22
China,France,Marseille,2020,6184,Female,18-22
Pakistan,Finland,Turku,2021,620,Female,18-22
Nepal,UAE,Dubai,2020,1278,Male,23-26
China,Spain,Barcelona,2024,5358,Female,18-22
Nigeria,Spain,Madrid,2024,4862,Male,27+
Nepal,Australia,Brisbane,2018,3504,Female,18-22
India,Singapore,Singapore,2016,4378,Male,18-22
China,South Korea,Seoul,2019,4498,Non-binary,23-26
Brazil,Ireland,Galway,2020,885,Female,18-22
Nigeria,Canada,Montreal,2024,6625,Male,23-26
Turkey,France,Lyon,2023,3652,Female,18-22
Nepal,Canada,Toronto,2023,4144,Male,18-22
Pakistan,South Africa,Cape Town,2017,1333,Female,23-26
Kenya,Canada,Vancouver,2021,3457,Male,18-22
Pakistan,Norway,Trondheim,2015,1002,Male,18-22
Nepal,USA,Los Angeles,2021,7005,Male,23-26
Nepal,Singapore,Singapore,2024,2781,Female,18-22
Bangladesh,France,Marseille,2021,2651,Male,18-22
Bangladesh,Australia,Melbourne,2015,3218,Female,18-22
Turkey,Canada,Montreal,2018,2725,Female,23-26
China,India,Bangalore,2017,1963,Female,27+
Brazil,UK,Manchester,2024,5312,Male,18-22
China,UAE,Sharjah,2024,2565,Female,18-22
Kenya,Singapore,Singapore,2019,1915,Female,23-26
Kenya,Japan,Tokyo,2018,3233,Female,23-26
Kenya,Finland,Helsinki,2020,456,Non-binary,18-22
India,Netherlands,Rotterdam,2016,3492,Female,23-26
Pakistan,Italy,Florence,2019,1676,Female,23-26
Vietnam,France,Marseille,2019,2369,Male,18-22
Nigeria,Japan,Tokyo,2015,3524,Male,18-22
Vietnam,France,Lyon,2015,3266,Male,18-22
Turkey,UAE,Dubai,2019,1207,Female,23-26
India,South Korea,Seoul,2016,4714,Female,18-22
Bangladesh,Finland,Helsinki,2024,642,Male,18-22
Nigeria,Singapore,Singapore,2016,3021,Male,18-22
Nepal,India,Mumbai,2016,849,Male,27+
Pakistan,India,Delhi,2019,1062,Female,27+
Bangladesh,Spain,Barcelona,2023,2514,Male,18-22
Nigeria,Russia,Moscow,2019,2680,Male,23-26
Pakistan,France,Lyon,2016,2583,Female,18-22
India,Finland,Turku,2021,1566,Female,18-22
Nepal,Sweden,Gothenburg,2021,1433,Male,18-22
Vietnam,South Africa,Johannesburg,2023,1575,Female,27+
Brazil,USA,Los Angeles,2022,7045,Female,18-22
Nepal,Sweden,Uppsala,2023,1888,Female,18-22
India,Russia,Moscow,2023,4820,Female,23-26
Kenya,Ireland,Dublin,2021,740,Male,18-22
Pakistan,Netherlands,Eindhoven,2018,1768,Male,18-22
Bangladesh,Italy,Milan,2019,2190,Female,18-22
Pakistan,France,Paris,2015,2947,Female,23-26
Turkey,Australia,Brisbane,2021,4137,Female,18-22
Vietnam,Spain,Madrid,2024,2930,Female,18-22
Nepal,India,Bangalore,2024,1262,Female,18-22
Kenya,Finland,Turku,2018,468,Male,18-22
China,South Korea,Seoul,2020,5093,Female,18-22
Bangladesh,Sweden,Stockholm,2015,1183,Female,23-26
Kenya,Canada,Toronto,2017,3155,Female,27+
Vietnam,Germany,Hamburg,2021,3257,Female,27+
Vietnam,Canada,Montreal,2020,3576,Male,18-22
China,USA,New York,2015,9823,Female,18-22
Turkey,South Korea,Seoul,2023,2437,Female,18-22
Vietnam,Sweden,Stockholm,2017,1146,Non-binary,18-22
Bangladesh,South Africa,Pretoria,2015,1468,Male,18-22
Brazil,Canada,Toronto,2023,4607,Female,23-26
Brazil,Russia,Kazan,2023,2102,Female,23-26
Kenya,Norway,Trondheim,2015,1194,Female,23-26
Kenya,Ireland,Dublin,2016,571,Female,23-26
Pakistan,Italy,Rome,2018,1849,Male,18-22
Bangladesh,Ireland,Dublin,2018,703,Male,18-22
Vietnam,Sweden,Stockholm,2017,1793,Male,23-26
Nigeria,France,Lyon,2020,5126,Male,23-26
Nigeria,UK,London,2016,5190,Female,23-26
India,UAE,Abu Dhabi,2023,2841,Female,18-22
Kenya,India,Delhi,2019,1098,Male,18-22
India,France,Paris,2024,9604,Female,23-26
Nigeria,Australia,Brisbane,2023,7229,Female,18-22
Brazil,Russia,St. Petersburg,2023,1882,Male,18-22
Nigeria,UK,London,2015,5715,Male,18-22
Turkey,USA,New York,2020,6114,Non-binary,23-26
Vietnam,Singapore,Singapore,2020,1691,Male,18-22
Vietnam,South Korea,Busan,2024,2456,Female,23-26
China,Germany,Hamburg,2021,6966,Male,18-22
Pakistan,Finland,Helsinki,2023,748,Non-binary,23-26
China,Ireland,Cork,2020,1635,Male,18-22
Nepal,Germany,Munich,2020,2348,Female,18-22
Pakistan,UK,Birmingham,2018,3523,Female,18-22
Kenya,India,Mumbai,2019,1261,Female,18-22
Bangladesh,Norway,Bergen,2015,1202,Female,18-22
Pakistan,UAE,Abu Dhabi,2018,1017,Male,18-22
Nepal,France,Lyon,2022,5240,Female,18-22
Brazil,Finland,Turku,2019,625,Male,23-26
China,USA,Los Angeles,2024,14435,Male,18-22
Nepal,Japan,Kyoto,2020,2474,Male,18-22
India,USA,Chicago,2019,15884,Female,18-22
China,Japan,Tokyo,2017,4510,Male,18-22
Pakistan,South Africa,Pretoria,2017,1829,Male,27+
Nigeria,Ireland,Galway,2020,1393,Female,18-22
India,Russia,St. Petersburg,2023,5505,Male,23-26
Nigeria,USA,Boston,2019,7433,Female,23-26
Pakistan,Australia,Sydney,2015,3252,Female,23-26
China,Norway,Bergen,2022,3249,Male,18-22
Vietnam,France,Lyon,2022,3322,Female,27+
Nepal,Ireland,Dublin,2015,586,Male,23-26
India,Spain,Valencia,2018,5137,Female,18-22
Kenya,South Korea,Daejeon,2016,2360,Male,18-22
Pakistan,France,Lyon,2023,3997,Male,27+
Pakistan,Norway,Bergen,2020,1500,Female,18-22
Vietnam,Netherlands,Eindhoven,2022,1353,Male,23-26
Turkey,UK,London,2023,5329,Male,27+
China,Netherlands,Amsterdam,2018,3549,Female,23-26
Bangladesh,Germany,Hamburg,2016,2474,Male,23-26
Nepal,UK,London,2016,3708,Male,18-22
China,Russia,Kazan,2015,2683,Female,23-26
Bangladesh,Germany,Hamburg,2024,3642,Female,23-26
Kenya,Norway,Oslo,2020,850,Female,18-22
Brazil,South Africa,Cape Town,2015,979,Female,23-26
Nepal,Canada,Toronto,2021,4142,Male,23-26
Turkey,Finland,Turku,2024,825,Female,18-22
Vietnam,Spain,Madrid,2017,1357,Male,18-22
Bangladesh,Australia,Sydney,2021,4806,Female,23-26
Brazil,Germany,Hamburg,2020,3711,Male,18-22
Nepal,Australia,Sydney,2020,4163,Female,27+
Brazil,Australia,Melbourne,2018,4552,Male,18-22
Nigeria,Canada,Montreal,2023,5898,Female,18-22
China,Netherlands,Eindhoven,2021,3970,Female,18-22
Vietnam,USA,Los Angeles,2018,5463,Female,23-26
Nepal,Singapore,Singapore,2018,1851,Female,18-22
Nepal,Finland,Helsinki,2021,733,Male,27+
Nigeria,Norway,Oslo,2018,1802,Female,23-26
Turkey,Ireland,Dublin,2021,898,Female,18-22
Nigeria,Germany,Hamburg,2015,4363,Male,18-22
Nigeria,Russia,Moscow,2020,2307,Male,23-26
Turkey,Australia,Melbourne,2018,2870,Male,18-22
China,France,Paris,2024,7612,Male,23-26
Brazil,South Africa,Johannesburg,2023,1374,Female,23-26
Kenya,Singapore,Singapore,2015,1434,Male,18-22
Brazil,Sweden,Gothenburg,2021,1930,Female,18-22
Pakistan,India,Bangalore,2017,971,Male,18-22
Vietnam,Norway,Oslo,2020,1615,Male,23-26
Nigeria,USA,New York,2020,8250,Male,23-26
Pakistan,UAE,Dubai,2019,963,Male,18-22
Kenya,UAE,Dubai,2021,963,Female,18-22
Vietnam,Sweden,Gothenburg,2022,2101,Male,18-22
Vietnam,South Africa,Cape Town,2017,1481,Female,18-22
Turkey,Germany,Munich,2015,2541,Female,23-26
Vietnam,Finland,Turku,2022,670,Female,23-26
Pakistan,Canada,Toronto,2016,3256,Female,18-22
Vietnam,Japan,Kyoto,2015,1971,Male,18-22
Vietnam,Netherlands,Eindhoven,2016,1985,Male,18-22
China,South Korea,Daejeon,2021,5165,Male,23-26
Turkey,Ireland,Dublin,2021,1133,Female,23-26
Nepal,Ireland,Cork,2022,974,Female,18-22
Vietnam,USA,Los Angeles,2015,7944,Male,18-22
Vietnam,Australia,Brisbane,2021,3852,Female,18-22
India,France,Paris,2021,7907,Female,18-22
Pakistan,Spain,Madrid,2020,2112,Male,23-26
India,Russia,Kazan,2023,4730,Female,23-26
Nigeria,Ireland,Galway,2022,1448,Female,27+
Pakistan,South Korea,Busan,2020,2445,Female,18-22
Brazil,France,Paris,2023,4003,Male,23-26
Brazil,Ireland,Dublin,2019,1144,Male,23-26
Nigeria,South Africa,Johannesburg,2016,1970,Female,18-22
Bangladesh,UK,London,2016,3142,Male,23-26
Turkey,Singapore,Singapore,2017,1607,Female,18-22
Vietnam,Germany,Frankfurt,2019,3258,Female,18-22
Brazil,India,Mumbai,2015,948,Male,23-26
Turkey,Ireland,Cork,2015,838,Female,18-22
Bangladesh,UK,Birmingham,2019,5202,Female,18-22
China,Canada,Vancouver,2021,7667,Male,18-22
Bangladesh,Finland,Turku,2023,866,Female,23-26
China,Norway,Oslo,2018,2557,Male,23-26
Vietnam,UAE,Sharjah,2021,1100,Female,23-26
Nigeria,Canada,Montreal,2017,5415,Female,18-22
Vietnam,Singapore,Singapore,2023,2271,Male,23-26
Brazil,UAE,Sharjah,2023,1049,Male,18-22
Bangladesh,India,Mumbai,2023,1379,Female,18-22
Turkey,UAE,Abu Dhabi,2016,851,Male,23-26
Turkey,France,Paris,2018,3023,Female,18-22
Pakistan,Russia,Moscow,2020,1471,Male,18-22
China,South Africa,Johannesburg,2017,2722,Male,23-26
Brazil,Italy,Milan,2018,1700,Female,23-26
Vietnam,India,Mumbai,2023,1519,Male,27+
Turkey,Russia,St. Petersburg,2021,1459,Female,18-22
Turkey,India,Delhi,2016,818,Male,18-22
Bangladesh,South Africa,Johannesburg,2022,1416,Male,18-22
Brazil,Ireland,Galway,2020,876,Female,18-22
Vietnam,Sweden,Uppsala,2022,1486,Male,18-22
Nepal,Italy,Florence,2021,2607,Male,23-26
Vietnam,Italy,Rome,2021,1895,Female,23-26
Bangladesh,Sweden,Gothenburg,2019,1984,Non-binary,27+
Vietnam,South Korea,Busan,2015,1618,Female,23-26
Nepal,Singapore,Singapore,2020,1790,Male,18-22
Nigeria,South Korea,Seoul,2017,3806,Male,23-26
India,South Korea,Busan,2018,5251,Male,27+
Pakistan,Finland,Helsinki,2015,671,Male,23-26
Nigeria,Singapore,Singapore,2019,2951,Female,23-26
Kenya,Netherlands,Eindhoven,2015,1337,Female,27+
Nepal,UAE,Dubai,2015,786,Male,18-22
Nigeria,Spain,Valencia,2019,3502,Male,18-22
Brazil,UK,London,2020,4425,Male,23-26
India,Norway,Bergen,2017,3108,Female,27+
Nepal,Singapore,Singapore,2018,1931,Male,18-22
Nepal,Japan,Kyoto,2019,2769,Female,18-22
Vietnam,India,Mumbai,2020,1313,Female,23-26
China,Sweden,Stockholm,2022,3583,Female,18-22
Kenya,France,Lyon,2019,3795,Female,23-26
Brazil,Netherlands,Amsterdam,2015,1557,Female,18-22
Nigeria,Ireland,Cork,2017,1089,Female,18-22
Brazil,Germany,Hamburg,2022,4665,Male,18-22
Nigeria,USA,Chicago,2024,10089,Female,23-26
Nepal,Canada,Montreal,2021,3937,Male,27+
China,USA,Los Angeles,2022,12805,Female,23-26
Nigeria,Finland,Turku,2024,1082,Male,18-22
Vietnam,Italy,Florence,2019,2253,Male,18-22
Turkey,Netherlands,Eindhoven,2022,2315,Female,18-22
Vietnam,Finland,Turku,2016,675,Female,18-22
Nigeria,Germany,Frankfurt,2017,4042,Male,18-22
Kenya,Germany,Berlin,2017,2614,Female,27+
Nigeria,USA,New York,2016,6701,Female,18-22
India,Canada,Vancouver,2016,7830,Male,18-22
India,Netherlands,Eindhoven,2022,4977,Male,18-22
Bangladesh,India,Delhi,2016,1286,Male,18-22
Vietnam,South Africa,Johannesburg,2016,1505,Male,23-26
Nepal,Australia,Melbourne,2017,4192,Male,18-22
Nepal,Italy,Milan,2015,1831,Female,18-22
Turkey,Russia,St. Petersburg,2024,2279,Male,18-22
Pakistan,France,Marseille,2015,2691,Female,27+
Nepal,South Korea,Daejeon,2015,1852,Female,27+
Nepal,South Africa,Cape Town,2021,1538,Male,23-26
China,India,Mumbai,2016,2089,Male,23-26
Vietnam,Finland,Tampere,2015,383,Male,23-26
Nigeria,India,Bangalore,2020,1875,Female,23-26
Nepal,Russia,Kazan,2017,1402,Female,18-22
Nepal,Singapore,Singapore,2015,1032,Female,23-26
Brazil,France,Paris,2021,3224,Female,18-22
China,Norway,Oslo,2020,2822,Male,23-26
Bangladesh,Netherlands,Rotterdam,2022,1950,Male,18-22
Vietnam,Ireland,Galway,2022,892,Male,23-26
Turkey,South Korea,Daejeon,2022,2091,Female,18-22
Pakistan,Finland,Tampere,2015,522,Male,18-22
Brazil,Australia,Brisbane,2022,5629,Male,18-22
Nepal,South Africa,Johannesburg,2017,1797,Female,18-22
Vietnam,South Africa,Johannesburg,2018,1079,Female,18-22
India,USA,New York,2016,12906,Male,23-26
Nigeria,Ireland,Galway,2020,1536,Female,18-22
Brazil,Russia,St. Petersburg,2022,1758,Female,27+
Nepal,Netherlands,Eindhoven,2019,1949,Female,23-26
Nepal,Japan,Tokyo,2024,3254,Male,23-26
Brazil,USA,New York,2018,4548,Male,23-26
Bangladesh,Germany,Frankfurt,2020,2285,Male,18-22
Kenya,Ireland,Cork,2017,634,Female,18-22
Turkey,Italy,Florence,2023,2031,Male,18-22
Bangladesh,USA,Chicago,2017,4189,Female,18-22
Nepal,Sweden,Stockholm,2018,1481,Male,18-22
Vietnam,Finland,Helsinki,2015,343,Female,27+
Kenya,UK,Manchester,2018,2783,Male,23-26
Kenya,Australia,Brisbane,2016,2502,Female,27+
Nigeria,India,Mumbai,2021,1714,Male,18-22
Pakistan,France,Paris,2019,3297,Male,23-26
Brazil,UK,Manchester,2021,5809,Female,18-22
India,Singapore,Singapore,2017,4258,Female,23-26
Kenya,USA,Boston,2022,8109,Male,18-22
Nepal,Germany,Berlin,2020,3551,Female,23-26
Brazil,Netherlands,Rotterdam,2024,2521,Male,18-22
Turkey,Norway,Oslo,2022,1330,Female,27+
India,Japan,Kyoto,2022,6875,Female,23-26
Pakistan,South Africa,Johannesburg,2024,1788,Female,23-26
Nepal,USA,New York,2021,5734,Male,23-26
Brazil,Canada,Vancouver,2024,4836,Male,23-26
China,UAE,Dubai,2020,1841,Female,23-26
China,Norway,Trondheim,2018,2516,Female,18-22
Nepal,Netherlands,Amsterdam,2023,2365,Male,23-26
Pakistan,Sweden,Gothenburg,2024,2030,Female,18-22
China,Russia,Moscow,2018,3625,Male,23-26
Kenya,USA,New York,2024,7028,Male,18-22
Vietnam,Germany,Berlin,2019,2887,Male,18-22
Nigeria,Sweden,Gothenburg,2024,2700,Female,23-26
Brazil,South Korea,Busan,2024,2599,Female,27+
Turkey,South Korea,Daejeon,2019,3020,Male,18-22
China,Singapore,Singapore,2023,4555,Male,27+
Nigeria,Germany,Frankfurt,2023,4940,Male,23-26
China,Germany,Munich,2021,7310,Female,23-26
Nepal,Canada,Montreal,2022,4006,Female,27+
Nigeria,Russia,Kazan,2021,2643,Female,23-26
Brazil,Netherlands,Amsterdam,2016,885,Female,23-26
Nepal,Sweden,Gothenburg,2024,1691,Female,18-22
Kenya,Sweden,Gothenburg,2019,1895,Male,23-26
Nigeria,Japan,Kyoto,2021,4625,Male,23-26
Bangladesh,India,Delhi,2019,1505,Female,18-22
India,Spain,Valencia,2020,6101,Female,18-22
Brazil,USA,Los Angeles,2022,5877,Male,23-26
Nigeria,Italy,Florence,2020,3636,Female,18-22
Kenya,Russia,Kazan,2017,1685,Male,27+
Bangladesh,UK,Birmingham,2015,2557,Male,23-26
Nigeria,USA,Los Angeles,2015,7310,Male,27+
China,Ireland,Galway,2020,1639,Female,18-22
India,India,Mumbai,2015,2279,Male,23-26
Nepal,Spain,Madrid,2023,2689,Male,23-26
China,Germany,Hamburg,2024,6831,Male,23-26
Turkey,USA,Boston,2022,7051,Male,18-22
Nepal,Russia,Kazan,2023,1753,Female,23-26
Vietnam,Russia,Kazan,2023,2088,Male,18-22
India,Germany,Berlin,2024,8545,Female,18-22
Turkey,Italy,Florence,2017,1679,Male,18-22
Bangladesh,Italy,Rome,2015,1611,Female,18-22
Turkey,Sweden,Gothenburg,2022,2241,Male,18-22
Kenya,Spain,Madrid,2024,2930,Female,18-22
Pakistan,UK,Birmingham,2015,4513,Male,27+
India,Netherlands,Amsterdam,2020,4516,Male,23-26
Turkey,Germany,Frankfurt,2019,2882,Female,18-22
Nigeria,Netherlands,Rotterdam,2020,3066,Male,18-22
Vietnam,Ireland,Galway,2021,903,Female,27+
India,India,Bangalore,2015,2440,Female,23-26
Turkey,France,Marseille,2021,3611,Male,23-26
China,Italy,Florence,2023,4757,Male,23-26
Bangladesh,Sweden,Uppsala,2020,1785,Male,18-22
Bangladesh,India,Delhi,2015,653,Male,18-22
Vietnam,UAE,Abu Dhabi,2022,1063,Male,18-22
Vietnam,USA,Los Angeles,2023,9719,Female,18-22
Bangladesh,Singapore,Singapore,2019,1449,Female,18-22
China,Italy,Rome,2017,3850,Male,23-26
India,UAE,Abu Dhabi,2024,3156,Female,27+
Brazil,Italy,Rome,2016,1742,Male,23-26
Pakistan,USA,Chicago,2019,7725,Female,23-26
Brazil,South Korea,Daejeon,2021,3090,Male,18-22
Nepal,Finland,Turku,2022,619,Female,18-22
Kenya,Sweden,Stockholm,2023,2410,Male,18-22
Turkey,Australia,Brisbane,2018,3683,Male,18-22
India,India,Mumbai,2015,2441,Female,18-22
Pakistan,South Africa,Pretoria,2015,1486,Male,18-22
Brazil,USA,Los Angeles,2022,5782,Female,23-26
Nigeria,Sweden,Uppsala,2023,2715,Male,27+
Nigeria,India,Bangalore,2020,1850,Male,18-22
Vietnam,Spain,Valencia,2017,2146,Male,23-26
Pakistan,Canada,Montreal,2017,3957,Male,18-22
Kenya,South Korea,Busan,2018,2797,Female,23-26
Vietnam,Singapore,Singapore,2023,2021,Male,23-26
Kenya,France,Lyon,2019,2669,Female,23-26
Bangladesh,Norway,Trondheim,2024,1665,Male,23-26
Turkey,Germany,Munich,2019,3096,Male,18-22
Vietnam,South Africa,Cape Town,2022,1806,Female,27+
Vietnam,Canada,Toronto,2015,3231,Female,18-22
Brazil,Singapore,Singapore,2020,1836,Male,23-26
Bangladesh,Finland,Helsinki,2016,550,Male,23-26
Brazil,Russia,Kazan,2017,1061,Female,18-22
Brazil,Finland,Helsinki,2021,535,Male,18-22
China,Ireland,Galway,2022,2046,Non-binary,18-22
Pakistan,Japan,Osaka,2021,3313,Female,23-26
Bangladesh,Japan,Osaka,2023,2819,Female,23-26
Vietnam,Russia,Kazan,2015,1916,Male,23-26
China,Spain,Madrid,2021,4665,Female,18-22
India,Canada,Vancouver,2021,10238,Male,18-22
India,Norway,Trondheim,2020,3916,Male,18-22
Vietnam,Spain,Barcelona,2021,2454,Male,23-26
Vietnam,India,Bangalore,2020,1164,Female,18-22
Nepal,Russia,St. Petersburg,2023,2892,Male,23-26
China,Japan,Tokyo,2017,4800,Male,23-26
India,Ireland,Galway,2020,2392,Male,23-26
China,Germany,Frankfurt,2018,5653,Female,18-22
Turkey,Netherlands,Rotterdam,2016,1646,Male,18-22
Nepal,Sweden,Gothenburg,2017,1184,Male,23-26
Kenya,Germany,Munich,2016,2605,Female,23-26
China,Canada,Montreal,2017,6891,Female,23-26
India,Singapore,Singapore,2018,4676,Female,27+
Brazil,UK,Manchester,2022,5974,Female,18-22
Turkey,France,Marseille,2023,3812,Male,23-26
Nepal,Norway,Oslo,2024,1717,Male,23-26
Bangladesh,Norway,Bergen,2022,1506,Male,18-22
Nepal,UK,Birmingham,2021,3728,Male,23-26
Nigeria,South Africa,Johannesburg,2023,2609,Female,18-22
Nigeria,Japan,Osaka,2017,4615,Female,23-26
Turkey,Netherlands,Amsterdam,2020,1525,Male,27+
Brazil,Russia,Kazan,2018,1607,Female,27+
Turkey,USA,Chicago,2018,5293,Male,23-26
Kenya,France,Paris,2024,3516,Female,18-22
Nigeria,Finland,Tampere,2018,772,Male,23-26
Bangladesh,Sweden,Stockholm,2020,1569,Female,18-22
Vietnam,UK,Birmingham,2017,2938,Female,18-22
Bangladesh,Norway,Oslo,2019,1374,Female,23-26
Vietnam,Finland,Helsinki,2023,692,Female,23-26
Bangladesh,Canada,Montreal,2020,3574,Female,18-22
Kenya,Japan,Kyoto,2021,2244,Male,18-22
Turkey,Singapore,Singapore,2021,2298,Male,18-22
Pakistan,India,Bangalore,2020,1433,Female,23-26
Turkey,Russia,Kazan,2023,2228,Female,23-26
Pakistan,France,Lyon,2020,3276,Female,23-26
Nigeria,Australia,Melbourne,2021,5702,Male,23-26
India,Australia,Brisbane,2022,10414,Female,18-22
Pakistan,Netherlands,Amsterdam,2019,1615,Male,18-22
Vietnam,UK,Birmingham,2019,2968,Male,18-22
China,Finland,Helsinki,2017,1200,Male,18-22
India,Russia,Kazan,2023,5116,Male,18-22
Turkey,Finland,Helsinki,2021,744,Female,18-22
Vietnam,Singapore,Singapore,2023,2025,Male,23-26
Nepal,France,Lyon,2021,3061,Male,23-26
India,Netherlands,Eindhoven,2022,5292,Female,18-22
Nepal,Canada,Vancouver,2017,3463,Female,18-22
Pakistan,Germany,Frankfurt,2016,2994,Non-binary,18-22
Vietnam,Canada,Montreal,2016,3869,Male,23-26
Brazil,Finland,Helsinki,2022,742,Female,18-22
Vietnam,Spain,Barcelona,2020,2028,Male,18-22
Kenya,India,Mumbai,2024,1334,Female,27+
Pakistan,Australia,Brisbane,2017,3977,Male,18-22
Nigeria,South Korea,Busan,2024,4567,Male,18-22
Nepal,Spain,Barcelona,2016,2999,Female,18-22
Vietnam,South Korea,Seoul,2018,2660,Male,18-22
China,Finland,Turku,2015,985,Male,18-22
Turkey,Ireland,Galway,2016,736,Female,18-22
India,Norway,Oslo,2020,3239,Female,18-22
Pakistan,Italy,Florence,2016,1543,Female,23-26
Nepal,UAE,Abu Dhabi,2018,876,Female,27+
Kenya,Norway,Bergen,2024,1835,Male,18-22
Nigeria,South Korea,Busan,2017,3365,Female,23-26
Nigeria,UAE,Dubai,2018,1122,Male,23-26
Bangladesh,South Africa,Pretoria,2021,1570,Male,27+
Kenya,Spain,Madrid,2016,2368,Male,18-22
Turkey,Netherlands,Rotterdam,2022,1916,Male,27+
Nigeria,Japan,Osaka,2018,3025,Male,18-22
Pakistan,UAE,Dubai,2018,756,Female,27+
Nigeria,Ireland,Dublin,2020,1283,Male,18-22
Vietnam,Spain,Barcelona,2020,2431,Female,18-22
Turkey,Japan,Osaka,2015,2991,Male,18-22
Kenya,India,Mumbai,2018,727,Female,18-22
China,Japan,Tokyo,2016,5056,Male,23-26
Bangladesh,Finland,Turku,2020,668,Female,23-26
Kenya,Canada,Toronto,2015,2369,Male,23-26
Vietnam,Spain,Madrid,2024,2630,Male,18-22
Nigeria,India,Mumbai,2021,2157,Female,23-26
Brazil,Canada,Vancouver,2018,3169,Female,23-26
Bangladesh,Japan,Osaka,2015,1923,Female,18-22
China,India,Mumbai,2021,2607,Female,27+
Pakistan,Norway,Bergen,2022,1658,Male,18-22
Nepal,France,Paris,2017,2733,Male,18-22
China,Australia,Melbourne,2021,7584,Male,18-22
Kenya,Singapore,Singapore,2023,2208,Male,18-22
Kenya,Netherlands,Amsterdam,2020,1552,Female,18-22
Kenya,Italy,Rome,2023,2466,Female,23-26
Vietnam,Norway,Oslo,2017,1309,Male,18-22
Pakistan,UAE,Abu Dhabi,2021,1098,Male,18-22
India,Finland,Helsinki,2021,1663,Male,18-22
Pakistan,Italy,Florence,2017,1858,Male,18-22
Kenya,Sweden,Uppsala,2018,1878,Male,18-22
Pakistan,Canada,Montreal,2017,2353,Female,23-26
India,Australia,Melbourne,2023,11490,Female,18-22
Pakistan,Germany,Munich,2016,2797,Male,18-22
Kenya,France,Lyon,2018,3606,Female,23-26
Bangladesh,USA,Chicago,2016,7161,Male,23-26
Vietnam,France,Lyon,2020,3195,Female,18-22
Nepal,Norway,Trondheim,2024,1594,Female,23-26
Brazil,UAE,Dubai,2024,832,Male,23-26
Kenya,South Africa,Cape Town,2021,1312,Female,23-26
Kenya,Canada,Toronto,2015,1376,Female,23-26
Nepal,Japan,Osaka,2024,3065,Male,23-26
Bangladesh,France,Marseille,2021,3256,Male,18-22
Nepal,South Africa,Johannesburg,2021,1924,Female,18-22
Vietnam,UK,London,2015,3674,Female,18-22
Bangladesh,UK,London,2023,5195,Male,18-22
China,India,Bangalore,2021,2498,Male,18-22
India,Netherlands,Amsterdam,2015,3944,Male,27+
Brazil,Finland,Helsinki,2018,621,Male,18-22
Nepal,Finland,Helsinki,2017,538,Female,18-22
India,USA,Boston,2019,14108,Female,18-22
Pakistan,France,Paris,2017,3917,Male,18-22
Kenya,Italy,Milan,2017,1863,Female,18-22
India,Sweden,Uppsala,2021,4523,Male,27+
Turkey,India,Bangalore,2022,1462,Female,18-22
China,UK,London,2023,8363,Male,23-26
Brazil,India,Mumbai,2019,877,Female,18-22
Turkey,France,Marseille,2021,3568,Female,23-26
China,UK,London,2023,9361,Male,23-26
Brazil,France,Marseille,2019,3032,Male,27+
Bangladesh,Australia,Sydney,2020,3594,Male,18-22
Brazil,India,Bangalore,2024,1400,Male,23-26
Nigeria,UAE,Dubai,2022,1668,Female,18-22
Kenya,Singapore,Singapore,2017,1492,Male,23-26
Bangladesh,Finland,Tampere,2022,649,Male,18-22
Vietnam,Germany,Hamburg,2023,3716,Female,18-22
Nigeria,France,Marseille,2016,4513,Female,23-26
Nepal,South Africa,Johannesburg,2018,1288,Female,18-22
Nigeria,Norway,Oslo,2023,2288,Female,18-22
Kenya,Australia,Brisbane,2018,3436,Male,18-22
Nigeria,Italy,Rome,2020,3456,Non-binary,18-22
Pakistan,Spain,Barcelona,2023,2971,Female,23-26
Kenya,Sweden,Gothenburg,2015,1272,Male,18-22
Nigeria,Canada,Toronto,2020,5697,Female,23-26
Vietnam,South Africa,Pretoria,2024,1573,Male,18-22
Vietnam,Ireland,Dublin,2018,865,Female,27+
Kenya,Russia,Kazan,2021,2162,Female,18-22
India,UK,Birmingham,2015,8240,Male,18-22
Bangladesh,Australia,Melbourne,2015,2537,Male,23-26
Vietnam,Sweden,Gothenburg,2023,2002,Male,27+
Vietnam,Sweden,Stockholm,2015,1516,Male,18-22
Pakistan,Norway,Oslo,2016,1242,Female,18-22
China,South Korea,Daejeon,2022,5383,Non-binary,18-22
Brazil,Netherlands,Eindhoven,2024,1690,Male,23-26
Turkey,Sweden,Uppsala,2020,1543,Male,18-22
Bangladesh,Italy,Florence,2015,2355,Female,18-22
India,Singapore,Singapore,2020,5461,Male,18-22
Bangladesh,France,Lyon,2016,2246,Male,27+
China,Singapore,Singapore,2018,3647,Male,27+
Nepal,USA,Boston,2021,6139,Female,27+
China,Norway,Bergen,2015,2115,Male,23-26
India,Australia,Melbourne,2020,10156,Non-binary,18-22
Turkey,Italy,Rome,2023,2790,Male,18-22
Kenya,USA,Los Angeles,2020,6663,Male,18-22
China,Ireland,Cork,2019,1544,Female,23-26
Nigeria,France,Paris,2015,3513,Female,23-26
Bangladesh,Spain,Barcelona,2017,2614,Male,23-26
Bangladesh,Japan,Osaka,2021,3066,Male,18-22
Nepal,Italy,Rome,2019,2387,Female,18-22
Brazil,India,Delhi,2022,1241,Male,18-22
Turkey,Italy,Milan,2022,2078,Male,18-22
Turkey,Russia,St. Petersburg,2016,1349,Female,23-26
China,Canada,Vancouver,2023,9486,Female,18-22
Nigeria,UAE,Dubai,2019,1518,Female,18-22
Pakistan,France,Marseille,2020,3681,Female,18-22
Turkey,South Africa,Johannesburg,2017,1606,Female,18-22
Turkey,South Africa,Cape Town,2017,1454,Male,18-22
Nigeria,Germany,Hamburg,2020,5457,Male,18-22
India,Australia,Melbourne,2018,8896,Female,18-22
China,South Korea,Busan,2015,4027,Male,27+
India,Ireland,Cork,2019,2170,Male,18-22
India,Finland,Helsinki,2015,1336,Male,18-22
Kenya,Spain,Barcelona,2019,2130,Male,23-26
Pakistan,Japan,Kyoto,2015,3217,Female,18-22
Nepal,UAE,Sharjah,2022,755,Male,23-26
